-- phpMyAdmin SQL Dump
-- version 5.0.1
-- https://www.phpmyadmin.net/
--
-- Host: 127.0.0.1
-- Generation Time: Apr 27, 2020 at 05:04 PM
-- Server version: 10.4.11-MariaDB
-- PHP Version: 7.2.28

SET SQL_MODE = "NO_AUTO_VALUE_ON_ZERO";
SET AUTOCOMMIT = 0;
START TRANSACTION;
SET time_zone = "+00:00";


/*!40101 SET @OLD_CHARACTER_SET_CLIENT=@@CHARACTER_SET_CLIENT */;
/*!40101 SET @OLD_CHARACTER_SET_RESULTS=@@CHARACTER_SET_RESULTS */;
/*!40101 SET @OLD_COLLATION_CONNECTION=@@COLLATION_CONNECTION */;
/*!40101 SET NAMES utf8mb4 */;

--
-- Database: `petty`
--

-- --------------------------------------------------------

--
-- Table structure for table `discountproduct`
--

CREATE TABLE `discountproduct` (
  `discountID` int(11) NOT NULL,
  `productCode` int(10) NOT NULL,
  `discountRate` int(2) NOT NULL,
  `startTime` date NOT NULL,
  `endTime` date NOT NULL
) ENGINE=InnoDB DEFAULT CHARSET=utf8;

--
-- Dumping data for table `discountproduct`
--

INSERT INTO `discountproduct` (`discountID`, `productCode`, `discountRate`, `startTime`, `endTime`) VALUES
(1, 10007, 2, '2019-08-06', '2019-09-06'),
(2, 10010, 5, '2019-08-03', '2019-09-03'),
(3, 10022, 10, '2019-10-01', '2019-11-01'),
(4, 10017, 5, '2019-10-13', '2019-11-13'),
(5, 10021, 2, '2019-09-01', '2019-09-10'),
(6, 10025, 2, '2019-08-15', '2019-08-25'),
(7, 10029, 4, '2019-12-01', '2020-01-01'),
(8, 10030, 3, '2019-07-15', '2019-08-15'),
(9, 10031, 8, '2019-06-30', '2019-07-31'),
(10, 10032, 7, '2019-09-20', '2019-10-20'),
(11, 10033, 2, '2019-10-01', '2019-11-01'),
(12, 10035, 5, '2019-08-03', '2019-09-07'),
(13, 10036, 3, '2019-11-01', '2020-01-01'),
(14, 10038, 10, '2019-10-01', '2019-11-01'),
(15, 10039, 5, '2019-10-13', '2019-11-13'),
(16, 10040, 2, '2019-09-01', '2019-09-10'),
(17, 10041, 2, '2019-08-15', '2019-08-25'),
(18, 10042, 4, '2019-12-01', '2020-01-01'),
(19, 10045, 3, '2019-07-15', '2019-08-15'),
(20, 10046, 8, '2019-06-30', '2019-07-31'),
(21, 10049, 7, '2019-09-20', '2019-10-20'),
(22, 10050, 2, '2019-10-01', '2019-11-01'),
(23, 10051, 5, '2019-08-03', '2019-09-07'),
(24, 10056, 3, '2019-11-01', '2020-01-01'),
(25, 10058, 10, '2019-10-01', '2019-11-01'),
(26, 10060, 5, '2019-10-13', '2019-11-13'),
(27, 10061, 2, '2019-09-01', '2019-09-10'),
(28, 10062, 2, '2019-08-15', '2019-08-25'),
(29, 10064, 4, '2019-12-01', '2020-01-01'),
(30, 10070, 3, '2019-07-15', '2019-08-15'),
(31, 10066, 8, '2019-06-30', '2019-07-31'),
(32, 10069, 7, '2019-09-20', '2019-10-20'),
(33, 10059, 2, '2019-10-01', '2019-11-01'),
(34, 10063, 5, '2019-08-03', '2019-09-07'),
(35, 10065, 3, '2019-11-01', '2020-01-01'),
(36, 10073, 2, '2019-12-01', '2020-01-10'),
(37, 10077, 5, '2020-01-13', '2020-02-13'),
(38, 10087, 2, '2020-01-05', '2020-01-19'),
(39, 10096, 2, '2020-02-15', '2020-03-25'),
(40, 10074, 4, '2020-01-01', '2020-01-31'),
(41, 10075, 3, '2020-02-20', '2020-03-03'),
(42, 10093, 8, '2020-01-30', '2020-02-29'),
(43, 10097, 7, '2020-02-20', '2020-03-15'),
(44, 10031, 2, '2020-01-18', '2020-02-02'),
(45, 10040, 5, '2020-02-02', '2020-02-20'),
(46, 10032, 3, '2020-01-01', '2020-01-11'),
(47, 10274, 2, '2019-12-01', '2020-01-10'),
(48, 10259, 5, '2020-01-13', '2020-02-13'),
(49, 10254, 2, '2020-01-05', '2020-01-19'),
(50, 10218, 2, '2020-02-15', '2020-03-25'),
(51, 10219, 4, '2020-01-01', '2020-01-31'),
(52, 10223, 3, '2020-02-20', '2020-03-03'),
(53, 10226, 8, '2020-01-30', '2020-02-29'),
(54, 10201, 7, '2020-02-20', '2020-03-15'),
(55, 10176, 2, '2020-01-18', '2020-02-02'),
(56, 10182, 5, '2020-02-02', '2020-02-20'),
(57, 10187, 15, '2020-01-01', '2020-01-11'),
(58, 10112, 2, '2020-03-01', '2020-03-15'),
(59, 10114, 5, '2020-02-13', '2020-03-13'),
(60, 10124, 2, '2020-03-05', '2020-03-19'),
(61, 10125, 2, '2020-03-15', '2020-03-31'),
(62, 10134, 4, '2020-03-02', '2020-04-03'),
(63, 10136, 3, '2020-03-20', '2020-04-20'),
(64, 10137, 8, '2020-04-01', '2020-04-14'),
(65, 10156, 7, '2020-03-20', '2020-04-04'),
(66, 10157, 2, '2020-03-03', '2020-04-04'),
(67, 10160, 5, '2020-03-02', '2020-03-20'),
(68, 10234, 3, '2020-03-01', '2020-03-30'),
(69, 10235, 2, '2020-04-01', '2020-04-15'),
(70, 10313, 2, '2020-03-01', '2020-03-15'),
(71, 10293, 5, '2020-02-13', '2020-03-13'),
(72, 10292, 2, '2020-03-05', '2020-03-19'),
(73, 10291, 2, '2020-03-15', '2020-03-31'),
(74, 10290, 4, '2020-03-02', '2020-04-03'),
(75, 10289, 3, '2020-03-20', '2020-04-20'),
(76, 10288, 8, '2020-04-01', '2020-04-14'),
(77, 10287, 7, '2020-03-20', '2020-04-04'),
(78, 10286, 2, '2020-03-03', '2020-04-04'),
(79, 10283, 5, '2020-03-02', '2020-03-20'),
(80, 10282, 3, '2020-03-01', '2020-03-30'),
(81, 10281, 2, '2020-04-01', '2020-04-15'),
(82, 10278, 3, '2020-03-01', '2020-04-01'),
(83, 10276, 7, '2020-03-04', '2020-04-01'),
(84, 10274, 5, '2020-03-05', '2020-04-15'),
(85, 10273, 6, '2020-03-02', '2020-04-01'),
(86, 10263, 8, '2020-03-01', '2020-04-20'),
(87, 10244, 2, '2020-03-01', '2020-03-15'),
(88, 10243, 5, '2020-02-13', '2020-03-13'),
(89, 10242, 2, '2020-03-05', '2020-03-19'),
(90, 10241, 2, '2020-03-15', '2020-03-31'),
(91, 10240, 4, '2020-03-02', '2020-04-03'),
(92, 10238, 3, '2020-03-20', '2020-04-20'),
(93, 10237, 8, '2020-04-01', '2020-04-14'),
(94, 10236, 7, '2020-03-20', '2020-04-04'),
(95, 10235, 2, '2020-03-03', '2020-04-04'),
(96, 10231, 5, '2020-03-02', '2020-03-20'),
(97, 10234, 3, '2020-03-01', '2020-03-30'),
(98, 10233, 2, '2020-04-01', '2020-04-15'),
(99, 10202, 3, '2020-03-01', '2020-04-01'),
(100, 10199, 7, '2020-03-04', '2020-04-01'),
(101, 10196, 5, '2020-03-05', '2020-04-15'),
(102, 10191, 6, '2020-03-02', '2020-04-01'),
(103, 10194, 8, '2020-03-01', '2020-04-20');

-- --------------------------------------------------------

--
-- Table structure for table `employees`
--

CREATE TABLE `employees` (
  `employeeNumber` int(10) NOT NULL,
  `employeeName` varchar(50) NOT NULL,
  `gender` enum('Nam','Nữ') NOT NULL,
  `email` varchar(30) NOT NULL,
  `phoneNumber` varchar(11) NOT NULL,
  `address` varchar(20) NOT NULL
) ENGINE=InnoDB DEFAULT CHARSET=utf8mb4;

--
-- Dumping data for table `employees`
--

INSERT INTO `employees` (`employeeNumber`, `employeeName`, `gender`, `email`, `phoneNumber`, `address`) VALUES
(100, 'Ngô Văn An', 'Nam', 'ngovanan182000@gmail.com', '0961031685', 'Hải Dương'),
(101, 'Nguyễn Tấn Việt Anh', 'Nam', 'songokucadic1432@gmail.com', '0915418659', 'Nam Định'),
(102, 'Phạm Đức Anh', 'Nam', 'ducanhfo3888@gmail.com', '0335229871', 'Nam Định'),
(103, 'Phan Bắc', 'Nam', 'phanbac3042000@gmail.com', '0374688825', 'Hà Nội'),
(104, 'Đỗ Minh Bằng', 'Nam', 'cubangso1@gmail.com', '0868793800', 'Hải Dương'),
(105, 'Nguyễn Ngọc Chi', 'Nữ', 'nguyenngocc0800@gmail.com', '0393008335', 'Hà Nội'),
(106, 'Đỗ Văn Chinh', 'Nam', 'dochinhthtn@gmail.com', '0823688819', 'Thái Bình'),
(107, 'Lê Văn Cường', 'Nam', 'levancuong1122000@gmail.com', '0911130699', 'Lào Cai'),
(108, 'Lê Anh Dũng', 'Nam', 'ichiroukeita2910@gmail.com', '0354429302', 'Bắc Ninh'),
(109, 'Nguyễn Mạnh Dũng', 'Nam', 'dungnht2209@gmail.com', '0366065647', 'Hải Phòng'),
(110, 'Phạm Mạnh Dũng', 'Nam', 'manhdung22122000@gmail.com', '0386927715', 'Hải Phòng'),
(111, 'Lương Thế Đại', 'Nam', 'luongdai246@gmail.com', '0975407559', 'Hà Nội'),
(112, 'Nguyễn Thành Đạt', 'Nam', 'thanhdat262000@gmail.com', '0966998657', 'Hải Phòng'),
(113, 'Bùi Đăng Đức', 'Nam', 'suytchetvigai1234@gmail.com', '0354830236', 'Thái Bình'),
(114, 'Trần Mạnh Đức', 'Nam', 'lovemai16102000@gmail.com', '0964875742', 'Hà Nội'),
(115, 'Hoàng Văn Giáp', 'Nam', 'giapdz104@gmail.com', '0168327189', 'Thái Bình'),
(116, 'Nguyễn Xuân Hòa', 'Nam', 'hesheng1910@gmail.com', '0377423652', 'Quảng Ninh'),
(117, 'Đào Minh Hoàn', 'Nữ', 'daominhhoanvbhp@gmail.com', '0352747988', 'Bắc Giang'),
(118, 'Đinh Lê Hoàng', 'Nam', 'hoangchiena2k28@gmail.com', '0393400378', 'Thanh Hóa'),
(119, 'Đoàn Văn Huy', 'Nam', 'doanvanhuy0907@gmail.com', '0368310864', 'Hà Nội'),
(120, 'Bùi Xuân Khải', 'Nam', 'khaibui@gmail.com', '0355678986', 'Hà Nội'),
(121, 'Cù Phúc Khang', 'Nam', 'phuckhang2k@gmail.com', '0872345678', 'Nam Định'),
(122, 'Nguyễn Đức Khôi', 'Nam', 'duckhoi2000bg@gmail.com', '0962462692', 'Hà Nội'),
(123, 'Đào Trung Kiên', 'Nam', 'rongconduoipho@gmail.com', '0793339936', 'Hà Nội'),
(124, 'Nguyễn Xuân Lâm', 'Nam', 'nguyenxuanlam.nguyen2000@gmail', '0813823928', 'Nam Định'),
(125, 'Nguyễn Tuấn Kiệt', 'Nam', 'ntk1527@gmail.com', '0949210315', 'Hà Nội'),
(126, 'Phạm Ngọc Linh', 'Nữ', 'linhpn2402@gmail.com', '0941989326', 'Hà Nội'),
(127, 'Ngô Xuân Long', 'Nam', 'ngoxuanlong2210@gmail.com', '0966643501', 'Nghệ An'),
(128, 'Nguyễn Cao Bảo Long', 'Nam', 'baolongcao@gmail.com', '0252467394', 'Vĩnh Phúc'),
(129, 'Nguyễn Ngọc Long', 'Nam', 'longk63uet@gmail.com', '0922372819', 'Ninh Bình'),
(130, 'Nguyễn Xuân Lộc', 'Nam', 'nguyenxuanlocnt14071102@gmail.', '0376061278', 'Hà Nội'),
(131, 'Nguyễn Đồng Lực', 'Nam', 'lucnguyenxk@gmail.com', '0337271359', 'Nam Định'),
(132, 'Phùng Quốc Mạnh', 'Nam', 'kunpro1st@gmail.com', '0984789513', 'Hà Nội'),
(133, 'Trần Khánh Minh', 'Nam', 'thevsd27@gmail.com', '0918292870', 'Bắc Ninh'),
(134, 'Nguyễn Đăng Nam', 'Nam', 'Nguyendangnam257@gmail.com', '0868236239', 'Hà Tĩnh'),
(135, 'Nguyễn Thành Nam', 'Nam', 'kidpooh2k@gmail.com', '0379900189', 'Hải Dương'),
(136, 'Trịnh Thị Nga', 'Nữ', 'ttntrinhnga@gmail.com', '0975109203', 'Nghệ An'),
(137, 'Phạm Thị Bích Ngọc', 'Nữ', 'phamngoclyo2k@gmail.com', '0702052392', 'Hà Nội'),
(138, 'Tạ Quang Ngọc', 'Nam', 'taquanngoc. hh3@gmail.com', '0969008527', 'Thái Bình'),
(139, 'Vương Tuấn Sơn', 'Nam', 'tuansonvuong@gmail.com', '0972759616', 'Hải Dương'),
(140, 'Phạm Như Thiên Tân', 'Nam', 'thientan0401@gmail.com', '0834106012', 'Hà Nam'),
(141, 'Nguyễn Phương Thảo', 'Nữ', 'tabitabi305@gmail.com', '0355847056', 'Thanh Hóa'),
(142, 'Phạm Quang Thịnh', 'Nam', 'pqthinh@gmail.com', '0866564502', 'Thái Bình'),
(143, 'Nguyễn Trọng Thường', 'Nam', 'trongthuong@gmail.com', '0934672864', 'Thái Bình'),
(144, 'Nguyễn Đức Tới', 'Nam', 'nguyenductoi8920@gmail.com', '0983298920', 'Nam Định'),
(145, 'Vũ Thành Trung', 'Nam', 'trungvuthanhvip1991@gmail.com', '0799042118', 'Hà Nội'),
(146, 'Đàm Anh Tuấn', 'Nam', 'tuandyniel@gmail.com', '0582173989', 'Thanh Hoá'),
(147, 'Nguyễn Anh Tuấn', 'Nam', 'anhtuannbpl@gmail.com', '0387479643', 'Bắc Giang'),
(148, 'Nguyễn Công Thuận', 'Nam', 'thuantl012@gmail.com', '0398866134', 'Hà Nội'),
(149, 'Nguyễn Cẩm Tú', 'Nữ', 'camtun@gmail.com', '0326849368', 'Hà Nội'),
(150, 'Nguyễn Tuấn Kiệt', 'Nam', 'ntk1527@gmail.com', '0949210315', 'Hà Nội');

-- --------------------------------------------------------

--
-- Table structure for table `orderproducts`
--

CREATE TABLE `orderproducts` (
  `orderNumber` int(10) NOT NULL,
  `orderDate` date NOT NULL,
  `ID` int(10) NOT NULL,
  `requiredDate` date DEFAULT NULL,
  `shippedDate` date DEFAULT NULL,
  `status` text DEFAULT NULL,
  `comments` text DEFAULT NULL
) ENGINE=InnoDB DEFAULT CHARSET=utf8mb4;

--
-- Dumping data for table `orderproducts`
--

INSERT INTO `orderproducts` (`orderNumber`, `orderDate`, `ID`, `requiredDate`, `shippedDate`, `status`, `comments`) VALUES
(1000, '2019-01-10', 10000, '2019-01-14', '2019-01-13', 'Đã giao và đúng hạn', 'Sản phẩm tốt'),
(1001, '2019-07-03', 10001, '2019-07-07', '2019-07-06', 'Đã giao và đúng hạn', 'Sản phẩm không như hình'),
(1002, '2019-01-15', 10002, '2019-01-19', '2019-01-18', 'Đã giao và đúng hạn', 'Giao hàng nhanh nhưng sản phẩm chưa tốt'),
(1003, '2019-07-22', 10003, NULL, NULL, NULL, 'Nhân viên nhiệt tình'),
(1004, '2019-04-30', 10004, NULL, NULL, NULL, 'Nhân viên thô lỗ'),
(1005, '2019-11-06', 10005, NULL, NULL, NULL, 'Dịch vụ kém'),
(1006, '2019-01-31', 10006, NULL, NULL, NULL, 'Dịch vụ tốt'),
(1007, '2019-07-18', 10007, '2019-07-22', '2019-07-21', 'Đã giao và quá hạn', 'Giao hàng chậm nhưng sản phẩm tốt'),
(1008, '2019-08-09', 10008, '2019-08-13', '2019-08-12', 'Chưa giao và quá hạn', 'Shipper giao hàng quá chậm'),
(1009, '2019-07-09', 10009, '2019-07-13', '2019-07-12', 'Chưa giao', NULL),
(1010, '2019-12-24', 10010, NULL, NULL, NULL, 'Sản phẩm tốt'),
(1011, '2019-12-27', 10011, NULL, NULL, NULL, 'Rất hài lòng'),
(1012, '2019-01-15', 10012, NULL, NULL, NULL, 'Dịch vụ tốt'),
(1013, '2019-10-06', 10013, NULL, NULL, NULL, 'Nhân viên nhiệt tình'),
(1014, '2019-08-24', 10014, '2019-08-28', '1899-12-30', 'Chưa giao', 'Shipper giao hàng quá chậm'),
(1015, '2019-07-29', 10015, '2019-08-02', '2019-08-01', 'Đã giao và đúng hạn', NULL),
(1016, '2019-01-26', 10016, '2019-01-30', '2019-01-29', 'Đã giao và đúng hạn', NULL),
(1017, '2019-04-16', 10017, NULL, NULL, NULL, 'Nhân viên nhiệt tình'),
(1018, '2019-09-09', 10018, NULL, NULL, NULL, 'Nhân viên thô lỗ'),
(1019, '2019-09-29', 10019, NULL, NULL, NULL, 'Dịch vụ tốt'),
(1020, '2019-03-28', 10020, NULL, NULL, NULL, 'Dịch vụ tốt'),
(1021, '2019-04-07', 10021, '2019-04-11', NULL, 'Chưa giao', 'Shipper giao hàng quá chậm'),
(1022, '2019-05-20', 10022, '2019-05-24', '2019-05-23', 'Đã giao và đúng hạn', NULL),
(1023, '2019-04-22', 10023, '2019-04-26', '2019-04-25', 'Đã giao và đúng hạn', NULL),
(1024, '2019-09-03', 10024, NULL, NULL, NULL, 'Sản phẩm tốt'),
(1025, '2019-08-23', 10025, NULL, NULL, NULL, 'Sản phẩm tốt'),
(1026, '2019-07-25', 10026, NULL, NULL, NULL, 'Sản phẩm tốt'),
(1027, '2019-05-16', 10027, NULL, NULL, NULL, 'Sản phẩm tốt'),
(1028, '2019-09-30', 10028, '2019-10-04', NULL, 'Chưa giao', 'Shipper giao hàng quá chậm'),
(1029, '2019-12-20', 10029, '2019-12-24', '2019-12-23', 'Đã giao và đúng hạn', NULL),
(1030, '2019-04-02', 10030, '2019-04-06', '2019-04-05', 'Đã giao và đúng hạn', NULL),
(1031, '2019-06-04', 10031, NULL, NULL, NULL, 'Nhân viên nhiệt tình'),
(1032, '2019-10-26', 10032, NULL, NULL, NULL, 'Nhân viên nhiệt tình'),
(1033, '2019-04-06', 10033, NULL, NULL, NULL, 'Nhân viên nhiệt tình'),
(1034, '2019-11-17', 10034, NULL, NULL, NULL, 'Nhân viên nhiệt tình'),
(1035, '2019-04-11', 10035, '2019-04-15', NULL, 'Chưa giao', 'Shipper giao hàng quá chậm'),
(1036, '2019-12-10', 10036, '2019-12-14', '2019-12-13', 'Đã giao và đúng hạn', NULL),
(1037, '2019-01-22', 10037, '2019-01-26', '2019-01-25', 'Đã giao và đúng hạn', NULL),
(1038, '2019-03-16', 10038, NULL, NULL, NULL, 'Dịch vụ tốt'),
(1039, '2019-01-15', 10039, NULL, NULL, NULL, 'Dịch vụ tốt'),
(1040, '2019-12-11', 10040, NULL, NULL, NULL, 'Nhân viên thô lỗ'),
(1041, '2019-10-07', 10041, NULL, NULL, NULL, 'Nhân viên thô lỗ'),
(1042, '2019-05-30', 10042, '2019-06-03', NULL, 'Chưa giao', NULL),
(1043, '2019-08-17', 10043, '2019-08-21', '2019-08-20', 'Đã giao và đúng hạn', NULL),
(1044, '2019-09-01', 10044, '2019-09-05', '2019-09-04', 'Đã giao và đúng hạn', NULL),
(1045, '2019-10-08', 10045, NULL, NULL, NULL, 'Rất hài lòng'),
(1046, '2019-06-19', 10046, NULL, NULL, NULL, 'Rất hài lòng'),
(1047, '2019-06-01', 10047, NULL, NULL, NULL, 'Rất hài lòng'),
(1048, '2019-09-17', 10048, NULL, NULL, NULL, 'Rất hài lòng'),
(1049, '2019-12-21', 10049, '2019-12-25', NULL, 'Chưa giao', NULL),
(1050, '2019-12-13', 10050, '2019-12-17', '2019-12-16', 'Đã giao và đúng hạn', NULL),
(1051, '2019-09-27', 10051, '2019-10-01', '2019-09-30', 'Đã giao và đúng hạn', NULL),
(1052, '2019-09-09', 10052, NULL, NULL, NULL, 'Nhân viên nhiệt tình'),
(1053, '2019-03-04', 10053, NULL, NULL, NULL, 'Nhân viên thô lỗ'),
(1054, '2019-09-09', 10054, NULL, NULL, NULL, 'Sản phẩm tốt'),
(1055, '2019-05-29', 10055, NULL, NULL, NULL, 'Rất hài lòng'),
(1056, '2019-10-25', 10056, '2019-10-29', NULL, 'Chưa giao', NULL),
(1057, '2019-01-15', 10057, '2019-01-19', '2019-01-18', 'Đã giao và đúng hạn', NULL),
(1058, '2019-03-02', 10058, '2019-03-06', '2019-03-05', 'Đã giao và đúng hạn', NULL),
(1059, '2019-04-02', 10059, NULL, NULL, NULL, 'Sản phẩm tốt'),
(1060, '2019-03-03', 10060, NULL, NULL, NULL, 'Rất hài lòng'),
(1061, '2019-09-28', 10061, NULL, NULL, NULL, 'Dịch vụ kém'),
(1062, '2019-12-17', 10062, NULL, NULL, NULL, 'Dịch vụ tốt'),
(1063, '2019-04-27', 10063, '2019-05-01', NULL, 'Chưa giao', NULL),
(1064, '2019-03-11', 10064, '2019-03-15', '2019-03-14', 'Đã giao và đúng hạn', NULL),
(1065, '2019-12-02', 10065, '2019-12-06', '2019-12-05', 'Đã giao và đúng hạn', NULL),
(1066, '2019-11-19', 10066, NULL, NULL, NULL, 'Sản phẩm tốt'),
(1067, '2019-09-11', 10067, NULL, NULL, NULL, 'Rất hài lòng'),
(1068, '2019-04-12', 10068, NULL, NULL, NULL, 'Dịch vụ kém'),
(1069, '2019-05-18', 10069, NULL, NULL, NULL, 'Dịch vụ tốt'),
(1070, '2019-05-01', 10070, '2019-05-05', NULL, 'Chưa giao', NULL),
(1071, '2019-07-10', 10071, '2019-07-14', '2019-07-13', 'Đã giao và đúng hạn', NULL),
(1072, '2019-05-17', 10072, '2019-05-21', '2019-05-20', 'Đã giao và đúng hạn', NULL),
(1073, '2019-10-23', 10073, NULL, NULL, NULL, 'Nhân viên nhiệt tình'),
(1074, '2019-10-04', 10074, NULL, NULL, NULL, 'Nhân viên thô lỗ'),
(1075, '2019-09-23', 10075, NULL, NULL, NULL, 'Sản phẩm tốt'),
(1076, '2019-09-02', 10076, NULL, NULL, NULL, 'Rất hài lòng'),
(1077, '2019-07-23', 10077, '2019-07-27', NULL, 'Chưa giao', NULL),
(1078, '2019-01-18', 10078, '2019-01-22', '2019-01-21', 'Đã giao và đúng hạn', NULL),
(1079, '2019-02-21', 10079, '2019-02-25', '2019-02-24', 'Đã giao và đúng hạn', NULL),
(1080, '2019-02-02', 10080, NULL, NULL, NULL, 'Sản phẩm tốt'),
(1081, '2019-11-20', 10081, NULL, NULL, NULL, 'Rất hài lòng'),
(1082, '2019-01-16', 10082, NULL, NULL, NULL, 'Dịch vụ kém'),
(1083, '2019-09-07', 10083, NULL, NULL, NULL, 'Dịch vụ tốt'),
(1084, '2019-11-16', 10084, '2019-11-20', NULL, 'Chưa giao', NULL),
(1085, '2019-09-04', 10085, '2019-09-08', '2019-09-07', 'Đã giao và đúng hạn', NULL),
(1086, '2019-05-19', 10086, '2019-05-23', '2019-05-22', 'Đã giao và đúng hạn', NULL),
(1087, '2019-11-08', 10087, NULL, NULL, NULL, 'Nhân viên nhiệt tình'),
(1088, '2019-11-28', 10088, NULL, NULL, NULL, 'Nhân viên thô lỗ'),
(1089, '2019-04-15', 10089, NULL, NULL, NULL, 'Sản phẩm tốt'),
(1090, '2019-11-16', 10090, NULL, NULL, NULL, 'Rất hài lòng'),
(1091, '2019-06-10', 10091, '2019-06-14', NULL, 'Chưa giao', NULL),
(1092, '2019-09-18', 10092, '2019-09-22', '2019-09-21', 'Đã giao và đúng hạn', NULL),
(1093, '2019-02-18', 10093, '2019-02-22', '2019-02-21', 'Đã giao và đúng hạn', NULL),
(1094, '2019-01-04', 10094, NULL, NULL, NULL, 'Sản phẩm tốt'),
(1095, '2019-12-07', 10095, NULL, NULL, NULL, 'Rất hài lòng'),
(1096, '2019-05-10', 10096, NULL, NULL, NULL, 'Dịch vụ kém'),
(1097, '2019-12-28', 10097, NULL, NULL, NULL, 'Dịch vụ tốt'),
(1098, '2019-06-02', 10098, '2019-06-06', NULL, 'Chưa giao', NULL),
(1099, '2019-04-20', 10099, '2019-04-24', '2019-04-23', 'Đã giao và đúng hạn', NULL),
(1100, '2019-05-09', 10100, '2019-05-13', '2019-05-12', 'Đã giao và đúng hạn', NULL),
(1101, '2019-05-04', 10101, NULL, NULL, NULL, 'Sản phẩm tốt'),
(1102, '2019-10-14', 10102, NULL, NULL, NULL, 'Rất hài lòng'),
(1103, '2019-12-23', 10103, NULL, NULL, NULL, 'Dịch vụ kém'),
(1104, '2019-06-03', 10104, NULL, NULL, NULL, 'Dịch vụ tốt'),
(1105, '2019-08-08', 10105, '2019-08-12', NULL, 'Chưa giao', NULL),
(1106, '2019-02-16', 10106, '2019-02-20', '2019-02-19', 'Đã giao và đúng hạn', NULL),
(1107, '2019-05-20', 10107, '2019-05-24', '2019-05-23', 'Đã giao và đúng hạn', NULL),
(1108, '2019-09-22', 10108, NULL, NULL, NULL, 'Nhân viên nhiệt tình'),
(1109, '2019-08-02', 10109, NULL, NULL, NULL, 'Nhân viên thô lỗ'),
(1110, '2019-05-03', 10110, NULL, NULL, NULL, 'Sản phẩm tốt'),
(1111, '2019-06-24', 10111, NULL, NULL, NULL, 'Rất hài lòng'),
(1112, '2019-04-05', 10112, '2019-04-09', NULL, 'Chưa giao', NULL),
(1113, '2019-06-16', 10113, '2019-06-20', '2019-06-19', 'Đã giao và đúng hạn', NULL),
(1114, '2019-06-11', 10114, '2019-06-15', '2019-06-14', 'Đã giao và đúng hạn', NULL),
(1115, '2019-03-26', 10115, NULL, NULL, NULL, 'Sản phẩm tốt'),
(1116, '2019-06-05', 10116, NULL, NULL, NULL, 'Rất hài lòng'),
(1117, '2019-07-15', 10117, NULL, NULL, NULL, 'Dịch vụ kém'),
(1118, '2019-11-17', 10118, NULL, NULL, NULL, 'Dịch vụ tốt'),
(1119, '2019-12-20', 10119, '2019-12-24', NULL, 'Chưa giao', NULL),
(1120, '2019-11-22', 10120, '2019-11-26', '2019-11-25', 'Đã giao và đúng hạn', NULL),
(1121, '2019-12-08', 10121, '2019-12-12', '2019-12-11', 'Đã giao và đúng hạn', NULL),
(1122, '2019-05-07', 10122, NULL, NULL, NULL, 'Sản phẩm tốt'),
(1123, '2019-09-02', 10123, NULL, NULL, NULL, 'Rất hài lòng'),
(1124, '2019-10-18', 10124, NULL, NULL, NULL, 'Dịch vụ kém'),
(1125, '2019-10-19', 10125, NULL, NULL, NULL, 'Dịch vụ tốt'),
(1126, '2019-08-13', 10126, '2019-08-17', NULL, 'Chưa giao', NULL),
(1127, '2019-09-02', 10127, '2019-09-06', '2019-09-05', 'Đã giao và đúng hạn', NULL),
(1128, '2019-07-16', 10128, '2019-07-20', '2019-07-19', 'Đã giao và đúng hạn', NULL),
(1129, '2019-07-16', 10129, NULL, NULL, NULL, 'Nhân viên nhiệt tình'),
(1130, '2019-12-29', 10130, NULL, NULL, NULL, 'Nhân viên thô lỗ'),
(1131, '2019-10-03', 10131, NULL, NULL, NULL, 'Sản phẩm tốt'),
(1132, '2019-10-02', 10132, NULL, NULL, NULL, 'Rất hài lòng'),
(1133, '2019-07-09', 10133, '2019-07-13', NULL, 'Chưa giao', NULL),
(1134, '2019-09-28', 10134, '2019-10-02', '2019-10-01', 'Đã giao và đúng hạn', NULL),
(1135, '2019-05-18', 10135, '2019-05-22', '2019-05-21', 'Đã giao và đúng hạn', NULL),
(1136, '2019-10-19', 10136, NULL, NULL, NULL, 'Sản phẩm tốt'),
(1137, '2019-09-17', 10137, NULL, NULL, NULL, 'Rất hài lòng'),
(1138, '2019-11-17', 10138, NULL, NULL, NULL, 'Dịch vụ kém'),
(1139, '2019-07-28', 10139, NULL, NULL, NULL, 'Dịch vụ tốt'),
(1140, '2019-08-16', 10140, '2019-08-20', NULL, 'Chưa giao', NULL),
(1141, '2019-12-11', 10141, '2019-12-15', '2019-12-14', 'Đã giao và đúng hạn', NULL),
(1142, '2019-09-24', 10142, '2019-09-28', '2019-09-27', 'Đã giao và đúng hạn', NULL),
(1143, '2019-02-13', 10143, NULL, NULL, NULL, 'Sản phẩm tốt'),
(1144, '2019-07-11', 10144, NULL, NULL, NULL, 'Rất hài lòng'),
(1145, '2019-01-01', 10145, NULL, NULL, NULL, 'Dịch vụ kém'),
(1146, '2019-11-26', 10146, NULL, NULL, NULL, 'Dịch vụ tốt'),
(1147, '2019-10-11', 10147, '2019-10-15', NULL, 'Chưa giao', ''),
(1148, '2019-03-12', 10148, '2019-03-16', '2019-03-15', 'Đã giao và đúng hạn', ''),
(1149, '2019-11-25', 10149, '2019-11-29', '2019-11-28', 'Đã giao và đúng hạn', ''),
(1150, '2019-02-28', 10150, NULL, NULL, NULL, 'Nhân viên nhiệt tình'),
(1151, '2019-12-28', 10151, NULL, NULL, NULL, 'Nhân viên thô lỗ'),
(1152, '2019-09-22', 10152, NULL, NULL, NULL, 'Sản phẩm tốt'),
(1153, '2019-07-18', 10153, NULL, NULL, NULL, 'Rất hài lòng'),
(1154, '2019-02-18', 10154, '2019-02-22', NULL, 'Chưa giao', NULL),
(1155, '2019-05-27', 10155, '2019-05-31', '2019-05-30', 'Đã giao và đúng hạn', NULL),
(1156, '2019-02-10', 10156, '2019-02-14', '2019-02-13', 'Đã giao và đúng hạn', NULL),
(1157, '2019-03-03', 10157, NULL, NULL, NULL, 'Sản phẩm tốt'),
(1158, '2019-08-24', 10158, NULL, NULL, NULL, 'Rất hài lòng'),
(1159, '2019-07-11', 10159, NULL, NULL, NULL, 'Dịch vụ kém'),
(1160, '2019-08-11', 10160, NULL, NULL, NULL, NULL),
(1161, '2019-10-30', 10161, '2019-11-03', NULL, 'Chưa giao', NULL),
(1162, '2019-01-28', 10162, '2019-02-01', '2019-01-31', 'Đã giao và đúng hạn', NULL),
(1163, '2019-08-19', 10163, '2019-08-23', '2019-08-22', 'Đã giao và đúng hạn', NULL),
(1164, '2019-06-01', 10164, NULL, NULL, NULL, 'Sản phẩm tốt'),
(1165, '2019-11-09', 10165, NULL, NULL, NULL, 'Rất hài lòng'),
(1166, '2019-12-16', 10166, NULL, NULL, NULL, 'Dịch vụ kém'),
(1167, '2020-12-04', 10167, NULL, NULL, NULL, 'Dịch vụ tốt'),
(1168, '2019-03-31', 10168, '2019-04-04', NULL, 'Chưa giao', NULL),
(1169, '2019-06-15', 10169, '2019-06-19', '2019-06-18', 'Đã giao và đúng hạn', NULL),
(1170, '2019-09-18', 10170, '2019-09-22', '2019-09-21', 'Đã giao và đúng hạn', NULL),
(1171, '2019-08-16', 10171, NULL, NULL, NULL, 'Rất hài lòng'),
(1172, '2019-03-20', 10172, NULL, NULL, NULL, 'Rất hài lòng'),
(1173, '2019-01-04', 10173, NULL, NULL, NULL, 'Rất hài lòng'),
(1174, '2019-08-01', 10174, NULL, NULL, NULL, 'Rất hài lòng'),
(1175, '2019-08-18', 10175, '2019-08-22', NULL, 'Chưa giao', NULL),
(1176, '2019-01-21', 10176, '2019-01-25', '2019-01-24', 'Đã giao và đúng hạn', NULL),
(1177, '2019-03-24', 10177, '2019-03-28', '2019-03-27', 'Đã giao và đúng hạn', NULL),
(1178, '2019-02-06', 10178, NULL, NULL, NULL, NULL),
(1179, '2019-06-20', 10179, NULL, NULL, NULL, 'Rất hài không hài lòng'),
(1180, '2019-10-01', 10180, NULL, NULL, NULL, 'Dịch vụ kém'),
(1181, '2019-01-06', 10181, NULL, NULL, NULL, 'Dịch vụ kém'),
(1182, '2019-10-01', 10182, '2019-10-05', NULL, 'Chưa giao', NULL),
(1183, '2019-02-21', 10183, '2019-02-25', '2019-02-24', 'Đã giao và đúng hạn', NULL),
(1184, '2019-12-21', 10184, '2019-12-25', '2019-12-24', 'Đã giao và đúng hạn', NULL),
(1185, '2019-07-29', 10185, NULL, NULL, NULL, 'Rất hài lòng'),
(1186, '2019-02-05', 10186, NULL, NULL, NULL, 'Rất hài lòng'),
(1187, '2019-12-24', 10187, NULL, NULL, NULL, 'Rất hài lòng'),
(1188, '2019-02-05', 10188, NULL, NULL, NULL, 'Rất hài lòng'),
(1189, '2019-01-10', 10000, '2019-01-14', '2019-01-13', 'Đã giao và đúng hạn', 'Sản phẩm tốt'),
(1190, '2019-07-03', 10001, '2019-07-07', '2019-07-06', 'Đã giao và đúng hạn', 'Sản phẩm không như hình'),
(1191, '2019-01-15', 10002, '2019-01-19', '2019-01-18', 'Đã giao và đúng hạn', 'Giao hàng nhanh nhưng sản phẩm chưa tốt'),
(1192, '2019-07-22', 10003, NULL, NULL, NULL, 'Nhân viên nhiệt tình'),
(1193, '2019-04-30', 10004, NULL, NULL, NULL, 'Nhân viên thô lỗ'),
(1194, '2019-11-06', 10005, NULL, NULL, NULL, 'Dịch vụ kém'),
(1195, '2019-01-31', 10006, NULL, NULL, NULL, 'Dịch vụ tốt'),
(1196, '2019-07-18', 10007, '2019-07-22', '2019-07-21', 'Đã giao và quá hạn', 'Giao hàng chậm nhưng sản phẩm tốt'),
(1197, '2019-08-09', 10008, '2019-08-13', '2019-08-12', 'Chưa giao và quá hạn', 'Shipper giao hàng quá chậm'),
(1198, '2019-07-09', 10009, '2019-07-13', '2019-07-12', 'Chưa giao', NULL),
(1199, '2019-12-24', 10010, NULL, NULL, NULL, 'Sản phẩm tốt'),
(1200, '2019-12-27', 10011, NULL, NULL, NULL, 'Rất hài lòng'),
(1201, '2019-01-15', 10012, NULL, NULL, NULL, 'Dịch vụ tốt'),
(1202, '2019-10-06', 10013, NULL, NULL, NULL, 'Nhân viên nhiệt tình'),
(1203, '2019-08-24', 10014, '2019-08-28', '1899-12-30', 'Chưa giao', 'Shipper giao hàng quá chậm'),
(1204, '2019-07-29', 10015, '2019-08-02', '2019-08-01', 'Đã giao và đúng hạn', NULL),
(1205, '2019-01-26', 10016, '2019-01-30', '2019-01-29', 'Đã giao và đúng hạn', NULL),
(1206, '2019-04-16', 10017, NULL, NULL, NULL, 'Nhân viên nhiệt tình'),
(1207, '2019-09-09', 10018, NULL, NULL, NULL, 'Nhân viên thô lỗ'),
(1208, '2019-09-29', 10019, NULL, NULL, NULL, 'Dịch vụ tốt'),
(1209, '2019-03-28', 10020, NULL, NULL, NULL, 'Dịch vụ tốt'),
(1210, '2019-04-07', 10021, '2019-04-11', NULL, 'Chưa giao', 'Shipper giao hàng quá chậm'),
(1211, '2019-05-20', 10022, '2019-05-24', '2019-05-23', 'Đã giao và đúng hạn', NULL),
(1212, '2019-04-22', 10023, '2019-04-26', '2019-04-25', 'Đã giao và đúng hạn', NULL),
(1213, '2019-09-03', 10024, NULL, NULL, NULL, 'Sản phẩm tốt'),
(1214, '2019-08-23', 10025, NULL, NULL, NULL, 'Sản phẩm tốt'),
(1215, '2019-07-25', 10026, NULL, NULL, NULL, 'Sản phẩm tốt'),
(1216, '2019-05-16', 10027, NULL, NULL, NULL, 'Sản phẩm tốt'),
(1217, '2019-09-30', 10028, '2019-10-04', NULL, 'Chưa giao', 'Shipper giao hàng quá chậm'),
(1218, '2019-12-20', 10029, '2019-12-24', '2019-12-23', 'Đã giao và đúng hạn', NULL),
(1219, '2019-04-02', 10030, '2019-04-06', '2019-04-05', 'Đã giao và đúng hạn', NULL),
(1220, '2019-06-04', 10031, NULL, NULL, NULL, 'Nhân viên nhiệt tình'),
(1221, '2019-10-26', 10032, NULL, NULL, NULL, 'Nhân viên nhiệt tình'),
(1222, '2019-04-06', 10033, NULL, NULL, NULL, 'Nhân viên nhiệt tình'),
(1223, '2019-11-17', 10034, NULL, NULL, NULL, 'Nhân viên nhiệt tình'),
(1224, '2019-04-11', 10035, '2019-04-15', NULL, 'Chưa giao', 'Shipper giao hàng quá chậm'),
(1225, '2019-12-10', 10036, '2019-12-14', '2019-12-13', 'Đã giao và đúng hạn', NULL),
(1226, '2019-01-22', 10037, '2019-01-26', '2019-01-25', 'Đã giao và đúng hạn', NULL),
(1227, '2019-03-16', 10038, NULL, NULL, NULL, 'Dịch vụ tốt'),
(1228, '2019-01-15', 10039, NULL, NULL, NULL, 'Dịch vụ tốt'),
(1229, '2019-12-11', 10040, NULL, NULL, NULL, 'Nhân viên thô lỗ'),
(1230, '2019-10-07', 10041, NULL, NULL, NULL, 'Nhân viên thô lỗ'),
(1231, '2019-05-30', 10042, '2019-06-03', NULL, 'Chưa giao', NULL),
(1232, '2019-08-17', 10043, '2019-08-21', '2019-08-20', 'Đã giao và đúng hạn', NULL),
(1233, '2019-09-01', 10044, '2019-09-05', '2019-09-04', 'Đã giao và đúng hạn', NULL),
(1234, '2019-10-08', 10045, NULL, NULL, NULL, 'Rất hài lòng'),
(1235, '2019-06-19', 10046, NULL, NULL, NULL, 'Rất hài lòng'),
(1236, '2019-06-01', 10047, NULL, NULL, NULL, 'Rất hài lòng'),
(1237, '2019-09-17', 10048, NULL, NULL, NULL, 'Rất hài lòng'),
(1238, '2019-12-21', 10049, '2019-12-25', NULL, 'Chưa giao', NULL),
(1239, '2019-12-13', 10050, '2019-12-17', '2019-12-16', 'Đã giao và đúng hạn', NULL),
(1240, '2019-09-27', 10051, '2019-10-01', '2019-09-30', 'Đã giao và đúng hạn', NULL),
(1241, '2019-09-09', 10052, NULL, NULL, NULL, 'Nhân viên nhiệt tình'),
(1242, '2019-03-04', 10053, NULL, NULL, NULL, 'Nhân viên thô lỗ'),
(1243, '2019-09-09', 10054, NULL, NULL, NULL, 'Sản phẩm tốt'),
(1244, '2019-05-29', 10055, NULL, NULL, NULL, 'Rất hài lòng'),
(1245, '2019-10-25', 10056, '2019-10-29', NULL, 'Chưa giao', NULL),
(1246, '2019-01-15', 10057, '2019-01-19', '2019-01-18', 'Đã giao và đúng hạn', NULL),
(1247, '2019-03-02', 10058, '2019-03-06', '2019-03-05', 'Đã giao và đúng hạn', NULL),
(1248, '2019-04-02', 10059, NULL, NULL, NULL, 'Sản phẩm tốt'),
(1249, '2019-03-03', 10060, NULL, NULL, NULL, 'Rất hài lòng'),
(1250, '2019-09-28', 10061, NULL, NULL, NULL, 'Dịch vụ kém'),
(1251, '2019-12-17', 10062, NULL, NULL, NULL, 'Dịch vụ tốt'),
(1252, '2019-04-27', 10063, '2019-05-01', NULL, 'Chưa giao', NULL),
(1253, '2019-03-11', 10064, '2019-03-15', '2019-03-14', 'Đã giao và đúng hạn', NULL),
(1254, '2019-12-02', 10065, '2019-12-06', '2019-12-05', 'Đã giao và đúng hạn', NULL),
(1255, '2019-11-19', 10066, NULL, NULL, NULL, 'Sản phẩm tốt'),
(1256, '2019-09-11', 10067, NULL, NULL, NULL, 'Rất hài lòng'),
(1257, '2019-04-12', 10068, NULL, NULL, NULL, 'Dịch vụ kém'),
(1258, '2019-05-18', 10069, NULL, NULL, NULL, 'Dịch vụ tốt'),
(1259, '2019-05-01', 10070, '2019-05-05', NULL, 'Chưa giao', NULL),
(1260, '2019-07-10', 10071, '2019-07-14', '2019-07-13', 'Đã giao và đúng hạn', NULL),
(1261, '2019-05-17', 10072, '2019-05-21', '2019-05-20', 'Đã giao và đúng hạn', NULL),
(1262, '2019-10-23', 10073, NULL, NULL, NULL, 'Nhân viên nhiệt tình'),
(1263, '2019-10-04', 10074, NULL, NULL, NULL, 'Nhân viên thô lỗ'),
(1264, '2019-09-23', 10075, NULL, NULL, NULL, 'Sản phẩm tốt'),
(1265, '2019-09-02', 10076, NULL, NULL, NULL, 'Rất hài lòng'),
(1266, '2019-07-23', 10077, '2019-07-27', NULL, 'Chưa giao', NULL),
(1267, '2019-01-18', 10078, '2019-01-22', '2019-01-21', 'Đã giao và đúng hạn', NULL),
(1268, '2019-02-21', 10079, '2019-02-25', '2019-02-24', 'Đã giao và đúng hạn', NULL),
(1269, '2019-02-02', 10080, NULL, NULL, NULL, 'Sản phẩm tốt'),
(1270, '2019-11-20', 10081, NULL, NULL, NULL, 'Rất hài lòng'),
(1271, '2019-01-16', 10082, NULL, NULL, NULL, 'Dịch vụ kém'),
(1272, '2019-09-07', 10083, NULL, NULL, NULL, 'Dịch vụ tốt'),
(1273, '2019-11-16', 10084, '2019-11-20', NULL, 'Chưa giao', NULL),
(1274, '2019-09-04', 10085, '2019-09-08', '2019-09-07', 'Đã giao và đúng hạn', NULL),
(1275, '2019-05-19', 10086, '2019-05-23', '2019-05-22', 'Đã giao và đúng hạn', NULL),
(1276, '2019-11-08', 10087, NULL, NULL, NULL, 'Nhân viên nhiệt tình'),
(1277, '2019-11-28', 10088, NULL, NULL, NULL, 'Nhân viên thô lỗ'),
(1278, '2019-04-15', 10089, NULL, NULL, NULL, 'Sản phẩm tốt'),
(1279, '2019-11-16', 10090, NULL, NULL, NULL, 'Rất hài lòng'),
(1280, '2019-06-10', 10091, '2019-06-14', NULL, 'Chưa giao', NULL),
(1281, '2019-09-18', 10092, '2019-09-22', '2019-09-21', 'Đã giao và đúng hạn', NULL),
(1282, '2019-02-18', 10093, '2019-02-22', '2019-02-21', 'Đã giao và đúng hạn', NULL),
(1283, '2019-01-04', 10094, NULL, NULL, NULL, 'Sản phẩm tốt'),
(1284, '2019-12-07', 10095, NULL, NULL, NULL, 'Rất hài lòng'),
(1285, '2019-05-10', 10096, NULL, NULL, NULL, 'Dịch vụ kém'),
(1286, '2019-12-28', 10097, NULL, NULL, NULL, 'Dịch vụ tốt'),
(1287, '2019-06-02', 10098, '2019-06-06', NULL, 'Chưa giao', NULL),
(1288, '2019-04-20', 10099, '2019-04-24', '2019-04-23', 'Đã giao và đúng hạn', NULL),
(1289, '2019-05-09', 10100, '2019-05-13', '2019-05-12', 'Đã giao và đúng hạn', NULL),
(1290, '2019-05-04', 10101, NULL, NULL, NULL, 'Sản phẩm tốt'),
(1291, '2019-10-14', 10102, NULL, NULL, NULL, 'Rất hài lòng'),
(1292, '2019-12-23', 10103, NULL, NULL, NULL, 'Dịch vụ kém'),
(1293, '2019-06-03', 10104, NULL, NULL, NULL, 'Dịch vụ tốt'),
(1294, '2019-08-08', 10105, '2019-08-12', NULL, 'Chưa giao', NULL),
(1295, '2019-02-16', 10106, '2019-02-20', '2019-02-19', 'Đã giao và đúng hạn', NULL),
(1296, '2019-05-20', 10107, '2019-05-24', '2019-05-23', 'Đã giao và đúng hạn', NULL),
(1297, '2019-09-22', 10108, NULL, NULL, NULL, 'Nhân viên nhiệt tình'),
(1298, '2019-08-02', 10109, NULL, NULL, NULL, 'Nhân viên thô lỗ'),
(1299, '2019-05-03', 10110, NULL, NULL, NULL, 'Sản phẩm tốt'),
(1300, '2019-06-24', 10111, NULL, NULL, NULL, 'Rất hài lòng'),
(1301, '2019-04-05', 10112, '2019-04-09', NULL, 'Chưa giao', NULL),
(1302, '2019-06-16', 10113, '2019-06-20', '2019-06-19', 'Đã giao và đúng hạn', NULL),
(1303, '2019-06-11', 10114, '2019-06-15', '2019-06-14', 'Đã giao và đúng hạn', NULL),
(1304, '2019-03-26', 10115, NULL, NULL, NULL, 'Sản phẩm tốt'),
(1305, '2019-06-05', 10116, NULL, NULL, NULL, 'Rất hài lòng'),
(1306, '2019-07-15', 10117, NULL, NULL, NULL, 'Dịch vụ kém'),
(1307, '2019-11-17', 10118, NULL, NULL, NULL, 'Dịch vụ tốt'),
(1308, '2019-12-20', 10119, '2019-12-24', NULL, 'Chưa giao', NULL),
(1309, '2019-11-22', 10120, '2019-11-26', '2019-11-25', 'Đã giao và đúng hạn', NULL),
(1310, '2019-12-08', 10121, '2019-12-12', '2019-12-11', 'Đã giao và đúng hạn', NULL),
(1311, '2019-05-07', 10122, NULL, NULL, NULL, 'Sản phẩm tốt'),
(1312, '2019-09-02', 10123, NULL, NULL, NULL, 'Rất hài lòng'),
(1313, '2019-10-18', 10124, NULL, NULL, NULL, 'Dịch vụ kém'),
(1314, '2019-10-19', 10125, NULL, NULL, NULL, 'Dịch vụ tốt'),
(1315, '2019-08-13', 10126, '2019-08-17', NULL, 'Chưa giao', NULL),
(1316, '2019-09-02', 10127, '2019-09-06', '2019-09-05', 'Đã giao và đúng hạn', NULL),
(1317, '2019-07-16', 10128, '2019-07-20', '2019-07-19', 'Đã giao và đúng hạn', NULL),
(1318, '2019-07-16', 10129, NULL, NULL, NULL, 'Nhân viên nhiệt tình'),
(1319, '2019-12-29', 10130, NULL, NULL, NULL, 'Nhân viên thô lỗ'),
(1320, '2019-10-03', 10131, NULL, NULL, NULL, 'Sản phẩm tốt'),
(1321, '2019-10-02', 10132, NULL, NULL, NULL, 'Rất hài lòng'),
(1322, '2019-07-09', 10133, '2019-07-13', NULL, 'Chưa giao', NULL),
(1323, '2019-09-28', 10134, '2019-10-02', '2019-10-01', 'Đã giao và đúng hạn', NULL),
(1324, '2019-05-18', 10135, '2019-05-22', '2019-05-21', 'Đã giao và đúng hạn', NULL),
(1325, '2019-10-19', 10136, NULL, NULL, NULL, 'Sản phẩm tốt'),
(1326, '2019-09-17', 10137, NULL, NULL, NULL, 'Rất hài lòng'),
(1327, '2019-11-17', 10138, NULL, NULL, NULL, 'Dịch vụ kém'),
(1328, '2019-07-28', 10139, NULL, NULL, NULL, 'Dịch vụ tốt'),
(1329, '2019-08-16', 10140, '2019-08-20', NULL, 'Chưa giao', NULL),
(1330, '2019-12-11', 10141, '2019-12-15', '2019-12-14', 'Đã giao và đúng hạn', NULL),
(1331, '2019-09-24', 10142, '2019-09-28', '2019-09-27', 'Đã giao và đúng hạn', NULL),
(1332, '2019-02-13', 10143, NULL, NULL, NULL, 'Sản phẩm tốt'),
(1333, '2019-07-11', 10144, NULL, NULL, NULL, 'Rất hài lòng'),
(1334, '2019-01-01', 10145, NULL, NULL, NULL, 'Dịch vụ kém'),
(1335, '2019-11-26', 10146, NULL, NULL, NULL, 'Dịch vụ tốt'),
(1336, '2019-10-11', 10147, '2019-10-15', NULL, 'Chưa giao', NULL),
(1337, '2019-03-12', 10148, '2019-03-16', '2019-03-15', 'Đã giao và đúng hạn', NULL),
(1338, '2019-11-25', 10149, '2019-11-29', '2019-11-28', 'Đã giao và đúng hạn', NULL);

-- --------------------------------------------------------

--
-- Table structure for table `orderservices`
--

CREATE TABLE `orderservices` (
  `orderNumber` int(11) NOT NULL,
  `serviceID` int(10) NOT NULL,
  `ID` int(10) NOT NULL,
  `orderDate` datetime NOT NULL,
  `status` enum('Đã thực hiện','Chưa thực hiện','Hủy') NOT NULL,
  `comments` text DEFAULT NULL
) ENGINE=InnoDB DEFAULT CHARSET=utf8;

--
-- Dumping data for table `orderservices`
--

INSERT INTO `orderservices` (`orderNumber`, `serviceID`, `ID`, `orderDate`, `status`, `comments`) VALUES
(100000, 2000, 10000, '2019-01-28 13:00:00', 'Đã thực hiện', 'Dịch vụ tốt'),
(100001, 2001, 10001, '2019-02-05 12:00:00', 'Chưa thực hiện', NULL),
(100002, 2002, 10002, '2019-01-18 11:00:00', 'Hủy', NULL),
(100003, 2003, 10003, '2019-09-24 14:00:00', 'Đã thực hiện', 'Dịch vụ tốt'),
(100004, 2004, 10004, '2019-07-01 08:30:00', 'Chưa thực hiện', NULL),
(100005, 2005, 10005, '2019-08-27 09:30:00', 'Hủy', NULL),
(100006, 2006, 10006, '2019-08-12 10:00:00', 'Đã thực hiện', 'Dịch vụ tốt'),
(100007, 2007, 10007, '2019-09-17 13:00:00', 'Chưa thực hiện', NULL),
(100008, 2008, 10008, '2019-10-14 13:00:00', 'Hủy', NULL),
(100009, 2009, 10009, '2019-03-08 13:00:00', 'Đã thực hiện', 'Dịch vụ tốt'),
(100010, 2010, 10010, '2019-05-02 15:00:00', 'Chưa thực hiện', NULL),
(100011, 2011, 10011, '2020-10-19 13:00:00', 'Hủy', NULL),
(100012, 2012, 10012, '2019-01-02 13:00:00', 'Đã thực hiện', 'Dịch vụ tốt'),
(100013, 2013, 10013, '2019-01-22 13:00:00', 'Chưa thực hiện', NULL),
(100014, 2014, 10014, '2020-09-11 16:00:00', 'Hủy', NULL),
(100015, 2015, 10015, '2019-10-29 16:00:00', 'Đã thực hiện', 'Dịch vụ kém'),
(100016, 2016, 10016, '2019-08-18 16:00:00', 'Chưa thực hiện', NULL),
(100017, 2017, 10017, '2019-06-02 10:00:00', 'Hủy', NULL),
(100018, 2000, 10018, '2019-04-02 16:00:00', 'Đã thực hiện', 'Dịch vụ kém'),
(100019, 2001, 10019, '2019-09-19 16:00:00', 'Chưa thực hiện', NULL),
(100020, 2002, 10020, '2019-11-16 10:00:00', 'Hủy', NULL),
(100021, 2003, 10021, '2019-12-02 16:00:00', 'Đã thực hiện', 'Dịch vụ kém'),
(100022, 2004, 10022, '2019-10-07 16:00:00', 'Chưa thực hiện', NULL),
(100023, 2005, 10023, '2019-09-30 16:00:00', 'Hủy', NULL),
(100024, 2006, 10024, '2020-03-30 16:00:00', 'Đã thực hiện', 'Dịch vụ kém'),
(100025, 2007, 10025, '2019-02-17 16:00:00', 'Chưa thực hiện', NULL),
(100026, 2008, 10026, '2019-01-04 16:00:00', 'Hủy', NULL),
(100027, 2009, 10027, '2020-08-21 16:00:00', 'Đã thực hiện', 'Boss được chăm sóc rất tốt'),
(100028, 2010, 10028, '2019-12-06 16:00:00', 'Chưa thực hiện', NULL),
(100029, 2011, 10029, '2019-09-26 10:00:00', 'Hủy', NULL),
(100030, 2012, 10030, '2019-11-24 16:00:00', 'Đã thực hiện', 'Boss được chăm sóc rất tốt'),
(100031, 2013, 10031, '2020-03-05 16:00:00', 'Chưa thực hiện', NULL),
(100032, 2014, 10032, '2019-02-19 16:00:00', 'Hủy', NULL),
(100033, 2015, 10033, '2019-09-26 16:00:00', 'Đã thực hiện', 'Boss được chăm sóc rất tốt'),
(100034, 2016, 10034, '2020-01-26 16:00:00', 'Chưa thực hiện', NULL),
(100035, 2017, 10035, '2019-10-09 10:00:00', 'Hủy', NULL),
(100036, 2000, 10036, '2019-06-21 16:00:00', 'Đã thực hiện', 'Boss được chăm sóc rất tốt'),
(100037, 2001, 10037, '2019-12-19 16:00:00', 'Chưa thực hiện', NULL),
(100038, 2002, 10038, '2019-04-15 16:00:00', 'Hủy', NULL),
(100039, 2003, 10039, '2019-11-20 16:00:00', 'Đã thực hiện', 'Boss được chăm sóc rất tốt'),
(100040, 2004, 10040, '2019-01-02 16:00:00', 'Chưa thực hiện', NULL),
(100041, 2005, 10041, '2019-06-09 16:00:00', 'Hủy', NULL),
(100042, 2006, 10042, '2019-01-30 16:00:00', 'Đã thực hiện', 'Boss được chăm sóc rất tốt'),
(100043, 2007, 10043, '2019-10-20 16:00:00', 'Chưa thực hiện', NULL),
(100044, 2008, 10044, '2019-05-05 16:00:00', 'Hủy', NULL),
(100045, 2009, 10045, '2019-11-12 16:00:00', 'Đã thực hiện', 'Bé ngày càng khỏe mạnh hơn sau khi dùng dịch vụ'),
(100046, 2010, 10046, '2019-03-29 16:00:00', 'Chưa thực hiện', NULL),
(100047, 2011, 10047, '2019-05-03 16:00:00', 'Hủy', NULL),
(100048, 2012, 10048, '2019-05-26 16:00:00', 'Đã thực hiện', 'Bé ngày càng khỏe mạnh hơn sau khi dùng dịch vụ'),
(100049, 2013, 10049, '2019-08-01 16:00:00', 'Chưa thực hiện', NULL),
(100050, 2014, 10050, '2019-09-15 16:00:00', 'Hủy', NULL),
(100051, 2015, 10051, '2019-01-01 16:00:00', 'Đã thực hiện', 'Bé ngày càng khỏe mạnh hơn sau khi dùng dịch vụ'),
(100052, 2016, 10052, '2019-09-15 16:00:00', 'Chưa thực hiện', NULL),
(100053, 2017, 10053, '2020-11-22 16:00:00', 'Hủy', NULL),
(100054, 2000, 10054, '2019-09-22 16:00:00', 'Đã thực hiện', 'Bé ngày càng khỏe mạnh hơn sau khi dùng dịch vụ'),
(100055, 2001, 10055, '2019-07-28 16:00:00', 'Chưa thực hiện', NULL),
(100056, 2002, 10056, '2019-09-10 16:00:00', 'Hủy', NULL),
(100057, 2003, 10057, '2019-08-31 16:00:00', 'Đã thực hiện', 'Bé ngày càng khỏe mạnh hơn sau khi dùng dịch vụ'),
(100058, 2004, 10058, '2019-08-23 16:00:00', 'Chưa thực hiện', NULL),
(100059, 2005, 10059, '2019-07-04 16:00:00', 'Hủy', NULL),
(100060, 2006, 10060, '2019-06-08 16:00:00', 'Đã thực hiện', 'Bé ngày càng khỏe mạnh hơn sau khi dùng dịch vụ'),
(100061, 2007, 10061, '2020-06-08 16:00:00', 'Chưa thực hiện', NULL),
(100062, 2008, 10062, '2019-02-06 16:00:00', 'Hủy', NULL),
(100063, 2009, 10063, '2019-02-09 16:00:00', 'Đã thực hiện', 'Bé ngày càng khỏe mạnh hơn sau khi dùng dịch vụ'),
(100064, 2010, 10064, '2019-12-07 16:00:00', 'Chưa thực hiện', NULL),
(100065, 2011, 10065, '2019-12-29 16:00:00', 'Hủy', NULL),
(100066, 2012, 10066, '2019-10-07 16:00:00', 'Đã thực hiện', 'Bé ngày càng khỏe mạnh hơn sau khi dùng dịch vụ'),
(100067, 2013, 10067, '2019-06-30 16:00:00', 'Chưa thực hiện', NULL),
(100068, 2014, 10068, '2019-03-06 16:00:00', 'Hủy', NULL),
(100069, 2015, 10069, '2019-02-14 16:00:00', 'Đã thực hiện', 'Thú cưng xuất hiện dị ứng'),
(100070, 2016, 10070, '2019-06-24 16:00:00', 'Chưa thực hiện', NULL),
(100071, 2017, 10071, '2019-12-06 16:00:00', 'Hủy', NULL),
(100072, 2000, 10072, '2019-03-28 16:00:00', 'Đã thực hiện', 'Thú cưng xuất hiện dị ứng'),
(100073, 2001, 10073, '2019-02-20 16:00:00', 'Chưa thực hiện', NULL),
(100074, 2002, 10074, '2019-11-23 16:00:00', 'Hủy', NULL),
(100075, 2003, 10075, '2019-05-23 16:00:00', 'Đã thực hiện', 'Thú cưng xuất hiện dị ứng'),
(100076, 2004, 10076, '2019-11-22 16:00:00', 'Chưa thực hiện', NULL),
(100077, 2005, 10077, '2019-09-18 16:00:00', 'Hủy', NULL),
(100078, 2006, 10078, '2019-07-02 16:00:00', 'Đã thực hiện', 'Thú cưng xuất hiện dị ứng'),
(100079, 2007, 10079, '2019-11-30 16:00:00', 'Chưa thực hiện', NULL),
(100080, 2008, 10080, '2019-01-10 16:00:00', 'Hủy', NULL),
(100081, 2009, 10081, '2019-12-14 16:00:00', 'Đã thực hiện', 'Boss bị ốm đột ngột'),
(100082, 2010, 10082, '2019-03-30 16:00:00', 'Chưa thực hiện', NULL),
(100083, 2011, 10083, '2019-04-30 16:00:00', 'Hủy', NULL),
(100084, 2012, 10084, '2019-07-03 16:00:00', 'Đã thực hiện', 'Boss bị ốm đột ngột'),
(100085, 2013, 10085, '2019-11-16 16:00:00', 'Chưa thực hiện', NULL),
(100086, 2014, 10086, '2019-06-22 16:00:00', 'Hủy', NULL),
(100087, 2015, 10087, '2019-01-16 16:00:00', 'Đã thực hiện', 'Boss bị ốm đột ngột'),
(100088, 2016, 10088, '2019-08-05 16:00:00', 'Chưa thực hiện', NULL),
(100089, 2017, 10089, '2019-12-13 16:00:00', 'Hủy', NULL),
(100090, 2000, 10090, '2019-11-30 16:00:00', 'Đã thực hiện', 'Boss được chăm sóc rất tốt'),
(100091, 2001, 10091, '2019-06-14 16:00:00', 'Chưa thực hiện', NULL),
(100092, 2002, 10092, '2019-09-01 16:00:00', 'Hủy', NULL),
(100093, 2003, 10093, '2019-02-08 16:00:00', 'Đã thực hiện', 'Boss được chăm sóc rất tốt'),
(100094, 2004, 10094, '2019-08-01 16:00:00', 'Chưa thực hiện', NULL),
(100095, 2005, 10095, '2019-02-23 16:00:00', 'Hủy', NULL),
(100096, 2006, 10096, '2019-05-13 16:00:00', 'Đã thực hiện', 'Boss được chăm sóc rất tốt'),
(100097, 2007, 10097, '2019-05-10 16:00:00', 'Chưa thực hiện', NULL),
(100098, 2008, 10098, '2019-10-25 16:00:00', 'Hủy', NULL),
(100099, 2009, 10099, '2019-08-21 16:00:00', 'Đã thực hiện', 'Boss được chăm sóc rất tốt'),
(100100, 2010, 10100, '2020-11-09 16:00:00', 'Chưa thực hiện', NULL),
(100101, 2011, 10101, '2019-10-29 16:00:00', 'Hủy', NULL),
(100102, 2012, 10102, '2019-03-30 16:00:00', 'Đã thực hiện', 'Boss được chăm sóc rất tốt'),
(100103, 2013, 10103, '2019-11-30 16:00:00', 'Chưa thực hiện', NULL),
(100104, 2014, 10104, '2019-11-29 16:00:00', 'Hủy', NULL),
(100105, 2015, 10105, '2019-07-16 16:00:00', 'Đã thực hiện', 'Boss được chăm sóc rất tốt'),
(100106, 2016, 10106, '2019-12-02 16:00:00', 'Chưa thực hiện', NULL),
(100107, 2017, 10107, '2019-01-03 16:00:00', 'Hủy', NULL),
(100108, 2000, 10108, '2019-01-09 16:00:00', 'Đã thực hiện', 'Bé ngày càng khỏe mạnh hơn sau khi dùng dịch vụ'),
(100109, 2001, 10109, '2019-04-17 16:00:00', 'Chưa thực hiện', NULL),
(100110, 2002, 10110, '2019-07-27 16:00:00', 'Hủy', NULL),
(100111, 2003, 10111, '2019-09-21 16:00:00', 'Đã thực hiện', 'Bé ngày càng khỏe mạnh hơn sau khi dùng dịch vụ'),
(100112, 2004, 10112, '2019-12-04 16:00:00', 'Chưa thực hiện', NULL),
(100113, 2005, 10113, '2019-03-09 16:00:00', 'Hủy', NULL),
(100114, 2006, 10114, '2019-10-16 16:00:00', 'Đã thực hiện', 'Bé ngày càng khỏe mạnh hơn sau khi dùng dịch vụ'),
(100115, 2007, 10115, '2019-11-28 16:00:00', 'Chưa thực hiện', NULL),
(100116, 2008, 10116, '2019-02-22 16:00:00', 'Hủy', NULL),
(100117, 2009, 10117, '2019-11-24 16:00:00', 'Đã thực hiện', 'Bé ngày càng khỏe mạnh hơn sau khi dùng dịch vụ'),
(100118, 2010, 10118, '2019-12-22 16:00:00', 'Chưa thực hiện', NULL),
(100119, 2011, 10119, '2019-07-30 16:00:00', 'Hủy', NULL),
(100120, 2012, 10120, '2019-09-17 16:00:00', 'Đã thực hiện', 'Bé ngày càng khỏe mạnh hơn sau khi dùng dịch vụ'),
(100121, 2013, 10121, '2019-09-02 16:00:00', 'Chưa thực hiện', NULL),
(100122, 2014, 10122, '2019-03-15 16:00:00', 'Hủy', NULL),
(100123, 2015, 10123, '2019-08-19 16:00:00', 'Đã thực hiện', 'Bé ngày càng khỏe mạnh hơn sau khi dùng dịch vụ'),
(100124, 2016, 10124, '2019-02-11 16:00:00', 'Chưa thực hiện', NULL),
(100125, 2017, 10125, '2019-09-01 16:00:00', 'Hủy', NULL),
(100126, 2000, 10126, '2019-02-08 16:00:00', 'Đã thực hiện', 'Bé ngày càng khỏe mạnh hơn sau khi dùng dịch vụ'),
(100127, 2001, 10127, '2019-01-24 16:00:00', 'Chưa thực hiện', NULL),
(100128, 2002, 10128, '2019-06-05 16:00:00', 'Hủy', NULL),
(100129, 2003, 10129, '2019-05-19 16:00:00', 'Đã thực hiện', 'Bé ngày càng khỏe mạnh hơn sau khi dùng dịch vụ'),
(100130, 2004, 10130, '2019-10-02 16:00:00', 'Chưa thực hiện', NULL),
(100131, 2005, 10131, '2019-04-24 16:00:00', 'Hủy', NULL),
(100132, 2006, 10132, '2019-06-05 16:00:00', 'Đã thực hiện', 'Dịch vụ tốt'),
(100133, 2007, 10133, '2019-07-24 16:00:00', 'Chưa thực hiện', NULL),
(100134, 2008, 10134, '2019-12-08 16:00:00', 'Hủy', NULL),
(100135, 2009, 10135, '2019-09-18 16:00:00', 'Đã thực hiện', 'Dịch vụ tốt'),
(100136, 2010, 10136, '2020-08-10 16:00:00', 'Chưa thực hiện', NULL),
(100137, 2011, 10137, '2019-09-04 16:00:00', 'Hủy', NULL),
(100138, 2012, 10138, '2019-09-17 16:00:00', 'Đã thực hiện', 'Dịch vụ tốt'),
(100139, 2013, 10139, '2019-02-26 16:00:00', 'Chưa thực hiện', NULL),
(100140, 2014, 10140, '2019-12-31 16:00:00', 'Hủy', NULL),
(100141, 2015, 10141, '2019-02-03 16:00:00', 'Đã thực hiện', 'Dịch vụ tốt'),
(100142, 2016, 10142, '2019-02-14 16:00:00', 'Chưa thực hiện', NULL),
(100143, 2017, 10143, '2019-10-11 16:00:00', 'Hủy', NULL),
(100144, 2000, 10144, '2019-10-28 16:00:00', 'Đã thực hiện', 'Dịch vụ tốt'),
(100145, 2001, 10145, '2019-10-18 16:00:00', 'Chưa thực hiện', NULL),
(100146, 2002, 10146, '2019-08-22 16:00:00', 'Hủy', NULL),
(100147, 2003, 10147, '2019-11-04 16:00:00', 'Đã thực hiện', 'Bé ngày càng khỏe mạnh hơn sau khi dùng dịch vụ'),
(100148, 2004, 10148, '2019-11-26 16:00:00', 'Chưa thực hiện', NULL),
(100149, 2005, 10149, '2019-11-27 16:00:00', 'Hủy', NULL),
(100150, 2006, 10150, '2019-01-15 16:00:00', 'Đã thực hiện', 'Bé ngày càng khỏe mạnh hơn sau khi dùng dịch vụ'),
(100151, 2007, 10151, '2019-12-24 16:00:00', 'Chưa thực hiện', NULL),
(100152, 2008, 10152, '2019-09-11 16:00:00', 'Hủy', NULL),
(100153, 2009, 10153, '2019-12-01 16:00:00', 'Đã thực hiện', 'Bé ngày càng khỏe mạnh hơn sau khi dùng dịch vụ'),
(100154, 2010, 10154, '2019-09-11 16:00:00', 'Chưa thực hiện', NULL),
(100155, 2011, 10155, '2019-10-26 16:00:00', 'Hủy', NULL),
(100156, 2012, 10156, '2019-01-03 16:00:00', 'Đã thực hiện', 'Bé ngày càng khỏe mạnh hơn sau khi dùng dịch vụ'),
(100157, 2013, 10157, '2019-04-09 16:00:00', 'Chưa thực hiện', NULL),
(100158, 2014, 10158, '2019-04-08 16:00:00', 'Hủy', NULL),
(100159, 2015, 10159, '2019-01-08 16:00:00', 'Đã thực hiện', 'Bé ngày càng khỏe mạnh hơn sau khi dùng dịch vụ'),
(100160, 2016, 10160, '2019-03-21 16:00:00', 'Chưa thực hiện', NULL),
(100161, 2017, 10161, '2019-09-02 16:00:00', 'Hủy', NULL),
(100162, 2000, 10162, '2019-03-23 16:00:00', 'Đã thực hiện', 'Bé ngày càng khỏe mạnh hơn sau khi dùng dịch vụ'),
(100163, 2001, 10163, '2019-12-17 16:00:00', 'Chưa thực hiện', NULL),
(100164, 2002, 10164, '2019-04-20 16:00:00', 'Hủy', NULL),
(100165, 2003, 10165, '2019-03-15 16:00:00', 'Đã thực hiện', 'Bé ngày càng khỏe mạnh hơn sau khi dùng dịch vụ'),
(100166, 2004, 10166, '2019-07-17 16:00:00', 'Chưa thực hiện', NULL),
(100167, 2005, 10167, '2019-07-21 16:00:00', 'Hủy', NULL),
(100168, 2006, 10168, '2019-02-12 16:00:00', 'Đã thực hiện', 'Bé ngày càng khỏe mạnh hơn sau khi dùng dịch vụ'),
(100169, 2007, 10169, '2019-04-19 16:00:00', 'Chưa thực hiện', NULL),
(100170, 2008, 10170, '2019-05-08 16:00:00', 'Hủy', NULL),
(100171, 2009, 10171, '2019-08-24 16:00:00', 'Đã thực hiện', 'Bé ngày càng khỏe mạnh hơn sau khi dùng dịch vụ'),
(100172, 2010, 10172, '2019-03-28 16:00:00', 'Chưa thực hiện', NULL),
(100173, 2011, 10173, '2019-12-12 16:00:00', 'Hủy', NULL),
(100174, 2012, 10174, '2019-12-12 16:00:00', 'Đã thực hiện', 'Bé ngày càng khỏe mạnh hơn sau khi dùng dịch vụ'),
(100175, 2013, 10175, '2019-12-26 16:00:00', 'Chưa thực hiện', NULL),
(100176, 2014, 10176, '2019-08-19 16:00:00', 'Hủy', NULL),
(100177, 2015, 10177, '2019-12-13 16:00:00', 'Đã thực hiện', 'Bé ngày càng khỏe mạnh hơn sau khi dùng dịch vụ'),
(100178, 2016, 10178, '2019-01-14 16:00:00', 'Chưa thực hiện', NULL),
(100179, 2017, 10179, '2019-07-22 16:00:00', 'Hủy', NULL),
(100180, 2000, 10180, '2019-12-15 16:00:00', 'Đã thực hiện', 'Bé ngày càng khỏe mạnh hơn sau khi dùng dịch vụ'),
(100181, 2001, 10181, '2019-02-08 16:00:00', 'Chưa thực hiện', NULL),
(100182, 2002, 10182, '2019-10-18 16:00:00', 'Hủy', NULL),
(100183, 2003, 10183, '2019-04-22 16:00:00', 'Đã thực hiện', 'Bé rất thích được nhân viên chăm sóc'),
(100184, 2004, 10184, '2019-08-04 16:00:00', 'Chưa thực hiện', NULL),
(100185, 2005, 10185, '2019-11-01 16:00:00', 'Hủy', NULL),
(100186, 2006, 10186, '2019-11-17 16:00:00', 'Đã thực hiện', 'Bé rất thích được nhân viên chăm sóc'),
(100187, 2007, 10187, '2019-09-26 16:00:00', 'Chưa thực hiện', NULL),
(100188, 2008, 10188, '2019-06-21 16:00:00', 'Hủy', NULL),
(100189, 2009, 10189, '2019-05-11 16:00:00', 'Đã thực hiện', 'Bé rất thích được nhân viên chăm sóc'),
(100190, 2010, 10190, '2019-05-26 16:00:00', 'Chưa thực hiện', NULL),
(100191, 2011, 10191, '2019-04-10 16:00:00', 'Hủy', NULL),
(100192, 2012, 10192, '2019-08-24 16:00:00', 'Đã thực hiện', 'Bé rất thích được nhân viên chăm sóc'),
(100193, 2013, 10193, '2019-04-19 16:00:00', 'Chưa thực hiện', NULL),
(100194, 2014, 10194, '2019-12-16 16:00:00', 'Hủy', NULL),
(100195, 2015, 10195, '2019-06-10 14:00:00', 'Đã thực hiện', 'Bé rất thích được nhân viên chăm sóc'),
(100196, 2016, 10196, '2019-06-05 16:00:00', 'Chưa thực hiện', NULL),
(100197, 2017, 10197, '2019-11-06 16:00:00', 'Hủy', NULL),
(100198, 2000, 10198, '2019-08-07 16:00:00', 'Đã thực hiện', 'Bé rất thích được nhân viên chăm sóc'),
(100199, 2001, 10199, '2019-01-30 16:00:00', 'Chưa thực hiện', NULL),
(100200, 2002, 10200, '2020-05-23 16:00:00', 'Hủy', NULL),
(100201, 2003, 10201, '2019-08-28 16:00:00', 'Đã thực hiện', 'Nhân viên nhiệt tình'),
(100202, 2004, 10202, '2019-10-10 16:00:00', 'Chưa thực hiện', NULL),
(100203, 2005, 10203, '2019-08-28 16:00:00', 'Hủy', NULL),
(100204, 2006, 10204, '2019-07-20 16:00:00', 'Đã thực hiện', 'Nhân viên nhiệt tình'),
(100205, 2007, 10205, '2020-07-12 16:00:00', 'Chưa thực hiện', NULL),
(100206, 2008, 10206, '2019-11-29 16:00:00', 'Hủy', NULL),
(100207, 2009, 10207, '2019-10-25 16:00:00', 'Đã thực hiện', 'Nhân viên nhiệt tình'),
(100208, 2010, 10208, '2019-09-22 16:00:00', 'Chưa thực hiện', NULL),
(100209, 2011, 10209, '2019-04-01 16:00:00', 'Hủy', NULL),
(100210, 2012, 10210, '2019-08-28 16:00:00', 'Đã thực hiện', 'Nhân viên nhiệt tình'),
(100211, 2013, 10211, '2019-01-27 16:00:00', 'Chưa thực hiện', NULL),
(100212, 2014, 10212, '2019-12-11 16:00:00', 'Hủy', NULL),
(100213, 2015, 10213, '2019-11-03 16:00:00', 'Đã thực hiện', 'Nhân viên nhiệt tình'),
(100214, 2016, 10214, '2020-04-27 16:00:00', 'Chưa thực hiện', NULL),
(100215, 2017, 10215, '2019-12-09 16:00:00', 'Hủy', NULL),
(100216, 2000, 10216, '2019-06-14 16:00:00', 'Đã thực hiện', 'Nhân viên nhiệt tình'),
(100217, 2001, 10217, '2019-01-09 16:00:00', 'Chưa thực hiện', NULL),
(100218, 2002, 10218, '2019-09-26 16:00:00', 'Hủy', NULL),
(100219, 2003, 10219, '2019-04-08 16:00:00', 'Đã thực hiện', 'Bé ngày càng khỏe mạnh hơn sau khi dùng dịch vụ'),
(100220, 2004, 10220, '2019-03-15 16:00:00', 'Chưa thực hiện', NULL),
(100221, 2005, 10221, '2019-07-20 16:00:00', 'Hủy', NULL),
(100222, 2006, 10222, '2019-01-01 16:00:00', 'Đã thực hiện', 'Bé ngày càng khỏe mạnh hơn sau khi dùng dịch vụ'),
(100223, 2007, 10223, '2019-09-30 16:00:00', 'Chưa thực hiện', NULL),
(100224, 2008, 10224, '2019-08-27 16:00:00', 'Hủy', NULL),
(100225, 2009, 10225, '2019-02-03 16:00:00', 'Đã thực hiện', 'Bé ngày càng khỏe mạnh hơn sau khi dùng dịch vụ'),
(100226, 2010, 10226, '2019-04-17 16:00:00', 'Chưa thực hiện', NULL),
(100227, 2011, 10227, '2019-08-19 16:00:00', 'Hủy', NULL),
(100228, 2012, 10228, '2019-03-08 16:00:00', 'Đã thực hiện', 'Bé ngày càng khỏe mạnh hơn sau khi dùng dịch vụ'),
(100229, 2013, 10229, '2019-01-06 16:00:00', 'Chưa thực hiện', NULL),
(100230, 2014, 10230, '2019-05-26 16:00:00', 'Hủy', NULL),
(100231, 2015, 10231, '2019-06-28 16:00:00', 'Đã thực hiện', 'Bé ngày càng khỏe mạnh hơn sau khi dùng dịch vụ'),
(100232, 2016, 10232, '2019-11-10 16:00:00', 'Chưa thực hiện', NULL),
(100233, 2017, 10233, '2019-04-26 16:00:00', 'Hủy', NULL),
(100234, 2000, 10234, '2019-08-15 16:00:00', 'Đã thực hiện', 'Bé ngày càng khỏe mạnh hơn sau khi dùng dịch vụ'),
(100235, 2001, 10235, '2019-09-09 16:00:00', 'Chưa thực hiện', NULL),
(100236, 2002, 10236, '2019-09-11 16:00:00', 'Hủy', NULL),
(100237, 2003, 10237, '2019-03-14 16:00:00', 'Đã thực hiện', 'Bé ngày càng khỏe mạnh hơn sau khi dùng dịch vụ'),
(100238, 2004, 10238, '2019-02-23 16:00:00', 'Chưa thực hiện', NULL),
(100239, 2005, 10239, '2019-04-21 16:00:00', 'Hủy', NULL),
(100240, 2006, 10240, '2019-09-02 16:00:00', 'Đã thực hiện', 'Bé ngày càng khỏe mạnh hơn sau khi dùng dịch vụ'),
(100241, 2007, 10241, '2019-03-12 16:00:00', 'Chưa thực hiện', NULL),
(100242, 2008, 10242, '2019-09-01 16:00:00', 'Hủy', NULL),
(100243, 2009, 10243, '2019-06-26 16:00:00', 'Đã thực hiện', 'Thú cưng xuất hiện dị ứng'),
(100244, 2010, 10244, '2019-01-06 16:00:00', 'Chưa thực hiện', NULL),
(100245, 2011, 10245, '2019-02-19 16:00:00', 'Hủy', NULL),
(100246, 2012, 10246, '2019-09-03 16:00:00', 'Đã thực hiện', 'Thú cưng xuất hiện dị ứng'),
(100247, 2013, 10247, '2019-10-29 16:00:00', 'Chưa thực hiện', NULL),
(100248, 2014, 10248, '2019-03-06 16:00:00', 'Hủy', NULL),
(100249, 2015, 10249, '2019-06-03 16:00:00', 'Đã thực hiện', 'Thú cưng xuất hiện dị ứng'),
(100250, 2016, 10250, '2019-10-21 16:00:00', 'Chưa thực hiện', NULL),
(100251, 2017, 10251, '2019-09-07 16:00:00', 'Hủy', NULL),
(100252, 2000, 10252, '2019-08-22 09:00:00', 'Đã thực hiện', 'Thú cưng xuất hiện dị ứng'),
(100253, 2001, 10253, '2019-03-09 16:00:00', 'Chưa thực hiện', NULL),
(100254, 2002, 10254, '2019-04-19 16:00:00', 'Hủy', NULL),
(100255, 2003, 10255, '2019-11-09 09:00:00', 'Đã thực hiện', 'Thú cưng xuất hiện dị ứng'),
(100256, 2004, 10256, '2019-08-07 16:00:00', 'Chưa thực hiện', NULL),
(100257, 2005, 10257, '2019-03-26 16:00:00', 'Hủy', NULL),
(100258, 2006, 10258, '2019-09-09 09:00:00', 'Đã thực hiện', 'Boss được chăm sóc rất tốt'),
(100259, 2007, 10259, '2019-08-24 16:00:00', 'Chưa thực hiện', NULL),
(100260, 2008, 10260, '2019-05-13 16:00:00', 'Hủy', NULL),
(100261, 2009, 10261, '2019-07-16 10:00:00', 'Đã thực hiện', 'Boss được chăm sóc rất tốt'),
(100262, 2010, 10262, '2019-12-20 16:00:00', 'Chưa thực hiện', NULL),
(100263, 2011, 10263, '2019-12-14 16:00:00', 'Hủy', NULL),
(100264, 2012, 10264, '2019-09-15 10:00:00', 'Đã thực hiện', 'Boss được chăm sóc rất tốt'),
(100265, 2013, 10265, '2019-01-25 16:00:00', 'Chưa thực hiện', NULL),
(100266, 2014, 10266, '2019-06-07 16:00:00', 'Hủy', NULL),
(100267, 2015, 10267, '2019-12-01 10:00:00', 'Đã thực hiện', 'Boss được chăm sóc rất tốt'),
(100268, 2016, 10268, '2019-09-19 16:00:00', 'Chưa thực hiện', NULL),
(100269, 2017, 10269, '2019-10-23 16:00:00', 'Hủy', NULL),
(100270, 2000, 10270, '2019-05-23 10:00:00', 'Đã thực hiện', 'Boss được chăm sóc rất tốt'),
(100271, 2001, 10271, '2019-06-17 16:00:00', 'Chưa thực hiện', NULL),
(100272, 2002, 10272, '2019-04-14 16:00:00', 'Hủy', NULL),
(100273, 2003, 10273, '2019-03-10 10:00:00', 'Đã thực hiện', 'Boss được chăm sóc rất tốt'),
(100274, 2004, 10274, '0000-00-00 00:00:00', 'Chưa thực hiện', NULL),
(100275, 2005, 10275, '2019-07-17 16:00:00', 'Hủy', NULL),
(100276, 2006, 10276, '2019-06-20 10:00:00', 'Đã thực hiện', 'Boss được chăm sóc rất tốt'),
(100277, 2007, 10277, '2019-09-14 16:00:00', 'Chưa thực hiện', NULL),
(100278, 2008, 10278, '2019-04-27 16:00:00', 'Hủy', NULL),
(100279, 2009, 10279, '2019-12-01 10:00:00', 'Đã thực hiện', 'Boss được chăm sóc rất tốt'),
(100280, 2010, 10280, '2019-03-06 16:00:00', 'Chưa thực hiện', NULL),
(100281, 2011, 10281, '2019-02-22 16:00:00', 'Hủy', NULL),
(100282, 2012, 10282, '2019-12-12 10:00:00', 'Đã thực hiện', 'Nhân viên nhiệt tình'),
(100283, 2013, 10283, '2019-01-10 16:00:00', 'Chưa thực hiện', NULL),
(100284, 2014, 10284, '2019-12-12 16:00:00', 'Hủy', NULL),
(100285, 2015, 10285, '2019-02-07 10:00:00', 'Đã thực hiện', 'Nhân viên nhiệt tình'),
(100286, 2016, 10286, '2019-07-20 16:00:00', 'Chưa thực hiện', NULL),
(100287, 2017, 10287, '2019-01-20 16:00:00', 'Hủy', NULL),
(100288, 2000, 10288, '2019-03-15 16:00:00', 'Chưa thực hiện', NULL),
(100289, 2001, 10289, '2019-09-02 16:00:00', 'Hủy', NULL),
(100290, 2002, 10290, '2019-12-08 10:00:00', 'Đã thực hiện', 'Nhân viên nhiệt tình'),
(100291, 2003, 10291, '2019-06-17 16:00:00', 'Chưa thực hiện', NULL),
(100292, 2004, 10292, '2019-02-16 16:00:00', 'Hủy', NULL),
(100293, 2005, 10293, '2019-05-19 10:00:00', 'Đã thực hiện', 'Nhân viên nhiệt tình'),
(100294, 2006, 10294, '2019-04-14 16:00:00', 'Chưa thực hiện', NULL),
(100295, 2007, 10295, '2019-03-07 16:00:00', 'Hủy', NULL),
(100296, 2008, 10296, '2019-05-17 10:00:00', 'Đã thực hiện', 'Nhân viên nhiệt tình'),
(100297, 2009, 10297, '2019-07-01 16:00:00', 'Chưa thực hiện', NULL),
(100298, 2010, 10298, '2019-09-24 16:00:00', 'Hủy', NULL),
(100299, 2011, 10299, '2019-11-05 10:00:00', 'Đã thực hiện', 'Nhân viên nhiệt tình');

-- --------------------------------------------------------

--
-- Table structure for table `product`
--

CREATE TABLE `product` (
  `productCode` int(10) NOT NULL,
  `keywords` text NOT NULL,
  `productLine` varchar(50) NOT NULL,
  `productName` varchar(100) NOT NULL,
  `image` text NOT NULL,
  `productQuantity` int(10) UNSIGNED NOT NULL,
  `price` int(10) UNSIGNED NOT NULL,
  `producer` varchar(30) NOT NULL,
  `productDescription` text DEFAULT NULL
) ENGINE=InnoDB DEFAULT CHARSET=utf8mb4;

--
-- Dumping data for table `product`
--

INSERT INTO `product` (`productCode`, `keywords`, `productLine`, `productName`, `image`, `productQuantity`, `price`, `producer`, `productDescription`) VALUES
(10001, 'Đồ dùng, chăm sóc, sức khỏe, vệ sinh, răng,chó, Bộ chăm sóc răng Arquivet, OEM', 'Đồ dùng cho chó', 'Bộ chăm sóc răng Arquivet', 'https://salt.tikicdn.com/cache/200x200/ts/product/59/16/6d/b5f7b82ff31e7fd556e6019dd580754f.png', 50, 105000, 'OEM', 'Kem đánh răng Tthơm miệng cho chó - 100g, loại bỏ nguyên nhân gây vi khuẩn hôi miệng. Giúp ngăn ngừa mảng bám, cao răng, viêm nướu và duy trì sự khỏe mạnh cho răng'),
(10002, 'Đồ dùng, chăm sóc, sức khỏe, vệ sinh, sữa, mùi, chó, Sữa tắm khử mùi DIVA, DIVA', 'Đồ dùng cho chó', 'Sữa tắm khử mùi DIVA', 'https://salt.tikicdn.com/cache/200x200/ts/product/3f/b7/eb/24b5e8157969b3ef4a82edb0ea386d1f.jpg', 50, 185000, 'DIVA', 'Nuôi dưỡng cho bộ lông thêm bóng mượt, hương thơm quyến rũ, không gây kích ứng da'),
(10003, 'Đồ dùng, chăm sóc, sức khỏe, vệ sinh, sữa, da, chó, Sữa tắm bảo vệ da cho chó SOS, SOS', 'Đồ dùng cho chó', 'Sữa tắm bảo vệ da cho chó SOS', 'https://salt.tikicdn.com/cache/200x200/ts/product/2b/47/c8/0d538cd278d47f1c088d5e98946c89f3.jpg', 50, 91000, 'SOS', 'Là sản phẩm giúp phục hồi, bảo vệ da, ngăn ngừa viêm da và có tác dụng diệt ve nấm, bọ chét….Đây là loại chăm sóc lông, khử mùi, diệt khuẩn. Với công dụng làm sạch, chăm sóc da, loại bỏ bụi bẩn, khử mùi, diệt khuẩn, lưu giữ lại hương thơm lâu lên đến hơn 10 ngày, đặc biệt KHÔNG GÂY HẠI CHO DA phòng trừ ve rận cho tất cả các giống chó, với tính năng thích hợp cho nhiều giống chó, không gây kích ứng da.'),
(10004, 'Đồ dùng, chăm sóc, sức khỏe, vệ sinh, mùi, chó, Bình xịt khử mùi dưỡng lông cho chó Baby Powder Budle\'Budle BB112 (530ml), Budle\'Budle', 'Đồ dùng cho chó', 'Bình xịt khử mùi dưỡng lông cho chó Baby Powder Budle\'Budle BB112 (530ml)', 'https://salt.tikicdn.com/cache/200x200/ts/product/5e/06/2a/e32da2b0d6fa7fdc5274843ecae384c0.jpg', 50, 150000, 'Budle\'Budle', 'Cải thiện bộ lông hư tổn, xơ rối, hương thơm nhẹ nhàng tự nhiên, giúp thú cưng luôn sảng khoái mà không bị kích ứng'),
(10005, 'Đồ ăn, chăm sóc, sức khỏe, chó, hạt, trưởng thành, , Thức ăn hạt cao cấp dành cho cho trưởng thành giống chó nhỏ(dưới 25kg) Brit Care Adult, Brit', 'Đồ ăn cho chó', 'Thức ăn hạt cao cấp dành cho cho trưởng thành giống chó nhỏ(dưới 25kg) Brit Care Adult', 'https://salt.tikicdn.com/cache/200x200/ts/product/6b/ae/ae/a61f313b1cad8d5d5e3e644af9bbffc9.jpg', 50, 160000, 'Brit', 'Công thức không chứa ngũ cốc với đạm dễ tiêu hóa, và chất béo không bão hòa để cho sự phát triển tối ưu của cơ và thể chất. Chỉ số đường huyết thấp để duy trì lượng đường máu ở mức tối ưu và giảm nguy cơ bị béo phì, Axit béo omega-3 cao cho một trái tim và làn da khỏe, và một bộ lông óng ả và dày dặn.'),
(10006, 'Thuốc, chăm sóc, sức khỏe, vệ sinh, rận, chó, Thuốc nhỏ rận Bayer Advocate, BAYER', 'Thuốc thú y', 'Thuốc nhỏ rận Bayer Advocate', 'https://salt.tikicdn.com/cache/200x200/ts/product/bd/d4/9c/a3e7c05d578e4711a23f9646ecfd52c1.jpg', 50, 110000, 'BAYER', 'Giúp phòng và cắt sự quấy rối của ve và bọ chét, tiêu diệt trứng, nhộng và bọ chét trưởng thành, phòng và kiểm soát tái nhiễm, thuốc có tác động nhanh, kéo dài, không thấm nước'),
(10007, 'Đồ dùng, chăm sóc, sức khỏe, vệ sinh, dầu, chó, Dầu gội cho chó Ostech, OSTECH', 'Đồ dùng cho chó', 'Dầu gội cho chó Ostech', 'https://salt.tikicdn.com/cache/200x200/ts/product/b6/d4/3d/282165fcf2c25b393dbf2017909f71c1.jpg', 50, 105000, 'OSTECH', 'Chống kích ứng da, giống độ pH dành cho da em bé, không có chất tạo bọt là chất làm khô da, Ionic là 1 trong những nguyên nhân gây dị ứng, là gội, dầu xả và còn là kem dưỡng ẩm, nuôi dưỡng lông mượt và bóng, hiệu quả rõ rệt sau 1 tuần sữ dụng'),
(10008, 'Đồ dùng, chăm sóc, sức khỏe, vệ sinh, chó, lược, lông, Lược inox chải lông , OEM', 'Đồ dùng cho chó', 'Lược inox chải lông ', 'https://salt.tikicdn.com/cache/200x200/ts/product/ee/a6/db/1d5a8b0462160804e9599e33d10fcc1c.jpg', 50, 79000, 'OEM', 'Hiệu quả, dễ sử dụng, chải thường xuyên giúp lông mềm mượt, tạo cảm giác dễ chịu và mang lại vẻ đẹp cho thú cưng'),
(10009, 'Đồ dùng, chăm sóc, sức khỏe, vệ sinh, chó, mùi, Phấn khử mùi cho chó con Fay Puppy, Fay', 'Đồ dùng cho chó', 'Phấn khử mùi cho chó con Fay Puppy', 'https://salt.tikicdn.com/cache/200x200/ts/product/8b/ec/e2/c0c8d8704b5c304d218ace7b1686559f.jpg', 50, 40000, 'Fay', 'Fay Pupil là loại phấn khử mùi và làm khô sạch cho da lông thú bằng phương thức tắm khô, chuyên được dùng cho: Chó và mèo nhỏ, thường dễ bị bệnh khi tắm bằng nước. Các thú lớn đang trong thời gian bị bệnh. Làm sạch cho thú khi thời tiết lạnh.'),
(10010, 'Đồ dùng, chăm sóc, sức khỏe, vệ sinh, kem, răng, chó, khô, Kem Đánh Răng Khô Cho Chó Budle\'Budle, Budle\'Budle', 'Đồ dùng cho chó', 'Kem Đánh Răng Khô Cho Chó Budle\'Budle', 'https://salt.tikicdn.com/cache/200x200/ts/product/01/c5/15/353bbbeeaebfba67ddfccd7829e4bc9b.jpg', 50, 150000, 'Budle\'Budle', 'Chứa nha đam, vitamin B6, Chitosan. Loại bỏ mảng bám và sự hình thành vôi răng. Chống lại các chứng bệnh về nướu. Kiểm soát mùi hôi miệng'),
(10011, 'Đồ dùng, chăm sóc, sức khỏe, vệ sinh, kìm, móng, chó, mèo, Kìm cắt móng chó mèo Pet Grooming Tools, OEM', 'Đồ dùng cho chó', 'Kìm cắt móng chó mèo Pet Grooming Tools', 'https://salt.tikicdn.com/cache/200x200/ts/product/36/24/3f/7061be86a57c08eeee8610133cbc4cb3.jpg', 100, 45000, 'OEM', 'Chất liệu thép không gỉ chắc chắn. Giúp cắt tỉa móng thú cưng gọn gàng. Cắt được cho tất cả các loại móng của chó mèo. Sản phẩm giao màu ngẫu nhiên'),
(10012, 'Đồ dùng, chăm sóc, sức khỏe, vệ sinh, sữa, chó, mèo, dầu, Sữa tắm tinh dầu Queen cao cấp dành cho chó mèo, Show Queen', 'Đồ dùng cho chó', 'Sữa tắm tinh dầu Queen cao cấp dành cho chó mèo', 'https://salt.tikicdn.com/cache/200x200/ts/product/7a/be/89/a99188399ba287a82df290b53d363414.jpg', 100, 230000, 'Show Queen', 'Đúng như cái tên, đánh bật mọi sữa tắm về Độ thơm và Dưỡng lông . Sữa tắm Show Queen là sản phẩm sữa tắm nước hoa cao cấp giúp cho thú cưng trở nên xinh đẹp và quyến rũ hơn. Thành phẩn có chứa tinh dầu Marocco-argan giúp chăm sóc bề mặt da và lông thú hiệu quả.'),
(10013, 'Đồ dùng, chăm sóc, nhà, ngoài trời, gỗ, cửa, chó, Nhà gỗ ngoài trời có cửa dành cho chó, OEM', 'Đồ dùng cho chó', 'Nhà gỗ ngoài trời có cửa dành cho chó', 'https://salt.tikicdn.com/cache/200x200/ts/product/67/50/ff/8dc950c21751ea92b03ed129af812364.jpg', 100, 1525000, 'OEM', 'Chúng tôi tin rằng khi bạn chọn vào đây thì bạn hoặc người thân đang nuôi ít nhất một bé cún hoặc mèo con. Và có thể bạn chưa biết Nhà với chuồng là đồ dùng cho chó mèo không thể thiếu. Nhà gỗ chó mèo được làm từ chất liệu gỗ Plywood siêu bền, chắc chắn, có độ thẩm mỹ cao. Những chi tiết nhỏ tỉ mỉ và ngộ nghĩnh, giúp cho ngôi nhà trở nên đáng yêu hơn. Sản phẩm có nhiều kích thước phù hợp với Boss yêu của bạn'),
(10014, 'Đồ dùng, chăm sóc, sức khỏe, vệ sinh, lược, ve, chấy, rận, chó, Lược Chải Ve Chấy Rận Cho Chó, OEM', 'Đồ dùng cho chó', 'Lược Chải Ve Chấy Rận Cho Chó', 'https://salt.tikicdn.com/cache/200x200/ts/product/6c/8b/f2/3e5b332d24f24cf1ca2d4ee222e047e1.jpg', 100, 55000, 'OEM', 'Thích hợp dùng cho cả thú cưng lông ngắn hay dài. Loại bỏ lông rụng bám trên người thú cưng. Loại bỏ lông rụng tối đa nhưng ko làm gãy rụng lông khỏe bên ngoài. Chất liệu tốt, chắc chắn, bền, không rỉ, chải sạch hết ve rận bám vào lông'),
(10015, 'Đồ dùng, chăm sóc, sức khỏe, vệ sinh, sàn, nhựa, chó, Tấm nhựa dẻo lót sàn cho chó, OEM', 'Đồ dùng cho chó', 'Tấm nhựa dẻo lót sàn cho chó', 'https://salt.tikicdn.com/cache/200x200/ts/product/c2/fb/f3/e5376ab502a5dea04d4a62812792bb96.jpg', 100, 22000, 'OEM', 'Tấm lót sàn làm từ nhựa dẻo cao cấp, mềm dẻo và đảm bảo an toàn khi sử dụng. Mắt lưới nhỏ, để các bạn chó mèo không bị lọt chân, phòng trừ những biểu hiện không tốt trong quá trình phát triển – ví dụ như tõe ngón, viêm da, hạ bàn…Nhưng vẫn đảm bảo lọt nước tiểu xuống dưới, giữ cho bề mặt tấm lót sàn luôn sạch sẽ, khô thoáng. Các tấm có khớp nối được với nhau, dễ dàng tháo gỡ & làm sạch.'),
(10016, 'Đồ chơi, bóng, chuột, chó, Đồ Chơi Bóng Chuột Cho Chó, OEM', 'Đồ dùng cho chó', 'Đồ Chơi Bóng Chuột Cho Chó', 'https://salt.tikicdn.com/cache/200x200/ts/product/13/93/33/ddb9657d26bfde3b23b23b8eb7f6ebdf.jpg', 100, 30000, 'OEM', 'Làm từ chất liệu an toàn giúp thú cưng hăng say chơi. Tạo sự vận động khỏe mạnh và nhanh nhẹn. Kiểu dáng và màu sắc đẹp, hấp dẫn thú cưng nhà bạn. Chất liệu bền, chắc chắn'),
(10017, 'Đồ dùng, chăm sóc, ăn, uống, chén, chó, Bộ Đôi Chén Ăn và Uống Cho Chó, OEM', 'Đồ dùng cho chó', 'Bộ Đôi Chén Ăn và Uống Cho Chó', 'https://salt.tikicdn.com/cache/200x200/ts/product/c8/1c/6d/766741841e92367531819308501621eb.jpg', 100, 124000, 'OEM', 'Kích thước lòng chén 10cm. Kiểu dáng, mẫu mã dễ thương. Chất liệu an toàn cho thú cưng. Dùng được cho cả ăn và uống'),
(10018, 'Đồ dùng, chăm sóc,  uống, bình, nước, tự động, chó, Bình Nước Tự Động Cho Chó , OEM', 'Đồ dùng cho chó', 'Bình Nước Tự Động Cho Chó ', 'https://salt.tikicdn.com/cache/200x200/ts/product/9f/47/a2/b0155321d12212b825c483ca67bc825d.jpg', 100, 40000, 'OEM', 'Sản phẩm được thiết kế hiện đại. Tự động cấp nước cho chó mèo. Tự động cấp nước cho chó mèo. Rất tiện dụng khi bạn vắng nhà. Sản phẩm giao màu ngẫu nhiên'),
(10019, 'Đồ dùng, chăm sóc, dây, cổ, đi dạo, da, chó, mèo, Dây da cao cấp cho chó mèo GC, Kún Miu', 'Đồ dùng cho chó', 'Dây da cao cấp cho chó mèo GC', 'https://salt.tikicdn.com/cache/200x200/ts/product/67/59/57/80b6e2b88a261228e4f526b79063321b.jpg', 100, 75000, 'Kún Miu', 'Sản phẩm Dây da cao cấp cho chó mèo GC Kún Miu nổi bật lên với tông màu nâu đen nhã nhặn, cực \"sang chảnh\". Chất liệu hoàn toàn từ da cầm chắc tay, cùng với móc khóa và các chi tiết đính kèm là đồng nguyên chất. Móc khóa cực chắc chắn, thích hợp dùng với các giống chó nhỏ, lớn, chó trưởng thành. Bạn có thể thoải mái quản lý cún cưng trong các chuyến đi nhé.'),
(10020, 'Đồ dùng, chăm sóc,  ăn, uống, bát, kim loại, inox, chó, mèo, Bát Đơn Inox Cho Chó Mèo, OEM', 'Đồ dùng cho chó', 'Bát Đơn Inox Cho Chó Mèo', 'https://salt.tikicdn.com/cache/200x200/ts/product/fa/1f/b6/5543c0bf814dfe10bac9bf8df99e1403.jpg', 100, 85000, 'OEM', 'Sản phẩm Bát ăn inox cho chó mèo xứng đáng là sự lựa chọn lý tưởng của bạn dành cho thú cưng. Bề mặt trơn láng, dễ dàng chùi rửa sạch sẽ sau khi sử dụng. Được thiết kế đế cao, an toàn không sợ đổ hay trượt, sản phẩm phù hợp với các chú chó …'),
(10021, 'Đồ dùng, chăm sóc vệ sinh, nệm, nằm, tròn, chó, mèo, ổ nệm cho chó mèo hình tròn size lớn,  OEM', 'Đồ dùng cho chó', 'ổ nệm cho chó mèo hình tròn size lớn', 'https://salt.tikicdn.com/cache/200x200/ts/product/d4/74/af/065903b701a6f122527f43a598dc935e.PNG', 150, 300000, ' OEM', 'Ổ cho chó mèo size lớn 60x80x30cm ,ổ nệm cho thú cưng làm bằng vải nhung lông, dành cho cún 1 đến 70kg, trong xám ngoài đen'),
(10022, 'Đồ dùng, chăm sóc, nhà, gỗ, chó, Nhà Gỗ Độc Đáo Cho Chó, OEM', 'Đồ dùng cho chó', 'Nhà Gỗ Độc Đáo Cho Chó', 'https://salt.tikicdn.com/cache/200x200/ts/product/fa/a0/22/8f45215d5abe5bebac0f8e3f1bc5e98a.png', 150, 750000, 'OEM', 'Thích hợp cho các bé Cún nặng dưới 9kg. Chất liệu : Ván Plywood dày 15mm siêu bền, thẩm mỹ cao. Lắp ráp dễ dàng, gọn gàng, dễ vệ sinh và vận chuyển. Nhà Boss mang phong cách hiện đại phù hợp với cả những căn hộ chung cư'),
(10023, 'Đồ dùng, huấn luyện, chuông, chó, Chuông huấn luyện cho chó, OEM', 'Đồ dùng cho chó', 'Chuông huấn luyện cho chó', 'https://salt.tikicdn.com/cache/200x200/ts/product/52/63/90/3dbcf0f8f6aad17a3f4046cc4815984c.PNG', 150, 55000, 'OEM', 'Nhắc nhở tới giờ ăn. Xin đi vệ sinh, xin đi chơi hoặc dùng để chơi, nghịch ngợm'),
(10024, 'Đồ dùng, chăm sóc, sức khỏe, vệ sinh, sữa, tắm, chó, Sữa tắm Yu Hoa Trà cho chó mèo 400ML, OEM', 'Đồ dùng cho chó', 'Sữa tắm Yu Hoa Trà cho chó mèo 400ML', 'https://salt.tikicdn.com/cache/200x200/ts/product/41/97/9e/b6bf7758b376734b2544bcd9a79fe114.jpg', 150, 380000, 'OEM', 'Sữa tắm Yú là dòng sản phẩm chăm sóc lông chó, mèo độc đáo từ các loài hoa và thảo mộc phương Đông nâng niu làn da nhạy cảm, giúp bộ lông của thú cưng trở nên mềm mượt, đẫm hương thơm.'),
(10025, 'Đồ dùng, chăm sóc, vệ sinh, lông, tông đơ, chó, mèo, Tông đơ cao cấp Codos Cp-6800 cho chó mèo, Codos', 'Đồ dùng cho chó', 'Tông đơ cao cấp Codos Cp-6800 cho chó mèo', 'https://salt.tikicdn.com/cache/200x200/ts/product/3c/89/fb/bfd07a69ddea51430bc0cc2c3a8938a0.jpg', 150, 400000, 'Codos', 'Chiếc tông đơ codos cp 6800 với động cơ mạnh mẽ, chạy cực êm sẽ không làm cún iu hoảng sợ. Lưỡi dao bằng sứ Titanium, sắc bén cắt rất “ngọt”, đảm bảo không có hiện tượng nhâm, ngậm lông, hoặc đứng máy khi gặp chùm lông dày. Chỉ trong 20 phút, chú cún của bạn sẽ được thay kiểu lông mới cực xinh xắn.'),
(10026, 'Đồ dùng, rọ mõm, kim loại, inox, chó, Rọ mõm cho chó -chất liệu inox không gỉ, SUNZIN', 'Đồ dùng cho chó', 'Rọ mõm cho chó -chất liệu inox không gỉ', 'https://salt.tikicdn.com/cache/200x200/ts/product/8c/aa/da/01bca2ee82d1329922d49eb16b9af96e.png', 150, 95000, 'SUNZIN', 'Rọ mõm chó inox - chó 7-12kg (size tiểu ) hanpet 375e. chất liệu 100% inox cực kỳ chắc chắn, không gỉ, dây đai rất dai bền, chắc, có thể điều chỉnh kích thước, có tấm nệm hầu, giúp chó đeo lâu không bị hằn cổ'),
(10027, 'Đồ dùng, chăm sóc, sức khỏe, vệ sinh, lông, tai, bột, chó, mèo, Bột Nhổ Lông Tai Cho Chó Mèo Petis Ear Powder, OEM', 'Đồ dùng cho chó', 'Bột Nhổ Lông Tai Cho Chó Mèo Petis Ear Powder', 'https://salt.tikicdn.com/cache/200x200/ts/product/e9/02/bc/10e1992c53b8ac97c00ccd5c4ff7042e.jpg', 150, 65000, 'OEM', 'Đặc điểm quan trọng nhất của bột nhổ lông tai cho chó mèo - Petis Ear Powder là có thể giảm đau giảm ngứa khi nhổ lông tai của chúng, để chú chó của bạn không thấy cảm giác đau sẽ không kháng cự khi nhổ lông tai chúng, và chúng ta hoàn toàn có thể thoải mái làm điều đó.'),
(10028, 'Đồ dùng, chăm sóc, sức khỏe, vệ sinh, cổ, vòng, ve, rận, chó, Vòng cổ trị ve rận cho chó lớn, OEM', 'Đồ dùng cho chó', 'Vòng cổ trị ve rận cho chó lớn', 'https://salt.tikicdn.com/cache/200x200/ts/product/35/78/4b/44f2aeee54942f54d210c29f2cb3f6b5.jpg', 150, 70000, 'OEM', 'Vòng cổ trị ve rận cho chó 4 in 1 là sản phẩm đeo cho chó để đuổi và diệt ve rận với công hiệu bảo vệ lâu dài, 4 hiệu quả trong 1. Sử dụng thuận tiện, đeo trên cổ là có thể đuổi bọ diệt bọ: Công thức diệt bọ không độc, sử dụng chất chế từ thiên nhiên. Trong quá trình chó con đeo trên cổ, trực tiếp phát huy công dụng, nhanh chóng tiêu diệt bọ chét, rệp, rận, ve,.. xâm phạm cơ thể.'),
(10029, 'Đồ ăn, chăm sóc, sức khỏe, thực phẩm chức năng, chó, thịt, Đồ Ăn Cho Chó Trưởng Thành SmartHeart Hương Vị Thịt Bò Nướng, SmartHeart', 'Đồ ăn cho chó', 'Đồ Ăn Cho Chó Trưởng Thành SmartHeart Hương Vị Thịt Bò Nướng', 'https://salt.tikicdn.com/cache/200x200/ts/product/81/ae/67/a5208c43b6deaf9e1994e8f822eeeb90.jpg', 150, 100000, 'SmartHeart', 'Chất đạm giúp cơ thể phát triển toàn diện, cân bằng tối ưu giữa Omega 3 và Omega 6 giúp hỗ trợ sự phát triển cho Da và bộ Lông, mức tối ưu Canxi và Photpho giúp cho Răng và Xương cứng cáp, khỏe mạnh'),
(10030, 'Đồ ăn, chăm sóc, sức khỏe, thực phẩm chức năng, chó, thịt, Đồ Ăn Cho Chó Trưởng Thành Hương Vị Thịt Bò Nướng Classic Pets (2kg), Classic Pets', 'Đồ ăn cho chó', 'Đồ Ăn Cho Chó Trưởng Thành Hương Vị Thịt Bò Nướng Classic Pets (2kg)', 'https://salt.tikicdn.com/cache/200x200/ts/product/51/02/bb/10d7dafd61b4fec0ff738e42f4b98dad.jpg', 150, 105000, 'Classic Pets', 'Chất đạm giúp cơ thể phát triển toàn diện, cân bằng tối ưu giữa Omega 3 và Omega 6 giúp hỗ trợ sự phát triển cho Da và bộ Lông, mức tối ưu Canxi và Photpho giúp cho Răng và Xương cứng cáp, khỏe mạnh'),
(10031, 'Đồ ăn, chăm sóc, sức khỏe, thực phẩm chức năng, thịt, gà, rau, củ, Đồ Ăn Cho Chó Vị Gà Và Các Loại Rau Củ Pedigree Dạng Túi 1.5kg, Pedigree', 'Đồ ăn cho chó', 'Đồ Ăn Cho Chó Vị Gà Và Các Loại Rau Củ Pedigree Dạng Túi 1.5kg', 'https://salt.tikicdn.com/cache/200x200/ts/product/e0/06/21/e31e2560ec8adf52228581059fcd2c3b.jpg', 150, 100000, 'Pedigree', 'Cung cấp dinh dưỡng hoàn hảo. Giúp cún cưng của bạn có thể phát triển một cách toàn diện. Sản phẩm có chứa độ béo và khoáng chất tối đa. Giúp nuôi dưỡng những bộ lông mềm mượt'),
(10032, 'Đồ ăn, chăm sóc, sức khỏe, thực phẩm chức năng, chó, gà, trứng, sữa, Đồ Ăn Cho Chó Con Pedigree Vị Gà, Trứng Và Sữa Dạng Túi 1.5kg, Pedigree', 'Đồ ăn cho chó', 'Đồ Ăn Cho Chó Con Pedigree Vị Gà, Trứng Và Sữa Dạng Túi 1.5kg', 'https://salt.tikicdn.com/cache/200x200/ts/product/c2/c6/ad/0a12bef4f9d96f920056f956e07a6cc1.jpg', 150, 105000, 'Pedigree', 'Cung cấp dinh dưỡng hoàn hảo. Giúp cún cưng của bạn có thể phát triển một cách toàn diện. Sản phẩm có chứa độ béo và khoáng chất tối đa. Giúp nuôi dưỡng những bộ lông mềm mượt'),
(10033, 'Đồ ăn, chăm sóc, sức khỏe, thực phẩm chức năng, chó, thịt, bò, Đồ Ăn Khô Cho Chó Con Hương Vị Thịt Bò Và Sữa SmartHeart (3kg), SmartHeart', 'Đồ ăn cho chó', 'Đồ Ăn Khô Cho Chó Con Hương Vị Thịt Bò Và Sữa SmartHeart (3kg)', 'https://salt.tikicdn.com/cache/200x200/media/catalog/product/9/-/9-sh-puppy.u2566.d20170627.t184924.971431.jpg', 150, 200000, 'SmartHeart', 'Cung cấp đầy đủ dưỡng chất cần thiết cho sự phát triển của thú cưng, Kiếu dáng túi nhỏ gọn, tiện dụng, Sản xuất bởi dây chuyền hiện đại, đảm bảo vệ sinh an toàn thực phẩm'),
(10034, 'Đồ ăn, chăm sóc, sức khỏe, thực phẩm chức năng, chó, gà, thịt, Đồ Ăn Cho Chó Con Pedigree Vị Gà Nấu Sốt 130g, Pedigree', 'Đồ ăn cho chó', 'Đồ Ăn Cho Chó Con Pedigree Vị Gà Nấu Sốt 130g', 'https://salt.tikicdn.com/cache/200x200/ts/product/3f/32/39/ce589d706f76b3150c94a4d7ab0d0018.jpg', 150, 16000, 'Pedigree', 'Cung cấp dinh dưỡng hoàn hảo, giúp cún cưng của bạn có thể phát triển một cách toàn diện. Sản phẩm có chứa độ béo và khoáng chất tối đa giúp nuôi dưỡng những bộ lông mềm mượt'),
(10035, 'Đồ ăn, chăm sóc, sức khỏe, thực phẩm chức năng, chó, Đồ Ăn Chó Trưởng Thành Giống Nhỏ Hương Vị Cừu Và Gạo SmartHeart Gold (1Kg), SmartHeart', 'Đồ ăn cho chó', 'Đồ Ăn Chó Trưởng Thành Giống Nhỏ Hương Vị Cừu Và Gạo SmartHeart Gold (1Kg)', 'https://salt.tikicdn.com/cache/200x200/ts/product/21/1b/a5/2a73e618613e3c571ff26b822c3ce700.jpg', 150, 105000, 'SmartHeart', 'Đồ Ăn Chó Trưởng Thành Giống Nhỏ Hương Vị Cừu Và Gạo SmartHeart Gold (1Kg) chứa Glucozamin & Chondroitin từ bột cừu hỗ trợ chức năng khớp & sụn, giúp xương khớp phát triển khoẻ mạnh. Gạo là nguyên liệu chính, nguồn năng lượng dễ tiêu hóa & hấp thụ. DHA từ dầu cá giúp tăng cường phát triển chức năng não bộ & hệ thần kinh, cân bằng mức độ can-xi & photpho giúp răng & xương chắc khỏe. Bột củ cải đường cung cấp chất xơ lên men tự nhiên tăng cường sức khỏe đường ruột, cân bằng Omega 3 & 6 từ hạt lanh giúp làn da khỏe mạnh. Cây sương giá (yucca) giúp giảm mùi hôi của phân. Dinh dưỡng cân bằng & hoàn chỉnh, chất chống oxy hóa tự nhiên.'),
(10036, 'Đồ ăn, chăm sóc, sức khỏe, thực phẩm chức năng, chó, Đồ Ăn Chó Trưởng Thành SmartHeart Power Pack (3Kg), SmartHeart', 'Đồ ăn cho chó', 'Đồ Ăn Chó Trưởng Thành SmartHeart Power Pack (3Kg)', 'https://salt.tikicdn.com/cache/200x200/ts/product/1d/ad/18/1064bd3d375112ba293f331327f6ea1c.jpg', 150, 240000, 'SmartHeart', 'Đồ Ăn Chó Trưởng Thành SmartHeart Power Pack (3Kg) chứa đầy đủ dưỡng chất, giàu năng lượng cho các chú chó thường xuyên vận động. Giàu nguồn đạm chất lượng hỗ trợ phát triển hệ thống co bắp. L-Carnitin giúp tăng cường chuyển hóa chất béo để xây dựng khối cơ, omega 6 giúp làn da khỏe mạnh, cho hệ miễn dịch, hệ tiêu hóa khỏe mạnh.'),
(10037, 'Đồ ăn, chăm sóc, sức khỏe, thực phẩm chức năng, chó, thịt, Đồ Ăn Cho Chó Vị Thịt Bò Và Gan SmartHeart (Hộp 400g), SmartHeart', 'Đồ ăn cho chó', 'Đồ Ăn Cho Chó Vị Thịt Bò Và Gan SmartHeart (Hộp 400g)', 'https://salt.tikicdn.com/cache/200x200/media/catalog/product/1/2/12--beef-_-lamb-400g.u4064.d20170514.t150635.313880.jpg', 150, 27000, 'SmartHeart', 'Được sản xuất từ vị thịt tươi và nguyên liệu tự nhiên Hương vị thơm ngon hấp dẫn Hàm lượng dinh dưỡng cao. Dạng viên nhỏ gọn giúp cún yêu dễ ăn và hấp thu'),
(10038, 'Đồ ăn, chăm sóc, sức khỏe, thực phẩm chức năng, chó, thịt, khô, Đồ Ăn Khô Cho Chó Trưởng Thành Vị Thịt Cừu Và Gạo SmartHeart (3kg), SmartHeart', 'Đồ ăn cho chó', 'Đồ Ăn Khô Cho Chó Trưởng Thành Vị Thịt Cừu Và Gạo SmartHeart (3kg)', 'https://salt.tikicdn.com/cache/200x200/ts/product/b5/c7/b3/89935888df1489f369f2407ed2fa2eaf.jpg', 150, 232000, 'SmartHeart', 'Chứa thành phần DHA và choline Cân bằng các axit béo Omega 3 & 6 Thành phần dễ tiêu hóa, tăng khả năng hấp thụ. Cấu trúc hạt nhỏ dễ ăn Bao bì sản phẩm có thể thay đổi tùy theo đợt nhập hàng'),
(10039, 'Đồ ăn, chăm sóc, sức khỏe, thực phẩm chức năng, chó, thịt, 12 Gói Đồ Ăn Cho Chó Vị Bò Miếng Nấu Xốt SmartHeart (130g), SmartHeart', 'Đồ ăn cho chó', '12 Gói Đồ Ăn Cho Chó Vị Bò Miếng Nấu Xốt SmartHeart (130g)', 'https://salt.tikicdn.com/cache/200x200/ts/product/d0/30/4e/a31a983e35202f7dbe8fb65c90b9b61b.jpg', 150, 280000, 'SmartHeart', '12 Gói Đồ Ăn Cho Chó Vị Bò Miếng Nấu Xốt SmartHeart (130g) có mùi vị thơm ngon hấp dẫn, kích thích vị giác giúp cún cưng nhà bạn ăn nhiều và ngon miệng hơn. DHA có trong dầu cá và Colin (từ celithin) tăng cường sự phát triển trí não và chức năng hệ thần kinh. Axit béo Omega 3 từ dầu cá giúp tim mạch khỏe mạnh. Vitamin E và Selenium giúp tăng cường hệ thống miễn dịch. Axit béo Omega 3 và 6 giúp da khỏe mạnh, lông óng mượt. Canxi, Photpho tốt cho hệ xương và răng. Thành phần dễ tiêu hóa và hấp thu.'),
(10040, 'Đồ ăn, chăm sóc, sức khỏe, thực phẩm chức năng, chó, thịt, gà, 12 Túi Đồ Ăn Cho Chó Vị Thịt Gà Miếng Nấu Xốt SmartHeart (130g), SmartHeart', 'Đồ ăn cho chó', '12 Túi Đồ Ăn Cho Chó Vị Thịt Gà Miếng Nấu Xốt SmartHeart (130g)', 'https://salt.tikicdn.com/cache/200x200/ts/product/fd/4c/81/0d6d56468aa18435e3b5783f16ee34ef.jpg', 150, 280000, 'SmartHeart', 'Được sản xuất từ vị thịt tươi và nguyên liệu tự nhiên, hương vị thơm ngon hấp dẫn, hàm lượng dinh dưỡng cao. Dạng viên nhỏ gọn giúp cún yêu dễ ăn và hấp thu'),
(10041, 'Đồ ăn, chăm sóc, sức khỏe, thực phẩm chức năng, hạ, Đồ Ăn Chó SmartHeart Gold Dành Cho Chó Con Và Chó Mang Thai (1Kg), SmartHeart', 'Đồ ăn cho chó', 'Đồ Ăn Chó SmartHeart Gold Dành Cho Chó Con Và Chó Mang Thai (1Kg)', 'https://salt.tikicdn.com/cache/200x200/ts/product/3f/08/c2/3fa61511fc181629131960358e14b56c.jpg', 200, 110000, 'SmartHeart', 'Đồ Ăn Chó SmartHeart Gold Dành Cho Chó Con Và Chó Mang Thai (1Kg) cung cấp Prebiotics trong sữa của chó mẹ giúp tăng cường hệ miễn dịch và sức khỏe toàn diện. Cân bằng mức độ can-xi & photpho giúp xương & răng chắc khỏe. DHA từ dầu cá giúp tăng cường phát triển chức năng não bộ & hệ thần kinh. Bột củ cải đường cung cấp chất xơ lên men tự nhiên tăng cường sức khỏe đường ruột. Hỗ trợ các hoạt động thường ngày & phát triển nhanh chóng. Cân bằng Omega 3 & 6 từ hạt lanh giúp làn da khỏe mạnh. Cây sương giá (yucca) giúp giảm mùi hôi của phân. Chất chống oxy hóa tự nhiên, dinh dưỡng cân bằng & hoàn chỉnh.'),
(10042, 'Đồ ăn, chăm sóc, sức khỏe, thực phẩm chức năng, chó, Hạt cho chó trộn lẫn thịt bò, phô mai, cá hồi, rau củ nguyên chất, OEM', 'Đồ ăn cho chó', 'Hạt cho chó trộn lẫn thịt bò, phô mai, cá hồi, rau củ nguyên chất', 'https://salt.tikicdn.com/cache/200x200/ts/product/3d/50/39/84f6e79337ee02e15c9b3664be620730.jpg', 200, 220000, 'OEM', 'Hạt phù hợp với mọi loại chó, mọi lứa tuổi trộn lẫn bò, cá hồi, phô mai, rau củ. Hỗ trợ mượt lông. Không gây kích ứng da .Có thể dùng như bánh thưởng, vì thành phần đã bao gồm các loại snack. Được kiểm tra an toàn vệ sinh kỹ lưỡng, bảo đảm sức khỏecho các bé'),
(10043, 'Đồ ăn, chăm sóc, sức khỏe, thực phẩm chức năng, chó, bò, thịt, Đồ Ăn Cho Chó Lớn Pedigree vị bò Lon 400g, Pedigree', 'Đồ ăn cho chó', 'Đồ Ăn Cho Chó Lớn Pedigree vị bò Lon 400g', 'https://salt.tikicdn.com/cache/200x200/ts/product/75/e5/02/aa7facb47cc270c1071e6c88188061ae.jpg', 200, 50000, 'Pedigree', 'Cung cấp dinh dưỡng hoàn hảo giúp cún cưng của bạn có thể phát triển một cách toàn diện. Sản phẩm có chứa độ béo và khoáng chất tối đa giúp nuôi dưỡng những bộ lông mềm mượt'),
(10044, 'Đồ ăn, chăm sóc, sức khỏe, thực phẩm chức năng, chó, bánh, Bánh thưởng cho chó Jerky 70gr nhiều vị, OEM', 'Đồ ăn cho chó', 'Bánh thưởng cho chó Jerky 70gr nhiều vị', 'https://salt.tikicdn.com/cache/200x200/ts/product/aa/59/e7/e74dfcf6dffd3bdf106792c0a204a16f.jpg', 200, 25000, 'OEM', 'Bánh thưởng cho cún có tác dụng giúp các bé không cắn phá đồ trong nhà mỗi khi ngứa răng, và là phần thưởng cho cún trong khi huấn luyện hoặc ngoan ngoãn nghe lời. Bổ sung thêm canxi giúp chắc răng, khoẻ răng, thơm miệng. Trọng lượng 70gr'),
(10045, 'Đồ ăn, chăm sóc, sức khỏe, thực phẩm chức năng, chó, hạt, Thức ăn hạt cho chó mọi lứa tuổi DOG MANIA Premium, DOG MANIA', 'Đồ ăn cho chó', 'Thức ăn hạt cho chó mọi lứa tuổi DOG MANIA Premium', 'https://salt.tikicdn.com/cache/200x200/ts/product/65/40/5f/9f9d164db38be08c19c50191ecfa263c.jpg', 200, 290000, 'DOG MANIA', 'Kháng khuẩn cực tốt - Hạn chế sự sinh sản của vi khuẩn, tăng miễn dịch răng miệng và khử mùi hôi miệng Loại bỏ oxy hoạt tính có tác dụng phòng chống oxy hóa. Kích thích vị giác mang lại cảm giác thèm ăn cho thú cưng Duy trì hệ miễn dịch khỏe mạnh giúp hình thành cơ bắp chắc chắn'),
(10046, 'Đồ ăn, chăm sóc, sức khỏe, thực phẩm chức năng, chó, Thức Ăn Cho Chó Mẹ Và Chó Con Smartheart Mother & Baby Dog, SmartHeart', 'Đồ ăn cho chó', 'Thức Ăn Cho Chó Mẹ Và Chó Con Smartheart Mother & Baby Dog', 'https://salt.tikicdn.com/cache/200x200/ts/product/45/49/93/61fcafc1042c83e0c52b1b3526d7acf8.jpg', 200, 140000, 'SmartHeart', 'Thức ăn cho chó mẹ và chó con Smartheart Mother & Baby Dog làm từ: Bắp, thịt gia cầm, gạo, đậu nành, mỡ gà, đậu nành giàu chất béo, men bia khô, lecithin, dầu cá, muối i ốt, vitamin và khoáng chất, chất chống oxy hóa, hương vị bò nướng và màu tổng hợp,… Protein cao để hỗ trợ sự phát triển của phôi thai, sản xuất sữa của mẹ và sự phát triển của con chó con Prebiotic, Galacto-oligosaccharide để tăng cường vi khuẩn có lợi, cải thiện sức khỏe hệ thống tiêu hóa và chất lượng phân'),
(10047, 'Đồ ăn, chăm sóc, sức khỏe, thực phẩm chức năng, chó, Thức Ăn Chó Trưởng Thành Giống Nhỏ Chống Chảy Nước Mắt Và Viêm Da (Từ 10 Tháng) Fitmin Mini 400G, Fitmin ', 'Đồ ăn cho chó', 'Thức Ăn Chó Trưởng Thành Giống Nhỏ Chống Chảy Nước Mắt Và Viêm Da (Từ 10 Tháng) Fitmin Mini 400G', 'https://salt.tikicdn.com/cache/200x200/ts/product/e5/ca/46/5ab6ad7dde8de21191364e6870d1b52d.jpg', 200, 65000, 'Fitmin ', 'Thức Ăn Chó Trưởng Thành Giống Nhỏ Chống Chảy Nước Mắt & Viêm Da (Từ 10 Tháng) Fitmin Mini 400G làm từ thịt tươi giàu chất dinh dưỡng và tốt cho sức khỏe. Không lúa mạch giảm nguy cơ kích ứng lợi khuẩn tăng cường vi khuẩn có lợi. Không chứa Gmo (Thành phần biến đổi gen) Chất chống oxy hóa tự nhiên. Chăm sóc răng cho hàm răng khỏe mạnh Chiết xuất cây hương thảo hỗ trợ gan và tiêu hóa. Tinh chất cây ngọc giá giúp giảm mùi hôi và nước tiểu'),
(10048, 'Đồ ăn, chăm sóc, sức khỏe, thực phẩm chức năng, chó, răng, Xương Bàn Chải, Xương Orgo cho chó, OEM', 'Đồ ăn cho chó', 'Xương Bàn Chải, Xương Orgo cho chó', 'https://salt.tikicdn.com/cache/200x200/ts/product/15/cd/8a/c88d2ce987c4266dfc1052da9badf0df.jpg', 200, 45000, 'OEM', 'Vị bạc hà: chứa các thành phần bạc hà, chanh tự nhiên, có khả năng loại bỏ các vi khuẩn gây hôi miệng, làm sạch răng và bảo vệ cao răng. Vị thịt bò: Chứa các thành phần thịt bò tự nhiên bổ sung dinh dưỡng và năng lượng, tăng độ chắc chắn cho cấu trúc xương, giúp loại bỏ mảng bám. Vị Sữa: Chứa các thành phần sữa bò tự nhiên tăng cường canxi, cải thiện khả năng nhai rất tốt cho sự phát triển của cún. Vị Phô mai: Cung cấp canxi và phốt pho, cải thiện tình trạng nướu.'),
(10049, 'Đồ ăn, chăm sóc, sức khỏe, thực phẩm chức năng, chó, Thức Ăn Cho Chó Royal Canin Mini Puppy (800g), Royal Canin', 'Đồ ăn cho chó', 'Thức Ăn Cho Chó Royal Canin Mini Puppy (800g)', 'https://salt.tikicdn.com/cache/200x200/ts/product/2f/0e/49/2aa67d9e7f30058cd9d7f757962c7f72.jpg', 200, 195000, 'Royal Canin', 'Cung cấp nhiều chất dinh dưỡng cần thiết, mùi vị thơm ngon kích thích vị giác thú cưng, chống bệnh chán ăn, bỏ ăn, hỗ trợ phát triển não và bộ xương'),
(10050, 'Đồ ăn, chăm sóc, sức khỏe, thực phẩm chức năng, chó, Thức Ăn Cho Chó Royal Canin Mini Adult (2kg), Royal Canin', 'Đồ ăn cho chó', 'Thức Ăn Cho Chó Royal Canin Mini Adult (2kg)', 'https://salt.tikicdn.com/cache/200x200/ts/product/c2/43/15/eb4d3ebaf3237e12565140c6b554f9b6.jpg', 200, 330000, 'Royal Canin', 'Cung cấp nhiều chất dinh dưỡng cần thiết, mùi vị thơm ngon kích thích vị giác thú cưng, chống bệnh chán ăn, bỏ ăn, hỗ trợ phát triển não và bộ xương'),
(10051, 'Đồ ăn, chăm sóc, sức khỏe, thực phẩm chức năng, chó, Thức Ăn Cho Chó Poodle Royal Canin Poodle Puppy 1.5k, Royal Canin', 'Đồ ăn cho chó', 'Thức Ăn Cho Chó Poodle Royal Canin Poodle Puppy 1.5k', 'https://salt.tikicdn.com/cache/200x200/ts/product/58/97/22/77d87213f7a0d05c53e9af388c539fb3.jpg', 200, 405000, 'Royal Canin', 'Dành riêng cho dòng chó Poodle từ 2-10 tháng tuổi Thức ăn dinh dưỡng dành riêng cho giống chó Poodle với hình dáng hạt được thiết kế đặc biệt dành riêng cho dòng chó này. Nhờ vào trình độ chuyên môn khoa học từ ROYAL CANIN và kinh nghiệm của các nhà nhân giống trên toàn thế giới, ROYAL CANIN POODLE được ra đời nhằm mang lại sự khác biệt: Duy trì sức khoẻ của lông Hình dạng hạt độc quyền giúp chó dễ dàng nhai Hỗ trợ tiêu hóa khỏe mạnh Hỗ trợ sức khỏe hệ thống miễn dịch'),
(10052, 'Đồ ăn, chăm sóc, sức khỏe, thực phẩm chức năng, chó, thịt, Thức Ăn Vặt Chó Pedigree Heo Muối Que (60g), Pedigree', 'Đồ ăn cho chó', 'Thức Ăn Vặt Chó Pedigree Heo Muối Que (60g)', 'https://salt.tikicdn.com/cache/200x200/ts/product/43/61/3e/ceba224086c4704df6192957072568ce.jpg', 200, 30000, 'Pedigree', 'Hương vị thịt heo muối que thơm ngon hấp dẫn mang đến nguồn tinh bột dồi dào. Dạng viên khô giúp ngăn chặn bệnh táo bón ruột, cung cấp các loại vitamin và khoáng chất bổ dưỡng'),
(10053, 'Đồ ăn, chăm sóc, sức khỏe, thực phẩm chức năng, chó, mèo, sữa, bột, Sữa Bột Cho Chó Mèo Bio Milk (100g), Bio - FMCG', 'Đồ ăn cho chó', 'Sữa Bột Cho Chó Mèo Bio Milk (100g)', 'https://salt.tikicdn.com/cache/200x200/ts/product/02/ef/12/7710158efc71f714435f7cef72b7898f.jpg', 200, 35000, 'Bio - FMCG', 'Thay thế sữa mẹ trong khi chó mèo mẹ mất, chó mèo mẹ ít sữa,... Thành phần tương tự sữa mẹ, giàu chất dinh dưỡng. Bổ sung dinh dưỡng cho chó mèo con còi cọc, chậm lớn, vận động nhiều...'),
(10054, 'Đồ ăn, chăm sóc, sức khỏe, thực phẩm chức năng, chó, bánh, răng, Bánh Xương Chăm Sóc Răng Dành Cho Chó Nhỏ Pedigree-56g, Pedigree', 'Đồ ăn cho chó', 'Bánh Xương Chăm Sóc Răng Dành Cho Chó Nhỏ Pedigree-56g', 'https://salt.tikicdn.com/cache/200x200/ts/product/3c/3f/bd/d615f9c70d01b9416fba739fb7d5ca31.jpg', 200, 34000, 'Pedigree', 'Cung cấp dinh dưỡng hoàn hảo, giúp cún cưng của bạn có thể phát triển một cách toàn diệ.n Sản phẩm có chứa độ béo và khoáng chất tối đa giúp nuôi dưỡng những bộ lông mềm mượt'),
(10055, 'Đồ ăn, chăm sóc, sức khỏe, thực phẩm chức năng, chó, rau, củ, thịt, bò, Thức Ăn Cho Chó Pedigree Vị Bò Hầm Và Rau Củ (130g), Pedigree', 'Đồ ăn cho chó', 'Thức Ăn Cho Chó Pedigree Vị Bò Hầm Và Rau Củ (130g)', 'https://salt.tikicdn.com/cache/200x200/ts/product/ee/d7/6d/dd9eb1d07e6f6570006530b0dcccbcd5.jpg', 200, 15000, 'Pedigree', 'Thức ăn bổ sung đầy đủ dinh dưỡng, hỗ trợ phát triển não bộ và hệ xương giúp chú cún cưng của bạn luôn khỏe mạnh'),
(10056, 'Đồ ăn, chăm sóc, sức khỏe, thực phẩm chức năng, hạt, chó, Thức Ăn Hạt Mềm Chó Nhỏ Zenith Bowwow ZN-SB-12 (1.2kg), Bowwow', 'Đồ ăn cho chó', 'Thức Ăn Hạt Mềm Chó Nhỏ Zenith Bowwow ZN-SB-12 (1.2kg)', 'https://salt.tikicdn.com/cache/200x200/ts/product/46/fa/de/c1fc2711683a68851c895076923377fc.jpg', 200, 200000, 'Bowwow', 'Giúp tăng cường sinh lực cho những chú chó hiếu động. Giúp giảm bớt mùi khó chịu trong phân, thích hợp với hầu hết các giống chó. Giúp tăng cường sinh lực cho những chú chó hiếu động'),
(10057, 'Đồ ăn, chăm sóc, sức khỏe, thực phẩm chức năng, chó, snack, Snack Hỗn Hợp Cho Chó Bowwow MX-MS-40 (40g), Bowwow', 'Đồ ăn cho chó', 'Snack Hỗn Hợp Cho Chó Bowwow MX-MS-40 (40g)', 'https://salt.tikicdn.com/cache/200x200/ts/product/a7/3b/43/62af4d55aa1562559a7ff45cf6300c39.jpg', 200, 20000, 'Bowwow', 'Có hương vị mềm, ngon, thích hợp với mọi loại chó giảm tỷ lệ cholesterol xấu trong huyết thanh. Không có hại cho tim và thận nhờ lượng muối thấp'),
(10058, 'Đồ ăn, chăm sóc, sức khỏe, thực phẩm chức năng, chó, thịt, gà, Thức Ăn Chó Con Giống Nhỏ Thịt Gà (2 - 10 Tháng) Fitmin Mini 1.5Kg, Fitmin ', 'Đồ ăn cho chó', 'Thức Ăn Chó Con Giống Nhỏ Thịt Gà (2 - 10 Tháng) Fitmin Mini 1.5Kg', 'https://salt.tikicdn.com/cache/200x200/ts/product/5e/24/52/7c790d2fa30a39cac6bdbebde668ccef.jpg', 200, 206000, 'Fitmin ', 'Dành cho các giống chó nhỏ từ 2-10 tháng tuổi, chó đang mang thai và cho con bú (<13Kg). Chiết xuất từ cây hương thảo hỗ trợ gan và tiêu hóa. Không lúa mạch giảm nguy cơ kích ứng Lợi khuẩn tăng cường vi khuẩn có lợi.'),
(10059, 'Đồ ăn, chăm sóc, sức khỏe, thực phẩm chức năng, chó, Thức Ăn Chó Trưởng Thành Giống Trung (Trên 12 Tháng) Fitmin Medium 3Kg, Fitmin ', 'Đồ ăn cho chó', 'Thức Ăn Chó Trưởng Thành Giống Trung (Trên 12 Tháng) Fitmin Medium 3Kg', 'https://salt.tikicdn.com/cache/200x200/ts/product/00/63/39/28041ad7f84f4ff757f5d36e4b1f1f75.jpg', 200, 265000, 'Fitmin ', 'Thức ăn cho chó Fitmin Medium được phát triển cho các giống chó trung bình Có kích thước hạt trung bình, với một lỗ ở giữa dành cho chó con và chó lớn, tạo điều kiện cho việc nhai.'),
(10060, 'Đồ ăn, chăm sóc, sức khỏe, thực phẩm chức năng, chó, hạt, Thức ăn hạt Hàn Quốc cho chó con Dog Mania, Dog Mania', 'Đồ ăn cho chó', 'Thức ăn hạt Hàn Quốc cho chó con Dog Mania', 'https://salt.tikicdn.com/cache/200x200/ts/product/28/2c/88/1df3b7bf81664da6a9d6258153b5c445.jpg', 200, 245000, 'Dog Mania', 'Dùng cho thú cưng dưới 12 tháng tuổi Hương vị bột gà tự nhiên độc đáo thơm ngon Chứa canxi và phốt pho giúp xương phát triển chắc khỏe Chứa nhiều vitamin giúp lông mềm mượt khỏe mạnh Có chưa keo ong giúp tăng cường hệ miễn dịch Tinh chất cây hương thảo giúp hệ tiêu hóa khỏe mạnh Tinh chất cây yucca giúp giảm thiểu mùi hôi của phân'),
(10061, 'Đồ ăn, chăm sóc, sức khỏe, thực phẩm chức năng, chó, Thức ăn cho chó Nutrisource Small Breed Seafood Grain Free (2,3kgs /gói), NutriSource', 'Đồ ăn cho chó', 'Thức ăn cho chó Nutrisource Small Breed Seafood Grain Free (2,3kgs /gói)', 'https://salt.tikicdn.com/cache/200x200/ts/product/cc/90/0c/b3b678d09da86b66de160f92e1d9ba4d.png', 250, 365000, 'NutriSource', 'Thức ăn cao cấp hỗn hợp hoàn chỉnh cho chó : Thịt cá hồi tươi. Phù hợp cho tất cả các giai đoạn tăng trưởng. Dành cho chó nhỏ có thể trọng 0 -14 Kg. Trọng lượng : 2,30 kgs / gói.'),
(10062, 'Đồ ăn, chăm sóc, sức khỏe, thực phẩm chức năng, chó, Thức Ăn Cho Chó Royal Canin Chihuahua Adult 500g, Royal Canin', 'Đồ ăn cho chó', 'Thức Ăn Cho Chó Royal Canin Chihuahua Adult 500g', 'https://salt.tikicdn.com/cache/200x200/ts/product/da/a1/b9/37097d19160a2b3a2866ee346ec06c62.jpg', 250, 130000, 'Royal Canin', 'Chó Chihuahua trên 8 tháng tuổi Sản phẩm dinh dưỡng dành riêng cho giống chó Chihuahua với hình dáng hạt được thiết kế dành riêng cho giống chó này. Nguồn dinh dưỡng đặc biệt được các nhà khoa học nghiên cứu và dựa trên kinh nghiệm từ các nhà nhân giống thế giới. Kích thích sự thèm ăn Hình dạng nhỏ gọn nhỏ gọn thích hợp cho hàm nhỏ Giảm phân và mùi hôi'),
(10063, 'Đồ ăn, chăm sóc, sức khỏe, thực phẩm chức năng, chó, Thức Ăn Cho Chó Yihe MATCHWELL 400g, MATCHWELL', 'Đồ ăn cho chó', 'Thức Ăn Cho Chó Yihe MATCHWELL 400g', 'https://salt.tikicdn.com/cache/200x200/ts/product/7a/d3/a9/a1034da61f8c6e07a6c6dbcabee72191.jpg', 250, 354000, 'MATCHWELL', 'Được làm từ thịt gà kết hợp dưỡng chất cần thiết Mùi vị thơm ngon, hấp dẫn Bổ sung protein, dễ ăn, dễ tiêu hóa'),
(10064, 'Đồ ăn, chăm sóc, sức khỏe, thực phẩm chức năng, chó, Thức Ăn Cho Chó Royal Canin Maxi Puppy 10kg, Royal Canin', 'Đồ ăn cho chó', 'Thức Ăn Cho Chó Royal Canin Maxi Puppy 10kg', 'https://salt.tikicdn.com/cache/200x200/ts/product/5b/75/e3/a0b57f4a72b446552cf5e042b66a48e6.jpg', 250, 1346000, 'Royal Canin', 'Những giống chó size Maxi (size lớn) dòng đại như: Becgie Đức, Husky, Alaska, Rottweiler, Golden Retriever, Labrador,... được ưa chuộng vì khả năng làm việc và hoạt động đáng kinh ngạc. Đây là giống chó chăn gia súc, theo dõi, cứu hộ, bảo vệ và hỗ trợ tuyệt vời. Những con chó thuộc giống chó size Maxi này mạnh mẽ và tận tụy nhưng thường dễ mắc các bệnh về đường tiêu hóa, đau khớp và thậm chí là vấn đề về tim. Với công thức của thức ăn cho chó ROYAL CANIN Maxi Puppy đáp ứng nhu cầu của giống chó to lớn dòng đại trong suốt vòng đời của chúng.'),
(10065, 'Đồ ăn, chăm sóc, sức khỏe, thực phẩm chức năng, chó, thịt, cừu, Thức Ăn Cho Chó (Thịt Cừu) Natural Core ECO101SB (1kg), Natural Core', 'Đồ ăn cho chó', 'Thức Ăn Cho Chó (Thịt Cừu) Natural Core ECO101SB (1kg)', 'https://salt.tikicdn.com/cache/200x200/ts/product/d7/f2/81/3279de22b664c7484198db6c92d65143.jpg', 250, 240000, 'Natural Core', 'Phòng ngừa lão hoá và nhiều bệnh khác nhau. Chứa vitamin và khoáng chất phong phú giúp tăng cường hệ miễn dịch. Đặc biệt tốt cho da và lông (hỗ trợ điều trị các bệnh về da). Giảm thiểu mùi phân và mùi cơ thể.'),
(10066, 'Đồ ăn, chăm sóc, sức khỏe, thực phẩm chức năng, chó, Thức ăn cho chó Royal Canin Club Pro Adult 20kg, Royal Canin', 'Đồ ăn cho chó', 'Thức ăn cho chó Royal Canin Club Pro Adult 20kg', 'https://salt.tikicdn.com/cache/200x200/ts/product/5d/2a/0f/72ede9f83ef4d0c33a09ad80b2e246ac.jpg', 250, 1500000, 'Royal Canin', 'Hỗ trợ khả năng tiêu hóa cao; Tăng cường vẻ đẹp của da và lông; Cân bằng hệ đường ruột; Duy trì sức sống và năng lượng.'),
(10067, 'Đồ ăn, chăm sóc, sức khỏe, thực phẩm chức năng, chó, Thức Ăn Chay Cho Chó Natural Core ECO1001 (1kg), Natural Core', 'Đồ ăn cho chó', 'Thức Ăn Chay Cho Chó Natural Core ECO1001 (1kg)', 'https://salt.tikicdn.com/cache/200x200/ts/product/03/81/a9/1f8aae179711cc2f41fc3753bd31f9fc.jpg', 250, 255000, 'Natural Core', 'Đào thải chất bẩn và độc tố tích tụ trong cơ thể, giảm stress, giảm sự mệt mỏi cho đôi mắt của thú cưng, phòng ngừa và điều trị các bệnh do dị ứng với thịt'),
(10068, 'Đồ ăn, chăm sóc, sức khỏe, thực phẩm chức năng, chó, Thức Ăn Cho Chó Royal Canin Xsmall Adult (500g), Royal Canin', 'Đồ ăn cho chó', 'Thức Ăn Cho Chó Royal Canin Xsmall Adult (500g)', 'https://salt.tikicdn.com/cache/200x200/ts/product/3d/64/ae/662eccb3d02af0db85629eb8ea8a79b2.jpg', 250, 152000, 'Royal Canin', 'Giúp da và lông khỏe mạnh, hỗ trợ sức khỏe đường tiêu hóa, dinh dưỡng lý tưởng, hỗ trợ sức khỏe răng miệng'),
(10069, 'Đồ ăn, chăm sóc, sức khỏe, thực phẩm chức năng, chó, gan, Thức Ăn Chó Trưởng Thành Buzz Vị Gan - 1.5Kg, BUZZ', 'Đồ ăn cho chó', 'Thức Ăn Chó Trưởng Thành Buzz Vị Gan - 1.5Kg', 'https://salt.tikicdn.com/cache/200x200/ts/product/f3/8a/27/069bb4298259339d7816973df52aa3c4.jpg', 250, 112000, 'BUZZ', 'Cực kỳ ngon miệng với khẩu vị chó yêu thích - gan giảm mùi hôi của phân và nước tiểu công thức kiểm soát độ mặn giúp giảm tỉ lệ sạn thận theo tiêu chuẩn aafco nguyên liệu được lựa chọn kỹ để đảm bảo sức khỏe và ngon miệng nhất'),
(10070, 'Đồ ăn, chăm sóc, sức khỏe, thực phẩm chức năng, chó, Thức Ăn Dành Cho Chó Đã Trưởng Thành Thuộc Các Giống Chó Lớn - Fitmin Dog Maxi Performance (15kg), Fitmin', 'Đồ ăn cho chó', 'Thức Ăn Dành Cho Chó Đã Trưởng Thành Thuộc Các Giống Chó Lớn - Fitmin Dog Maxi Performance (15kg)', 'https://salt.tikicdn.com/cache/200x200/ts/product/ff/b3/ed/1f20d7ef6854d888250b00312ab3a5f9.jpg', 250, 1220000, 'Fitmin', 'Làm từ thịt tươi giàu chất dinh dưỡng và tốt cho sức khỏe Không lúa mạch giảm nguy cơ kích ứng Lợi khuẩn tăng cường vi khuẩn có lợi Không chứa gmo (thành phần biến đổi gen) Chất chống oxy hóa tự nhiên Chăm sóc răng cho hàm răng khỏe mạnh Chiết xuất cây hương thảo hỗ trợ gan và tiêu hóa Tinh chất cây ngọc giá giúp giảm mùi hôi và nước tiểu'),
(10071, 'Đồ ăn, chăm sóc, sức khỏe, thực phẩm chức năng, chó, hạt, Thức ăn hạt cho chó lớn hơn 6 tháng tuổi ANF 6 Free Organic vị Cừu, ANF', 'Đồ ăn cho chó', 'Thức ăn hạt cho chó lớn hơn 6 tháng tuổi ANF 6 Free Organic vị Cừu', 'https://salt.tikicdn.com/cache/200x200/ts/product/fc/9d/bd/f1d1d8650ba576dc9b7371754882f2fe.jpg', 250, 385000, 'ANF', 'Không đột biến Gen, không thuốc kháng sinh, không thuốc trừ sâu, không thuốc Hoocmon, không màu nhân tạo, không chất bảo quản hóa học. Hơn 70% là nguyên liệu hữu cơ tự nhiên vị thịt Cừu hương vị hấp dẫn. Cung cấp đầy đủ vitamin, protein, axit amin và khoáng chất. Hỗ trợ đường tiết niệu khỏe mạnh và cải thiện thể chất. Tăng cường hấp thụ chất dinh dưỡng. Bảo vệ sức khỏe răng miệng và giảm mùi hôi'),
(10072, 'Đồ ăn, chăm sóc, sức khỏe, thực phẩm chức năng, mèo, cá, Đồ Ăn Cho Mèo Con Me-O Hương Vị Cá Biển (1.1Kg), Me-O', 'Đồ ăn cho mèo', 'Đồ Ăn Cho Mèo Con Me-O Hương Vị Cá Biển (1.1Kg)', 'https://salt.tikicdn.com/cache/200x200/ts/product/49/06/91/c69de90434c8d6c83f5e789fc9b97235.jpg', 250, 110000, 'Me-O', 'Được sản xuất với dây chuyền tiên tiến theo công nghệ Thái Lan, tạo ra những hạt thức ăn thơm ngon hấp dẫn và đầy dưỡng chất. Sản phẩm cung cấp nhiều Canxi, Photpho và Vitamin D theo tỉ lệ được nghiên cứu kỹ càng, giúp làm chắc răng và xương, tăng hệ miễn dịch của thú cưng. Bên cạnh đó, loại thức ăn này còn giúp giảm sự tích tụ cao răng làm hư răng và đặc biệt nhất là giúp chất thải (phân) của thú cưng giảm hẳn những mùi hôi khó chịu nhằm đảm bảo vấn đề vệ sinh cho thú cưng với những sinh hoạt trong cuộc sống.'),
(10073, 'Đồ ăn, chăm sóc, sức khỏe, thực phẩm chức năng, mèo, sữa, cá, Đồ Ăn Cho Mèo Con Whiskas Vị Cá Biển Và Sữa Dạng Túi 1.1 Kg, Whiskas', 'Đồ ăn cho mèo', 'Đồ Ăn Cho Mèo Con Whiskas Vị Cá Biển Và Sữa Dạng Túi 1.1 Kg', 'https://salt.tikicdn.com/cache/200x200/ts/product/c5/1b/74/d9b1649b2081ed36290956d1d5787d77.jpg', 250, 113000, 'Whiskas', 'Hương vị thơm ngon kích thích vị giác của mèo Giúp chúng tiêu thụ đồ ăn một cách nhanh chóng hơn Cung cấp các chất dinh dưỡng bảo đảm sự phát triển cân đối và đồng đều cho thú cưng'),
(10074, 'Đồ ăn, chăm sóc, sức khỏe, thực phẩm chức năng, mèo, cá, Đồ Ăn Cho Mèo Trưởng Thành Me-O Vị Cá Ngừ (7kg), Me-O', 'Đồ ăn cho mèo', 'Đồ Ăn Cho Mèo Trưởng Thành Me-O Vị Cá Ngừ (7kg)', 'https://salt.tikicdn.com/cache/200x200/ts/product/67/36/0f/f7e8e6b17c1ace3cd412803ca4b77260.jpg', 250, 480000, 'Me-O', 'Cung cấp Acid Amino cần thiết cho đôi mắt và cải thiện thị giác Chứa Omega 3 và Omega 6 từ dầu chất lượng cao trong hợp chất với kẽm giúp nuôi dưỡng lông và da mèo. Sản phẩm dạng hạt, có hương vị thơm ngon giúp kích thích vị giác'),
(10075, 'Đồ ăn, chăm sóc, sức khỏe, thực phẩm chức năng, mèo, cá, Đồ Ăn Cho Mèo Lớn Whiskas Vị Cá Thu Túi 1.2 Kg, Whiskas', 'Đồ ăn cho mèo', 'Đồ Ăn Cho Mèo Lớn Whiskas Vị Cá Thu Túi 1.2 Kg', 'https://salt.tikicdn.com/cache/200x200/ts/product/b2/74/65/8dcf97f286080031fdff36791442eb70.jpg', 250, 120000, 'Whiskas', 'Hương vị thơm ngon kích thích vị giác của mèo Giúp chúng tiêu thụ đồ ăn một cách nhanh chóng hơn Cung cấp các chất dinh dưỡng bảo đảm sự phát triển cân đối và đồng đều cho thú cưng'),
(10076, 'Đồ ăn, chăm sóc, sức khỏe, thực phẩm chức năng, mèo, cá, Đồ Ăn Cho Mèo Lớn Whiskas Vị Cá Ngừ 85g, Whiskas', 'Đồ ăn cho mèo', 'Đồ Ăn Cho Mèo Lớn Whiskas Vị Cá Ngừ 85g', 'https://salt.tikicdn.com/cache/200x200/ts/product/34/40/dc/b80ad11a032fc2b626b7e3746e058d5f.jpg', 250, 13000, 'Whiskas', 'Hương vị thơm ngon kích thích vị giác của mèo Giúp chúng tiêu thụ đồ ăn một cách nhanh chóng hơn Cung cấp các chất dinh dưỡng bảo đảm sự phát triển cân đối và đồng đều cho thú cưng'),
(10077, 'Đồ ăn, chăm sóc, sức khỏe, thực phẩm chức năng, mèo, cá, Đồ Ăn Cho Mèo Trưởng Thành Me-O Vị Cá Thu (7kg), Me-O', 'Đồ ăn cho mèo', 'Đồ Ăn Cho Mèo Trưởng Thành Me-O Vị Cá Thu (7kg)', 'https://salt.tikicdn.com/cache/200x200/ts/product/f1/fe/6c/2507a05d37da89ec63aa707b1d33cf4b.jpg', 250, 460000, 'Me-O', 'Giúp cải thiện thị giác của mèo, ngăn ngừa bệnh đường tiết niệu và sỏi bàng quang, giảm nguy cơ bệnh thận và bệnh tim, tăng cường hệ thống miễn dịch và giúp làm giảm tác động của stress tới sức khỏe của mèo. Bổ sung Omega 3, Omega 6 và kẽm nuôi dưỡng lông và da mèo óng mượt, khỏe mạnh chắc khỏe Canxi, photpho và vitamin D cho xương chắc, răng khỏe'),
(10078, 'Đồ ăn, chăm sóc, sức khỏe, thực phẩm chức năng, mèo, cá, Đồ Ăn Cho Mèo Kitekat Vị Cá Thu Dạng Túi 1.4 Kg, Kitekat', 'Đồ ăn cho mèo', 'Đồ Ăn Cho Mèo Kitekat Vị Cá Thu Dạng Túi 1.4 Kg', 'https://salt.tikicdn.com/cache/200x200/ts/product/52/92/82/9472702fb6a988a3d7e9f8986dfb1359.jpg', 250, 97000, 'Kitekat', 'Giúp bổ sung các dưỡng chất cần thiết cho mèo con nhà bạn ăn thật ngon và lớn nhanh. Đồ Ăn cho mèo Kitekat không sử dụng hóa chất độc hại, phẩm màu đảm bảo tối đa sự an toàn cho sức khỏe của mèo khi sử dụng sản phẩm. Đây là dòng sản phẩm được nhiều cô cậu chủ tin dùng.'),
(10079, 'Đồ ăn, chăm sóc, sức khỏe, thực phẩm chức năng, mèo, cá, Đồ Ăn Cho Mèo Whiskas Vị Cá Thu Và Cá Mòi Lon 400g, Whiskas', 'Đồ ăn cho mèo', 'Đồ Ăn Cho Mèo Whiskas Vị Cá Thu Và Cá Mòi Lon 400g', 'https://salt.tikicdn.com/cache/200x200/ts/product/b3/33/a0/3af265e85a45528b2650616de5acc983.jpg', 250, 38000, 'Whiskas', 'Hương vị thơm ngon kích thích vị giác của mèo giúp chúng tiêu thụ đồ ăn một cách nhanh chóng hơn. Cung cấp các chất dinh dưỡng bảo đảm sự phát triển cân đối và đồng đều cho thú cưng'),
(10080, 'Đồ ăn, chăm sóc, sức khỏe, thực phẩm chức năng, mèo, cá, Đồ Ăn Cho Mèo Whiskas Vị Cá Biển Lon 400g, Whiskas', 'Đồ ăn cho mèo', 'Đồ Ăn Cho Mèo Whiskas Vị Cá Biển Lon 400g', 'https://salt.tikicdn.com/cache/200x200/ts/product/bd/4a/b8/e4e47774eb52b9121884cd8e83da8c09.jpg', 250, 38000, 'Whiskas', 'Hương vị thơm ngon kích thích vị giác của mèo giúp chúng tiêu thụ đồ ăn một cách nhanh chóng hơn. Cung cấp các chất dinh dưỡng bảo đảm sự phát triển cân đối và đồng đều cho thú cưng'),
(10081, 'Đồ ăn, chăm sóc, sức khỏe, thực phẩm chức năng, mèo, hạt, Thức ăn hạt cho mèo mọi lứa tuổi Catsrang, Catsrang', 'Đồ ăn cho mèo', 'Thức ăn hạt cho mèo mọi lứa tuổi Catsrang', 'https://salt.tikicdn.com/cache/200x200/ts/product/2e/c3/77/1a0e9a1ffd7a2fd20cf923e469c5fc0b.jpg', 300, 46000, 'Catsrang', 'Dạng hộp dễ dàng bảo quản, đào thải lông trong ruột mèo - giúp ngăn chặn tình trạng lông vón cục. Hỗ trợ đường tiết niệu. Tăng cường hệ miễn dịch. Giảm mùi phân của Mèo'),
(10082, 'Đồ ăn, chăm sóc, sức khỏe, thực phẩm chức năng, mèo, bánh, cá, Đồ Ăn Mèo Me-O Bánh Thưởng Dạng Kem Vị Cá Hồi (60g), Me-O ', 'Đồ ăn cho mèo', 'Đồ Ăn Mèo Me-O Bánh Thưởng Dạng Kem Vị Cá Hồi (60g)', 'https://salt.tikicdn.com/cache/200x200/ts/product/ee/25/c1/8bb97af772b809a83cf1a36452befedb.jpg', 300, 45000, 'Me-O ', 'Tăng cường hệ miễn dịch. Taurine: Cải thiện thị giác. Omega 6/Kẽm/DL-Methionin: Giúp làn da khỏe mạnh.'),
(10083, 'Đồ ăn, chăm sóc, sức khỏe, thực phẩm chức năng, mèo, Thức Ăn Cho Mèo Con Royal Canin Kitten (400g), Royal Canin', 'Đồ ăn cho mèo', 'Thức Ăn Cho Mèo Con Royal Canin Kitten (400g)', 'https://salt.tikicdn.com/cache/200x200/ts/product/5d/58/a5/7fa5f72844c01006a33e93db03471071.jpg', 300, 97000, 'Royal Canin', 'Hương vị thơm ngon, hấp dẫn cho thú cưng mang lại nguồn dinh dưỡng và khoáng chất dồi dào. Hàm lượng dinh dưỡng cân đối, bù đắp năng lượng'),
(10084, 'Đồ ăn, chăm sóc, sức khỏe, thực phẩm chức năng, mèo, hạt, Thức ăn hạt cho mèo con Hàn Quốc Catsrang Kittten, Catsrang', 'Đồ ăn cho mèo', 'Thức ăn hạt cho mèo con Hàn Quốc Catsrang Kittten', 'https://salt.tikicdn.com/cache/200x200/ts/product/6d/05/2e/7f68ecd9c020d681616b2650b1b1c804.png', 300, 200000, 'Catsrang', 'Đào thải lông trong ruột mèo Hỗ trợ đường tiết niệu Tăng cường hệ miễn dịch Giảm mùi phân Sản xuất tại Hàn Quốc, đảm bảo chất lượng sản phẩm tươi ngon nhất'),
(10085, 'Đồ ăn, chăm sóc, sức khỏe, thực phẩm chức năng, mèo, snack, Ciao Churu Snack thưởng cho Mèo ( 14g*4), OEM', 'Đồ ăn cho mèo', 'Ciao Churu Snack thưởng cho Mèo ( 14g*4)', 'https://salt.tikicdn.com/cache/200x200/ts/product/c1/66/38/aa69802ca853f9c2df3d1c5cbc98042b.jpg', 300, 31000, 'OEM', 'Ciao Churu chăm sóc sức khỏe từ trong ra ngoài của các bé mèo Kích thích sự thèm ăn Dạng soup dễ tiêu hóa và hấp thụ , bổ xung thêm nước giúp hạn chế tối đa các bệnh về sỏi thận, tiết niệu… Giầu taurine và chất dinh dưỡng khác giúp mắt mèo sáng hơn,lông bóng mượt hơn.'),
(10086, 'Đồ ăn, chăm sóc, sức khỏe, thực phẩm chức năng, mèo, Thức Ăn Cho Mèo Royal Canin Mother & Babycat (400g), Royal Canin', 'Đồ ăn cho mèo', 'Thức Ăn Cho Mèo Royal Canin Mother & Babycat (400g)', 'https://salt.tikicdn.com/cache/200x200/ts/product/e4/bc/c0/d10cc14bd0fe9f5915c0ad59d30e1a7a.jpg', 300, 95000, 'Royal Canin', 'Hương vị thơm ngon, hấp dẫn cho thú cưng Mang lại nguồn dinh dưỡng và khoáng chất dồi dào Hàm lượng dinh dưỡng cân đối, bù đắp năng lượng'),
(10087, 'Đồ ăn, chăm sóc, sức khỏe, thực phẩm chức năng, mèo, đạm, Thức Ăn Giàu Đạm Cho Mèo 95% Natural Core ECOMP01 (1kg), Natural Core', 'Đồ ăn cho mèo', 'Thức Ăn Giàu Đạm Cho Mèo 95% Natural Core ECOMP01 (1kg)', 'https://salt.tikicdn.com/cache/200x200/ts/product/55/c3/01/de003fb8f465802f4826a81836481936.jpg', 300, 275000, 'Natural Core', 'Tăng cường khả năng tiêu hoá, hấp thụ dưỡng chất Giảm thiểu mùi phân Loại bỏ lông trong dạ dày'),
(10088, 'Đồ ăn, chăm sóc, sức khỏe, thực phẩm chức năng, mèo, pate, Pate Cho Mèo Inaba White Fuji 155g, OEM', 'Đồ ăn cho mèo', 'Pate Cho Mèo Inaba White Fuji 155g', 'https://salt.tikicdn.com/cache/200x200/ts/product/18/5d/30/661127632f11d989dc812431e4be9d61.jpg', 300, 30000, 'OEM', 'Pate Cho Mèo Inaba White Fuji 155g Trọng lượng: 155gr Thành phần chính từ thịt gà và cá,bò kết hợp với polyphonol có trong trà xanh cung cấp cho các bé mèo một bữa ăn đầy đủ dinh dưỡng và ngon miệng'),
(10089, 'Đồ ăn, chăm sóc, sức khỏe, thực phẩm chức năng, mèo, lông, Thức Ăn Chống Búi Lông Cho Mèo Me-O Persian Anti Hairball (400g), Me-O', 'Đồ ăn cho mèo', 'Thức Ăn Chống Búi Lông Cho Mèo Me-O Persian Anti Hairball (400g)', 'https://salt.tikicdn.com/cache/200x200/ts/product/f2/1d/b1/d223ba48f461fe8b3c302d909b1b3c4a.jpg', 300, 53000, 'Me-O', 'Hương vị hấp dẫn, phòng chống bệnh búi lông ở thú cưng Mang đến nguồn dinh dưỡng dồi dào Dạng viên khô giúp ngăn chặn bệnh táo bón ruột Cung cấp các loại vitamin và khoáng chất bổ dưỡng');
INSERT INTO `product` (`productCode`, `keywords`, `productLine`, `productName`, `image`, `productQuantity`, `price`, `producer`, `productDescription`) VALUES
(10090, 'Đồ ăn, chăm sóc, sức khỏe, thực phẩm chức năng, mèo, cá, mực, Pate Cá Ngừ - Mực Cho Mèo Ciao, Ciao', 'Đồ ăn cho mèo', 'Pate Cá Ngừ - Mực Cho Mèo Ciao', 'https://salt.tikicdn.com/cache/200x200/ts/product/97/67/57/9499c3180c0e3853c7f3ef09f0e2fd01.jpg', 300, 38000, 'Ciao', 'Không chất bảo quản, an toàn cho thú cưng Bổ sung tinh chất trà xanh chống lão hóa Bổ sung Vitamin E chống Oxy hóa Sử dụng như bữa ăn chính cho thú cưng Hương cá ngừ, mực thơm ngon'),
(10091, 'Đồ ăn, chăm sóc, sức khỏe, thực phẩm chức năng, mèo, cá, bánh, Đồ Ăn Mèo Me-O Bánh Thưởng Dạng Kem Vị Cá Ngừ (60g), Me-O', 'Đồ ăn cho mèo', 'Đồ Ăn Mèo Me-O Bánh Thưởng Dạng Kem Vị Cá Ngừ (60g)', 'https://salt.tikicdn.com/cache/200x200/ts/product/47/5d/20/a84cef92ad7cf0243b68bad72918ed47.jpg', 300, 45000, 'Me-O', 'Chất xơ: Tăng cường hệ thống bài tiết Taurine: Tăng cường hệ miễn dịch và thị giác Omega 6/Kẽm/DL-Methionin: Giúp làn da khỏe mạnh'),
(10092, 'Đồ ăn, chăm sóc, sức khỏe, thực phẩm chức năng, mèo, gà, sò, Pate Gà - Sò Điệp Cho Mèo Ciao, Ciao', 'Đồ ăn cho mèo', 'Pate Gà - Sò Điệp Cho Mèo Ciao', 'https://salt.tikicdn.com/cache/200x200/ts/product/f9/7a/2e/f8f01d1e2b84b043261ecd11d5651d26.jpg', 300, 32000, 'Ciao', 'Không chất bảo quản, an toàn cho thú cưng Bổ sung tinh chất trà xanh chống lão hóa Bổ sung Vitamin E chống Oxy hóa Sử dụng như bữa ăn chính cho thú cưng Hương gà, sò điệp thơm ngon'),
(10093, 'Đồ ăn, chăm sóc, sức khỏe, thực phẩm chức năng, chó, mèo, Thức Ăn Chó Mèo Royal Canin Intense Hairball (400g), Royal Canin', 'Đồ ăn cho mèo', 'Thức Ăn Chó Mèo Royal Canin Intense Hairball (400g)', 'https://salt.tikicdn.com/cache/200x200/ts/product/91/ea/e3/bfe074254b8fd7409fe97d1460c191a0.jpg', 300, 107000, 'Royal Canin', 'Hương vị thơm ngon, hấp dẫn cho thú cưng Mang lại nguồn dinh dưỡng và khoáng chất dồi dào Hàm lượng dinh dưỡng cân đối, bù đắp năng lượng'),
(10094, 'Đồ ăn, chăm sóc, sức khỏe, thực phẩm chức năng, mèo, gà, Thức Ăn Cho Mèo Temptations Hương Gà 85g, Temptations', 'Đồ ăn cho mèo', 'Thức Ăn Cho Mèo Temptations Hương Gà 85g', 'https://salt.tikicdn.com/cache/200x200/ts/product/67/85/f3/3e9d172383bc5b1b3ff86e4959520e02.jpg', 300, 49000, 'Temptations', '100% dinh dưỡng cho mèo trưởng thành Là dòng bánh thưởng ít calo, vỏ ngoài giòn tan Bên trong mềm và sệt sẽ khiến mèo rất thích thú'),
(10095, 'Đồ ăn, chăm sóc, sức khỏe, thực phẩm chức năng, mèo, pate, Thức Ăn Cho Mèo Lớn Pate Royal Canin Instinctive 7+, Royal Canin', 'Đồ ăn cho mèo', 'Thức Ăn Cho Mèo Lớn Pate Royal Canin Instinctive 7+', 'https://salt.tikicdn.com/cache/200x200/ts/product/21/36/91/29926413abd4903a8ba5e872018c81a8.jpg', 300, 30000, 'Royal Canin', 'Thức ăn cho mèo Pate Royal Canin Instinctive +7 dành cho mèo từ 3 đến 12 tuổi và được chế biến với chế độ dinh dưỡng cân bằng mà mèo cao tuổi của bạn cần để có sức khỏe tối ưu. Thức ăn cho mèo Pate Royal Canin có Công thức của chúng tôi có tỷ lệ lý tưởng của năng lượng có nguồn gốc từ protein, chất béo và carbohydrate cho sự lão hóa lành mạnh. Mức phốt pho thích nghi hỗ trợ sức khỏe thận. Và protein tiêu hóa cao cho tiêu hóa khỏe mạnh.'),
(10096, 'Đồ ăn, chăm sóc, sức khỏe, thực phẩm chức năng, mèo, Thức Ăn Cho Mèo Trưởng Thành Nutrience Original Bao 5kg - Thịt Gà, Rau Củ Và Trái Cây Tự Nhiên, Nutrience', 'Đồ ăn cho mèo', 'Thức Ăn Cho Mèo Trưởng Thành Nutrience Original Bao 5kg - Thịt Gà, Rau Củ Và Trái Cây Tự Nhiên', 'https://salt.tikicdn.com/cache/200x200/ts/product/08/9e/56/25f5942bc47623fb9b9765544db05c7b.jpg', 300, 900000, 'Nutrience', 'Thức ăn tự nhiên cao cấp dành cho mèo trưởng thành (kết hợp thịt gà, rau củ và trái cây tự nhiên) Thịt gà chất lượng cao là nguyên liệu chủ yếu Kết hợp nhiều loại trái cây, rau củ và các thành phần thảo dược tự nhiên hỗ trợ sức khỏe toàn diện Nói không với phụ phẩm từ động vật hoặc đạm từ thực vật Duy trì hệ tiêu hóa và hệ miễn dịch khỏe mạnh Bổ sung omega 3 và 6 từ dầu cá hồi tự nhiên làm đẹp da lông'),
(10097, 'Đồ ăn, chăm sóc, sức khỏe, thực phẩm chức năng, mèo, thịt, nai, Thức Ăn Mèo Hỗ Trợ Kén Ăn Thịt Nai - Fitmin Purity 400G, Fitmin', 'Đồ ăn cho mèo', 'Thức Ăn Mèo Hỗ Trợ Kén Ăn Thịt Nai - Fitmin Purity 400G', 'https://salt.tikicdn.com/cache/200x200/ts/product/1d/df/43/8e049effe898d1246d099a4574f5b1f7.jpg', 300, 122000, 'Fitmin', 'Thức Ăn Mèo Hỗ Trợ Kén Ăn Thịt Nai - Fitmin Purity 400G Thịt Nai là một thành phần dinh dưỡng, dễ tiêu hóa với hàm lượng chất béo thấp. Nó giàu chất khoáng (Na, Fe) và vitamin nhóm B. Dầu ép từ cá hồi Na Uy bằng phương pháp lạnh có hàm lượng đạm, axit béo omega-3 và vitamin D cao, giúp chống lão hóa, giảm cholesterol, giảm nguy cơ đột qụy, tăng cường sức khỏe thị lực, tốt cho hệ tiêu hóa. Chiết xuất từ cây hoa cúc- hiệu quả tích cực đối với hệ tiêu hóa và hệ tiết niệu, tác dụng chống sung và khử trùng. Quả Việt quốc - cải thiện chất lượng thị lực và thành mạch máu. Ngoài ra, chúng có các đặc tính khử trùng, nhờ đó chúng có những tác động tích cực đối với các bệnh trong hệ thống tiêu hoá hay hệ tiết niệu.'),
(10098, 'Đồ ăn, chăm sóc, sức khỏe, thực phẩm chức năng, mèo, Thức Ăn Dành Cho Mèo Trưởng Thành Lông Dài - Fitmin For Life Hairball, Fitmin', 'Đồ ăn cho mèo', 'Thức Ăn Dành Cho Mèo Trưởng Thành Lông Dài - Fitmin For Life Hairball', 'https://salt.tikicdn.com/cache/200x200/ts/product/71/1e/d5/01d7510e21ae4f402c9638f8e5441972.jpg', 300, 78000, 'Fitmin', 'Được chế biến từ thực phẩm tươi ngon Bổ sung đầy đủ hàm lượng dinh dưỡng cho thú cưng Giúp kháng viêm, rụng lông và giảm mùi hôi chân Thiết kế dạng túi tiện dụng'),
(10099, 'Đồ ăn, chăm sóc, sức khỏe, thực phẩm chức năng, mèo, cá, Thức Ăn Cho Mèo Temptations Hương Cá Ngừ 85g, Temptations', 'Đồ ăn cho mèo', 'Thức Ăn Cho Mèo Temptations Hương Cá Ngừ 85g', 'https://salt.tikicdn.com/cache/200x200/ts/product/34/d6/19/98e30a217c94e670953cb554477423e5.jpg', 300, 47000, 'Temptations', '100% dinh dưỡng cho mèo trưởng thành Là dòng bánh thưởng ít calo, vỏ ngoài giòn tan Bên trong mềm và sệt sẽ khiến mèo rất thích thú'),
(10100, 'Đồ ăn, chăm sóc, sức khỏe, thực phẩm chức năng, mèo, bánh, gà, cá, Bánh Thưởng Ciao Churu Chiken Tillet Seafood Mix SC128 (1 Gói / 20 Tuýp), Ciao', 'Đồ ăn cho mèo', 'Bánh Thưởng Ciao Churu Chiken Tillet Seafood Mix SC128 (1 Gói / 20 Tuýp)', 'https://salt.tikicdn.com/cache/200x200/ts/product/ca/fe/4d/d6a2c2f40e09c94ad11af0e1c25ecc1a.jpg', 300, 145000, 'Ciao', 'Thành phần: Cá ngừ, chiết xuất sò điệp, tinh bột biến tính, chất tạo mùi, Guar Gum, Vitamin E, Carrageenan, bột trà xanh, Fructooligosaccharides. Chỉ tiêu chất lượng: Độ ẩm ≤ 93,0 %; Protein thô ≥ 7,0 %; Béo thô ≥ 0,2 %; Xơ thô ≤ 1,0%, Khoáng tổng số ≤ 2,0 %. Khối lượng: 20cps x 14gram'),
(10101, 'Đồ ăn, chăm sóc, sức khỏe, thực phẩm chức năng, mèo, bánh, Đồ Ăn Mèo Me-O Bánh Thưởng Dạng Kem Vị Cua (60g),  Me-O', 'Đồ ăn cho mèo', 'Đồ Ăn Mèo Me-O Bánh Thưởng Dạng Kem Vị Cua (60g)', 'https://salt.tikicdn.com/cache/200x200/ts/product/44/6f/17/7d1c59e5c2431c25e01b302810ddbf4d.jpg', 350, 40000, ' Me-O', 'Prebiotics: Tăng cường hệ tiêu hóa Taurine: Tăng cường hệ miễn dịch và thị giác Omega 6/Kẽm/ DL-Methionin: Giúp làn da khỏe mạnh'),
(10102, 'Đồ ăn, chăm sóc, sức khỏe, thực phẩm chức năng, mèo, pate, Pate cho mèo Meowstard, Meowstard', 'Đồ ăn cho mèo', 'Pate cho mèo Meowstard', 'https://salt.tikicdn.com/cache/200x200/ts/product/af/3d/1f/d867c4a2c4cca09cbf3e10feaa9ed666.jpg', 350, 25000, 'Meowstard', 'Pate Meowstar cho mèo thơm ngon và đa dạng mùi vị Trọng lượng: 80g Xuất xứ: Thái Lan'),
(10103, 'Đồ ăn, chăm sóc, sức khỏe, thực phẩm chức năng, mèo, Thức Ăn Cho Mèo Whiskas Junior (1.1kg), Whiskas', 'Đồ ăn cho mèo', 'Thức Ăn Cho Mèo Whiskas Junior (1.1kg)', 'https://salt.tikicdn.com/cache/200x200/ts/product/b5/d3/09/a98535310f5f0c9a5322cbc75cd25689.jpg', 350, 130000, 'Whiskas', 'Cung cấp nhiều chất dinh dưỡng cần thiết Mùi vị thơm ngon kích thích vị giác thú cưng Chống bệnh chán ăn, bỏ ăn Hỗ trợ phát triển não và bộ xương'),
(10104, 'Đồ ăn, chăm sóc, sức khỏe, thực phẩm chức năng, mèo, pate, Pate cho mèo Meowstard Premium, Meowstard', 'Đồ ăn cho mèo', 'Pate cho mèo Meowstard Premium', 'https://salt.tikicdn.com/cache/200x200/ts/product/88/93/7f/eb42fd5277ab7db3ac972f245ca46593.jpg', 350, 25000, 'Meowstard', 'Pate Meowstar cho mèo Trọng lượng: 80g Xuất xứ: Thái Lan Dòng cao cấp cho mèo thích thú'),
(10105, 'Đồ ăn, chăm sóc, sức khỏe, thực phẩm chức năng, mèo, Thức Ăn Cho Mèo Royal Canin Indoor 27 (10kg), Royal Canin', 'Đồ ăn cho mèo', 'Thức Ăn Cho Mèo Royal Canin Indoor 27 (10kg)', 'https://salt.tikicdn.com/cache/200x200/ts/product/bb/66/eb/61e3800e6bc0c0cb508f33952881f4c8.jpg', 350, 1550000, 'Royal Canin', 'Hương vị thơm ngon, hấp dẫn cho thú cưng Mang lại nguồn dinh dưỡng và khoáng chất dồi dào Hàm lượng dinh dưỡng cân đối, bù đắp năng lượng'),
(10106, 'Đồ ăn, chăm sóc, sức khỏe, thực phẩm chức năng, mèo, Thức Ăn Cho Mèo Royal Canin Persian Adult (400g), Royal Canin', 'Đồ ăn cho mèo', 'Thức Ăn Cho Mèo Royal Canin Persian Adult (400g)', 'https://salt.tikicdn.com/cache/200x200/ts/product/e7/f0/aa/f3ee44c49dce8dd0b9f7f2d6c02abfd8.jpg', 350, 115000, 'Royal Canin', 'Thiết kế đặc biệt cho mèo hàm ngắn Tăng cường sức khỏe da và lông Điều chỉnh búi lông Hỗ trợ tiêu hóa khỏe mạnh'),
(10107, 'Đồ ăn, chăm sóc, sức khỏe, thực phẩm chức năng, mèo, Thức Ăn Cho Mèo Royal Canin British Shorthair Kitten (400g), Royal Canin', 'Đồ ăn cho mèo', 'Thức Ăn Cho Mèo Royal Canin British Shorthair Kitten (400g)', 'https://salt.tikicdn.com/cache/200x200/ts/product/20/c9/a7/ec9bb4fed196770bb4d2f39d6ac7d1f1.jpg', 350, 125000, 'Royal Canin', 'Thiết kế đặc biệt Tăng trưởng cơ và xương Hỗ trợ hệ tiêu hóa Hỗ trợ hệ miễn dịch'),
(10108, 'Đồ ăn, chăm sóc, sức khỏe, thực phẩm chức năng, mèo, Thức ăn cho mèo Royal Canin Renal Feline 2kg, Royal Canin', 'Đồ ăn cho mèo', 'Thức ăn cho mèo Royal Canin Renal Feline 2kg', 'https://salt.tikicdn.com/cache/200x200/ts/product/01/7f/b4/076b77d70a68923d115659fa66f890d6.jpg', 350, 500000, 'Royal Canin', 'Thận hoạt động quá mức có thể gây ra khủng hoảng urê huyết. Protein chất lượng cao giúp giảm hoạt động ở thận và giảm lượng chất thải tích tụ. Đặc chế alkalinizing, công thức giúp chống nhiễm axit chuyển hóa ở thận, cân bằng nồng độ pH. Thiết kế đặc biệt để đáp ứng sở thích của mèo, chống lại các vấn đề chán ăn, bỏ ăn, sợ thực phẩm dẫn đến giảm sức khỏe.'),
(10109, 'Đồ ăn, chăm sóc, sức khỏe, thực phẩm chức năng, mèo, lông, Thức Ăn Cho Mèo Royal Canin Hair & Skin (400g), Royal Canin', 'Đồ ăn cho mèo', 'Thức Ăn Cho Mèo Royal Canin Hair & Skin (400g)', 'https://salt.tikicdn.com/cache/200x200/ts/product/49/c5/9d/b38adc18f65b27c228fe6802ff3bc991.jpg', 350, 112000, 'Royal Canin', 'Hương vị thơm ngon, hấp dẫn cho thú cưng Mang lại nguồn dinh dưỡng và khoáng chất dồi dào Hàm lượng dinh dưỡng cân đối, bù đắp năng lượng'),
(10110, 'Đồ ăn, chăm sóc, sức khỏe, thực phẩm chức năng, mèo, rong biển, Hạt thức ăn cho mèo trộn rong biển Phù hợp với mọi loại mèo, OEM', 'Đồ ăn cho mèo', 'Hạt thức ăn cho mèo trộn rong biển Phù hợp với mọi loại mèo', 'https://salt.tikicdn.com/cache/200x200/ts/product/1b/2a/a9/c4ba6edf9703680dae4073a056c3af2f.jpg', 350, 230000, 'OEM', 'Bổ sung protein, vitamin và các chất dinh dưỡng cần thiết Cung cấp Omega 3 tổng hợp, giúp sáng mắt, và ngăn ngừa chảy nước mắt Tiêu búi lông trong đường ruột Cải thiện da và lông Tăng cường hệ miễn dịch và hệ tiêu hóa'),
(10111, 'Đồ ăn, chăm sóc, sức khỏe, thực phẩm chức năng, mèo, Thức Ăn Cho Mèo Triệt Sản Royal Canin Sterlised (2kg), Royal Canin', 'Đồ ăn cho mèo', 'Thức Ăn Cho Mèo Triệt Sản Royal Canin Sterlised (2kg)', 'https://salt.tikicdn.com/cache/200x200/ts/product/92/3a/fc/f391d1095f6a21615599cfa28bb4601a.jpg', 350, 420000, 'Royal Canin', 'Giúp kiểm soát cân nặng Hỗ trợ sức khỏe đường tiết niệu Hàm lượng Protein cao và L - carnitine'),
(10112, 'Đồ ăn, chăm sóc, sức khỏe, thực phẩm chức năng, mèo, cá, Thức Ăn Mèo Cá Hồi - Fitmin Purity 1.5Kg,  Fitmin', 'Đồ ăn cho mèo', 'Thức Ăn Mèo Cá Hồi - Fitmin Purity 1.5Kg', 'https://salt.tikicdn.com/cache/200x200/ts/product/f1/c0/89/2e288b5583cce29412c1324fac7da98a.jpg', 350, 350000, ' Fitmin', 'Thịt cá trích TƯƠI là nguồn cung cấp chất đạm, chất béo có giá trị sinh học cao, vitamin nhóm A, D và B và các khoáng chất - đặc biệt là iốt, rất cần thiết cho chức năng tuyến giáp Dâu ép từ cá hồi Na Uy bằng phương pháp lạnh có hàm lượng đạm, axit béo omega-3 và vitamin D cao, giúp chống lão hóa, giảm cholesterol, giảm nguy cơ đột qụy, tăng cường sức khỏe thị lực, tốt cho hệ tiêu hóa. Chiết xuất từ cây ngọc giá – hỗ trợ hệ miễn dịch chức năng gan và hệ tiêu hóa, giúp giảm mùi hôi của phân và nước tiểu. Lycium (Goji)- tăng hệ miễn dịch và cải thiện thị lực của vật nuôi.'),
(10113, 'Đồ ăn, chăm sóc, sức khỏe, thực phẩm chức năng, mèo, Eminent Kitten - Thức ăn cho mèo con, mèo mẹ đang mang thai và cho con bú, Eminent', 'Đồ ăn cho mèo', 'Eminent Kitten - Thức ăn cho mèo con, mèo mẹ đang mang thai và cho con bú', 'https://salt.tikicdn.com/cache/200x200/ts/product/84/58/0d/5f4136843b00f0b1360e8260d2d0c10c.jpg', 350, 55000, 'Eminent', 'Bảo vệ và tăng cường hệ thống miễn dịch. Yucca giúp tăng cường khả năng miễn dịch và giảm mùi tự nhiên. Ngăn ngừa sự hình thành của búi lông. Phục hồi và phát triển mô cơ Duy trì pH nước tiểu ở mức tối ưu, ngăn ngừa sự hình thành sỏi tiết niệu, Quả nam việt quất giữ cho đường tiết niệu khỏe mạnh.'),
(10114, 'Đồ ăn, chăm sóc, sức khỏe, thực phẩm chức năng, mèo, gà, Thức Ăn Cho Mèo Vị Gà Và Gạo Nứt Nutri Source - Tím (3kg), Nutri Source', 'Đồ ăn cho mèo', 'Thức Ăn Cho Mèo Vị Gà Và Gạo Nứt Nutri Source - Tím (3kg)', 'https://salt.tikicdn.com/cache/200x200/ts/product/ea/23/44/159bd64df802e22e36b1d7a586f9d738.jpg', 350, 460000, 'Nutri Source', 'Phù hợp cho giai đoạn từ sơ sinh đến trưởng thành. An toàn cho thú cưng khi sử dụng. Tăng khả năng tiêu hóa. Kiểm soát độ PH. Tăng cường hấp thụ dưỡng chất.'),
(10115, 'Đồ ăn, chăm sóc, sức khỏe, thực phẩm chức năng, mèo, thịt, cừu, Thức Ăn Cho Mèo Trưởng Thành Buzz Thịt Cừu - 1.2Kg, BUZZ', 'Đồ ăn cho mèo', 'Thức Ăn Cho Mèo Trưởng Thành Buzz Thịt Cừu - 1.2Kg', 'https://salt.tikicdn.com/cache/200x200/ts/product/28/2a/db/b6ba7ff3ad606f13e60bd3fab4d1ec02.jpg', 350, 115000, 'BUZZ', 'Giảm tối đa ngứa và rụng lông cho mèo có da nhạy cảm hay dễ dị ứng với thức ăn Giảm mùi hôi của phân và nước tiểu Kiểm soát lượng muối giúp giảm tỉ lệ sạn thận theo tiêu chuẩn aafco Cấu trúc xương khỏe mạnh nhờ công thức cân bằng canxi & phốt pho'),
(10116, 'Đồ ăn, chăm sóc, sức khỏe, thực phẩm chức năng, mèo, Thức Ăn Cho Mèo Trưởng Thành - Fitmin Cat For Life Salmon, Fitmin', 'Đồ ăn cho mèo', 'Thức Ăn Cho Mèo Trưởng Thành - Fitmin Cat For Life Salmon', 'https://salt.tikicdn.com/cache/200x200/ts/product/de/51/28/a50d08ca716cb142377a8ea5c2e0087b.jpg', 350, 78000, 'Fitmin', 'Được chế biến từ thực phẩm tươi ngon Bổ sung đầy đủ hàm lượng dinh dưỡng cho thú cưng Giúp kháng viêm, rụng lông và giảm mùi hôi chân Thiết kế dạng túi tiện dụng'),
(10117, 'Đồ ăn, chăm sóc, sức khỏe, thực phẩm chức năng, mèo, gà, cá, Thức Ăn Cho Mèo Vị Gà Và Cá Hồi Nutri Source - Xanh Nước Biển (3kg), Nutri Source', 'Đồ ăn cho mèo', 'Thức Ăn Cho Mèo Vị Gà Và Cá Hồi Nutri Source - Xanh Nước Biển (3kg)', 'https://salt.tikicdn.com/cache/200x200/ts/product/35/2b/6d/0ec150434468916650f84992758c8f2b.jpg', 350, 460000, 'Nutri Source', 'Phân khô tốt, tránh tiêu chảy. Giảm sự tăng trưởng của vi sinh vật có hại cho đường ruột. Phù hợp cho giai đoạn từ sơ sinh đến trưởng thành. Tăng khả năng tiêu hóa. Kiểm soát độ PH. Tăng cường hấp thụ dưỡng chất.'),
(10118, 'Đồ ăn, chăm sóc, sức khỏe, thực phẩm chức năng, mèo, Eminent Adult Cat - Chicken - Thức ăn cho mèo trưởng thành, Eminent', 'Đồ ăn cho mèo', 'Eminent Adult Cat - Chicken - Thức ăn cho mèo trưởng thành', 'https://salt.tikicdn.com/cache/200x200/ts/product/e5/35/e7/5b017c0dba8b2303c7cfc5c2bb74651e.png', 350, 53000, 'Eminent', 'Ngăn ngừa sự hình thành của búi lông. Phục hồi và phát triển mô cơ Duy trì pH nước tiểu ở mức tối ưu, ngăn ngừa sự hình thành sỏi tiết niệu, Quả nam việt quất giữ cho đường tiết niệu khỏe mạnh. Bảo vệ và tăng cường hệ thống miễn dịch. Yucca giúp tăng cường khả năng miễn dịch và giảm mùi tự nhiên.'),
(10119, 'Đồ ăn, chăm sóc, sức khỏe, thực phẩm chức năng, mèo, Thức ăn cho mèo Royal Canin Recovery Fel/Can Can 195gr, Royal Canin', 'Đồ ăn cho mèo', 'Thức ăn cho mèo Royal Canin Recovery Fel/Can Can 195gr', 'https://salt.tikicdn.com/cache/200x200/ts/product/4f/72/0c/20fe20dd6b32f9eca9b50984d988f5a5.jpg', 350, 62000, 'Royal Canin', 'Kích thích sự thèm ăn 100% dinh dưỡng cân bằng và cân bằng Bảo đảm 100% mức độ hài lòng ROYAL CANIN RECOVERY là một loại thức ăn cho chó và mèo được đánh giá cao, ngon miệng, hoàn hảo và cân bằng nhằm hỗ trợ dinh dưỡng giúp phục hồi sức khỏe cho chó mèo và được sự hướng dẫn của bác sĩ thú y.'),
(10120, 'Đồ ăn, chăm sóc, sức khỏe, thực phẩm chức năng, mèo, gà, Thức Ăn Mèo Chuyên Tiết Niệu Thịt Gà Tây- Fitmin Purity 1.5Kg, Fitmin', 'Đồ ăn cho mèo', 'Thức Ăn Mèo Chuyên Tiết Niệu Thịt Gà Tây- Fitmin Purity 1.5Kg', 'https://salt.tikicdn.com/cache/200x200/ts/product/a5/46/ed/ce91a885a3509b04d6935e743afb5f78.jpg', 350, 325000, 'Fitmin', 'Hỗ trợ đường tiết niệu THỊT TƯƠI đảm bảo hương vị thơm ngon CÔNG THỨC GRAIN FREE không bị kích ứng da. DẦU ÉP CÁ HỒI NA- UY BẰNG PHƯƠNG PHÁP LẠNH có hàm lượng đạm, axit béo omega-3 và vitamin D cao, giúp chống lão hóa, giảm cholesterol, giảm nguy cơ đột qụy, tăng cường sức khỏe thị lực, tốt cho hệ tiêu hóa.'),
(10121, 'Đồ ăn, chăm sóc, sức khỏe, thực phẩm chức năng, mèo, pate, Pate cho mèo TEB 170gr, OEM', 'Đồ ăn cho mèo', 'Pate cho mèo TEB 170gr', 'https://salt.tikicdn.com/cache/200x200/ts/product/68/be/6f/64123ddffd56abda54d33bd7093aa67b.png', 350, 55000, 'OEM', 'Công thức độc quyền từ nguyền nguyên liệu cao cấp không những cho bé mèo nhà bạn 1 bữa ăn thơm ngon, đầy đủ chất dĩnh dưỡng còn giải quyết các vấn đề do thiếu hụt dưỡng chất. Thành phần: cá mập, thịt nai, cá ngừ, cá hồi , Chondroitin, Taurine, Omega Ω3--6, vitamin, rong biển thiên nhiên, dầu cá... Thơm ngon đa dạng vị'),
(10122, 'Đồ ăn, chăm sóc, sức khỏe, thực phẩm chức năng, mèo, súp, Súp hải sản dinh dưỡng cho mèo 250gr (Dạng pudding tiện cho mèo liếm láp), OEM', 'Đồ ăn cho mèo', 'Súp hải sản dinh dưỡng cho mèo 250gr (Dạng pudding tiện cho mèo liếm láp)', 'https://salt.tikicdn.com/cache/200x200/ts/product/8a/74/53/d57bb40d02db3b3f67e8bf1061aa5663.jpg', 400, 100000, 'OEM', 'Được làm từ các loại hải sản thơm ngon nhất (cá biển, cá hồi, sò điệp, bào ngư v.v.) kích thích sự thèm ăn của mèo yêu. Sản phẩm có dạng bánh pudding, mèo yêu có thể liếm láp bữa ăn ngon lành một cách tự nhiên theo thói quen của mèo.'),
(10123, 'Đồ dùng, chăm sóc, vệ sinh,cát, mèo, Cát Ấn Độ cho mèo (Hương Baby Powder) INDHONG, OEM', 'Đồ dùng cho mèo', 'Cát Ấn Độ cho mèo (Hương Baby Powder) INDHONG', 'https://salt.tikicdn.com/cache/200x200/ts/product/7d/15/a1/97f2670eb618dfda608d695aa576a791.jpg', 400, 120000, 'OEM', 'Cát vệ sinh mèo Indian, 7.5Kg /gói. Kích thước hạt từ 0.5mm đến 2.5mm. Hương Baby Powder (Phấn em bé). Hút ẩm tốt. Kháng khuẩn bảo vệ da mèo. Vón cục - Tách lớp nhanh. Thỏa mãn bản năng của mèo. Hoàn toàn khô ráo.'),
(10124, 'Đồ dùng, chăm sóc, vệ sinh,cát, mèo, Cát Ấn Độ cho mèo (Hương Lavender) IND - Tím, OEM', 'Đồ dùng cho mèo', 'Cát Ấn Độ cho mèo (Hương Lavender) IND - Tím', 'https://salt.tikicdn.com/cache/200x200/ts/product/f3/f9/65/0a1a04378d433d08b4989412105167ca.jpg', 400, 120000, 'OEM', 'Cát vệ sinh mèo Indian, 7.5Kg /gói. Kích thước hạt từ 0.5mm đến 2.5mm. Hương Baby Powder (Phấn em bé). Hút ẩm tốt. Kháng khuẩn bảo vệ da mèo. Vón cục - Tách lớp nhanh. Thỏa mãn bản năng của mèo. Hoàn toàn khô ráo.'),
(10125, 'Đồ dùng, chăm sóc, vệ sinh, nhà, mèo, Nhà Vệ Sinh Cho Mèo, OEM', 'Đồ dùng cho mèo', 'Nhà Vệ Sinh Cho Mèo', 'https://salt.tikicdn.com/cache/200x200/ts/product/66/1a/e6/59d9a609798e3cc7ae6048026460166e.jpg', 400, 305000, 'OEM', 'Thiết kế thông minh giúp giữ vệ sinh nơi ở, không làm cát bị bới tung tóe khắp nơi khi mèo đi vệ sinh. Trên thân nắp có kèm gói sợi than làm khử mùi hôi của nước tiểu mèo, tặng kèm xẻng vệ sinh mèo. Kiểu dáng nhẹ gọn có tay cầm dễ dàng di chuyển, có thể tháo rời ra khi không sử dụng, tiết kiệm diện tích. Được làm bằng nhựa cao cấp, màu sắc tươi tắn dễ thương'),
(10126, 'Đồ dùng, chăm sóc, sức khỏe, vệ sinh, sữa, tắm, mèo, Sữa Tắm Dành Cho Mèo SOS (530ml), SOS', 'Đồ dùng cho mèo', 'Sữa Tắm Dành Cho Mèo SOS (530ml)', 'https://salt.tikicdn.com/cache/200x200/ts/product/ae/b1/d6/042fe8da54b8d8695002e89df07625cf.jpg', 400, 79000, 'SOS', 'Thành phần an toàn cho thú cưng. Khử mùi hôi trên chó mèo hiệu quả. Chăm sóc bộ lông cho thú cưng'),
(10127, 'Đồ dùng, chăm sóc, vệ sinh, nhà, mèo, Nhà Vệ Sinh Cho Mèo Khổ Lớn, OEM', 'Đồ dùng cho mèo', 'Nhà Vệ Sinh Cho Mèo Khổ Lớn', 'https://salt.tikicdn.com/cache/200x200/ts/product/fc/b0/1b/0b73765629833fb8677e9f925636a5db.jpg', 400, 340000, 'OEM', 'Sen e ngại Boss khi đi vệ sinh cát sẽ văng ra ngoài thì dùng dòng này nhé. SP đảm bảo nhà bạn sạch sẽ không văng cát. Có sẵn xẻng vệ sinh, có nhiều màu để lựa chọn: xanh, nâu, hồng, tím'),
(10128, 'Đồ ăn, chăm sóc, sức khỏe,  sữa, mèo, Sữa Cho Mèo KMR Petag USA (340g), PetAg', 'Đồ ăn cho mèo', 'Sữa Cho Mèo KMR Petag USA (340g)', 'https://salt.tikicdn.com/cache/200x200/ts/product/7b/69/c4/1adc32c6ca32edbe4e57f5f79ca8ab63.jpg', 400, 575000, 'PetAg', 'Các công thức chế biến sữa hoàn toàn tự nhiên. Cung cấp đầy đủ các chất dinh dưỡng phù hợp cho mèo. Bổ sung nhiều Vitamin và khoáng chất'),
(10129, 'Đồ dùng, chăm sóc, vệ sinh, cát, mèo, Cát Vệ Sinh Cho Mèo Me-O Hương Chanh (10L), Me-O', 'Đồ dùng cho mèo', 'Cát Vệ Sinh Cho Mèo Me-O Hương Chanh (10L)', 'https://salt.tikicdn.com/cache/200x200/ts/product/37/2c/57/141d0029266f4d5cbe893599fa5e413c.jpg', 400, 194000, 'Me-O', 'Sản xuất từ nguyên liệu tự nhiên an toàn cho bạn và thú cưng. Kiểm soát hiệu quả các mùi khó chịu. Thấm hút cực tốt, nhanh chóng vón cục phân và nước tiểu của mèo. Giảm thiểu lượng rác bẩn cần dọn dẹp'),
(10130, 'Đồ dùng, chăm sóc, vệ sinh, cát, mèo, Cát thủy tinh cho mèo Kit Cat 5L - Crystal, OEM', 'Đồ dùng cho mèo', 'Cát thủy tinh cho mèo Kit Cat 5L - Crystal', 'https://salt.tikicdn.com/cache/200x200/ts/product/09/61/d2/d7ac2c7cef86c5de9c75d58dd1fc7285.jpg', 400, 140000, 'OEM', 'Hạt Silicon Dioxide với khả năng thấm hút đến 80% chất lỏng và khả năng khử mùi diệt khuẩn cao theo công nghệ Silic từ Singapore, cát Thủy Tinh KitCat tuyệt đối là dòng cát vệ sinh hiệu quả và tiết kiệm cho chủ nuôi mèo. Với đa dạng mùi hương từ hương trái cây đến hương hoa cỏ, khách hàng và mèo có thể thử mùi hương khác nhau để chọn ra loại hương yêu thích, mà khay cát và khu vực mèo sinh sống vẫn luôn sạch sẽ thơm tho. Bao bì cát có thể tích 5L - các chủ nuôi dễ dàng sử dụng và bảo quản cát thủy tinh, cũng như di chuyển nhanh chóng. Thiết kế bao bì của KitCat luôn hướng đến sự trẻ trung, năng động và nổi bật. Bao bì cát thủy tinh có chỗ nắm tay cầm trên bao bì giúp người sử dụng cầm nắm và sử dụng cát tiện lợi hơn.'),
(10131, 'Đồ dùng, chăm sóc, vệ sinh, cát, khay, xẻng, mèo, Khay đựng cát vệ sinh cho mèo tặng kèm xẻng , OEM', 'Đồ dùng cho mèo', 'Khay đựng cát vệ sinh cho mèo tặng kèm xẻng ', 'https://salt.tikicdn.com/cache/200x200/ts/product/13/10/19/18c098834b9f8ecb21f4920e21809e11.jpg', 400, 80000, 'OEM', 'Khay đựng cát vệ sinh cho mèo được làm bằng chất nhựa đẹp, dày dặn, có nắp vòm bao xung quanh khay giúp hạn chế cát văng ra ngoài khi mèo hất cát, nắp vòm này có thể gỡ ra để dễ vệ sinh hơn. Khay được thiết kế theo tỉ lệ hợp lí để không bị lật khi mèo đứng lên. Màu sắc lại rất đa dạng tha hồ lựa chọn nè. Thay vì chọn đại 1 cái thau chậu đựng cát hãy sử dụng 1 khay vệ sinh chuyên dụng cho mèo để cả mèo và bạn chủ đều cảm thấy thoải mái khi nhắc đến vấn đề vệ sinh cho mèo.'),
(10132, 'Đồ dùng, chăm sóc, vệ sinh, sỏi, chất thải, mèo, Sỏi hút chất thải cho mèo Mon Ami Hygiene 5L, OEM', 'Đồ dùng cho mèo', 'Sỏi hút chất thải cho mèo Mon Ami Hygiene 5L', 'https://salt.tikicdn.com/cache/200x200/ts/product/f6/0c/ad/abef3009ec9ba8c75f9864b4d35f5e74.jpg', 400, 90000, 'OEM', 'Hạn chế mùi hôi tuyệt đối. Độ thấm hút cao. Không độc hại. Không có bụi. Dễ vốn cục. Dễ hốt'),
(10133, 'Đồ dùng, chăm sóc, vệ sinh, cát, mèo, Cát vệ sinh cho mèo Kún Miu Carbon Coffee hạt tròn (8L), Kún Miu', 'Đồ dùng cho mèo', 'Cát vệ sinh cho mèo Kún Miu Carbon Coffee hạt tròn (8L)', 'https://salt.tikicdn.com/cache/200x200/ts/product/b6/16/8e/567b577f091838249597e9b9ccf0a87a.jpg', 400, 84000, 'Kún Miu', 'Kết dính nhanh, độ vón tốt, dễ dàng xúc bỏ. Khử mùi hiệu quả, chống ẩm, mùi hương dễ chịu. Giảm 99,9% bụi, an toàn sử dụng với người và thú cưng. Sản phẩm sạch có nguồn gốc thiên nhiên, thân thiện với môi trường. Cát hạt tròn'),
(10134, 'Đồ dùng, chăm sóc, vệ sinh, nhà, mèo, cửa, Nhà vệ sinh siêu to có cửa cho mèo , OEM', 'Đồ dùng cho mèo', 'Nhà vệ sinh siêu to có cửa cho mèo ', 'https://salt.tikicdn.com/cache/200x200/ts/product/76/83/c1/b44a5805799e1dc43d196beea52706c6.jpg', 400, 300000, 'OEM', 'Mèo là loài động vật rất sạch sẽ và chúng vô cùng khó chịu khi bị ai đó thấy hoặc quấy rầy trong lúc đang đi vệ sinh. Chỉ sau vài lần bị ai đó dòm ngó, chúng sẽ đổi chổ và bắt đầu \" hành xử \" ở những nơi khuất như dưới gầm giường, gầm tủ... Việc đó sẽ khiến bạn phát điên lên vì rất khó vệ sinh ở những góc khuất như vậy. Do đó Nhà Vệ Sinh Cho Mèo có thiết kế hình hộp và có cửa che vô cùng thích hợp với thói quen đi vệ sinh của loài mèo.'),
(10135, 'Đồ dùng, chăm sóc, vệ sinh, bột, khử mùi, mèo, bột, Bột Litter Box Deodorizer 100g khử mùi tăng vón cho cát vệ sinh mèo, OEM', 'Đồ dùng cho mèo', 'Bột Litter Box Deodorizer 100g khử mùi tăng vón cho cát vệ sinh mèo', 'https://salt.tikicdn.com/cache/200x200/ts/product/db/4a/bd/7d94f46c4fb49d6265445ec14441b09c.jpg', 400, 90000, 'OEM', 'Khi bạn đã đổi qua nhiều loại cát mà vẫn chưa thể ưng ý được chất lược cát về độ vón và độ khử mùi của cát mình đang dùng. Vậy bạn hãy thử dùng sản phẩm Bột Litter Box Deodorizer 100g Hỗ trợ tăng độ vón, độ hút mùi của cát vệ sinh giúp căn phòng của bạn luôn thơm tho. loại bỏ tối đa mùi khó chịu cũng như tiết kiệm đáng kể lượng cát bị hỏng do hết vón.'),
(10136, 'Đồ dùng, chăm sóc, vệ sinh, nhà, mèo, xẻng, Nhà vệ sinh cao cấp cho mèo hình tàu du hành vũ trụ (Kèm xẻng), OEM', 'Đồ dùng cho mèo', 'Nhà vệ sinh cao cấp cho mèo hình tàu du hành vũ trụ (Kèm xẻng)', 'https://salt.tikicdn.com/cache/200x200/ts/product/25/64/e5/e459b89b43efe19ac1359e747c5e5720.jpg', 400, 1450000, 'OEM', 'Nhìn về kiểu dáng thiết kế thì nhà vệ sinh này khá hiện đại và tạo được môi trường riêng cho mèo khi đi vệ sinh, nó giống như một chiếc nhà hoàn hảo. Nhà vệ sinh này vô cùng chắc chắn và bền đẹp nên bạn có thể hoàn toàn yên tâm về chất lượng dịch vụ nhé. Phần đế bên dưới để chứa đựng phân của mèo dễ tháo lắp để rửa, vệ sinh khiến cho sản phẩm luôn được sạch sẽ không phát mùi ra không gian xung quanh. Bên trong còn có hệ thống khử mùi hoàn hảo bạn có thể yên tâm nếu quên không vệ sinh cho mèo thì cũng sẽ không gây mùi ra ngoài nhé. Phía trước còn có 1 chiếc cửa trong suốt mèo ta có thể nhìn ra ngoài hay bạn có thể theo dõi các hoạt động bên trong của chúng.'),
(10137, 'Đồ dùng, chăm sóc, vệ sinh, nhà, mèo, khay, Nhà vệ sinh cao cấp cho mèo Loại có nơ và khay cát dạng Ngăn kéo - Maklar cat box, OEM', 'Đồ dùng cho mèo', 'Nhà vệ sinh cao cấp cho mèo Loại có nơ và khay cát dạng Ngăn kéo - Maklar cat box', 'https://salt.tikicdn.com/cache/200x200/ts/product/d0/52/22/fe38cc5d80cb2f81954f3f09a2d1b09f.jpg', 400, 650000, 'OEM', 'Nắp trên cùng của nhà vệ sinh thiết kế thuận tiện để đặt xẻng cát, túi đựng hoặc các phụ kiện nhỏ khác. Tay cầm thuận tiện để có thể di chuyển Khóa an toàn giúp khay cát cố định trong khi di chuyển. Khay ngăn kéo tiện lợi để dọn cát mèo.'),
(10138, 'Đồ dùng, chăm sóc, đồ chơi, massage, móng, cào, mèo, Đồ Chơi Massage Cào Móng Cho Mèo, OEM', 'Đồ dùng cho mèo', 'Đồ Chơi Massage Cào Móng Cho Mèo', 'https://salt.tikicdn.com/cache/200x200/ts/product/89/6b/d2/b0d18b1e414d692394fa95cea3776e55.jpg', 400, 140000, 'OEM', 'Đơn giản, nhỏ gọn với thiết kế thông minh, đồ chơi thư giãn cho mèo được tạo nên từ nhựa PVC kèm len, sợi ở phần đế tạo cảm giác mềm mại, thư giãn đích thực cho mèo cưng. Đặc biệt: nhựa có có tác dụng giúp chú mèo cọ xát, chải lông, làm mượt lông và mát xa dưới da.'),
(10139, 'Đồ dùng, hóa trang, nón, sừng, mèo, Nón sừng quỷ hóa trang, xudapet', 'Đồ dùng cho mèo', 'Nón sừng quỷ hóa trang', 'https://salt.tikicdn.com/cache/200x200/ts/product/ff/f3/b2/761db6098de9568ea92f0ac4a632ba2e.jpg', 400, 70000, 'xudapet', 'Chất liệu: nhung mềm Kích thước : Size S : dây thun co giãn: 11-19cm, sừng cao 6cm Size L: dây thun co giãn: 20-40 cm, sừng cao : 11cm. Màu sắc: đỏ , đen. Thun đeo cổ có thể điều chỉnh co giãn tùy bé. Sừng quỷ đồ hóa trang Halloween có chất vải mềm mại, thoải mái. Chó mèo nhà bạn vẫn được sừng giữ cố định ở 2 bên tai khi di chuyển .'),
(10140, 'Đồ dùng, chăm sóc, sức khỏe, nệm, giữ ấm, chó, mèo, Nệm giữ ấm cho Chó Mèo- Hình Tai Mèo, OEM', 'Đồ dùng cho mèo', 'Nệm giữ ấm cho Chó Mèo- Hình Tai Mèo', 'https://salt.tikicdn.com/cache/200x200/ts/product/ca/00/7e/60a62d45a3ec9ee7b19a9e7fe109f4b9.jpeg', 400, 145000, 'OEM', 'Một khi con vật cưng yêu của bạn có \"lãnh thổ\" của riêng \"\", việc giữ cho ngôi nhà của bạn gọn gàng và sạch sẽ sẽ không còn là một giấc mơ nữa. Với hai họa tiết hoa văn bắt mắt thú cưng cho bạn lựa chọn, tạo cảm giác ấm áp cho thú cưng dù là mùa đông hay mùa hè. Sản phẩm luôn làm hài lòng những thú cưng \"khó chiều\" :3'),
(10141, 'Đồ dùng, chăm sóc, sức khỏe, giường, võng, mèo, Giường Võng Xinh Xắn Cho Mèo #CT005, OEM', 'Đồ dùng cho mèo', 'Giường Võng Xinh Xắn Cho Mèo #CT005', 'https://salt.tikicdn.com/cache/200x200/ts/product/66/65/5b/8d90985e2d0837ef82e61d366d5e4f05.png', 400, 800000, 'OEM', 'Kích thước: D40 x R35 x C60 cm. Phù hợp với bé mèo có cân nặng <7kg. Chất liệu: gỗ Plywood siêu bền dày 15mm, rất chắc chắn, có thẩm mỹ cao. Lắp ráp dễ dàng, gọn gàng, dễ vệ sinh và vận chuyển'),
(10142, 'Đồ dùng, chăm sóc, balo, mèo, Balo Phi Hành Gia Trong Suốt Cho Chó Mèo, OEM', 'Đồ dùng cho mèo', 'Balo Phi Hành Gia Trong Suốt Cho Chó Mèo', 'https://salt.tikicdn.com/cache/200x200/ts/product/11/01/f6/118b7246df3a449e60720cff93c0b6cf.png', 400, 240000, 'OEM', 'Có mặt kính tròn trong suốt giúp thú cưng có thể ngắm nhìn đường phố khi đi chơi. Có nhiều lỗ thông khí xung quanh khắp balo giúp thú cưng thông thoáng.  Vai đeo lót nệm êm ái.'),
(10143, 'Đồ dùng, chăm sóc, cỏ, lông ,mèo, Bộ trồng cỏ tiêu búi lông cho mèo, OEM', 'Đồ dùng cho mèo', 'Bộ trồng cỏ tiêu búi lông cho mèo', 'https://salt.tikicdn.com/cache/200x200/ts/product/1c/a8/36/156225bea7d8f1b1ec465cccfe589346.jpg', 400, 44000, 'OEM', 'Cải thiện chất xơ thực vật để kích thích tiêu hóa và nâng cao sức đề kháng của dạ dày. Xử lý bệnh hairballs (búi lông cục trong ruột mèo). Làm tăng khả năng kích thích sữa cho mèo mẹ đang mang thai và cho con bú. Giúp bé mèo giảmhôi miệng, phòng ngừa các bệnh như hôi miệng, răng nướu. Hơn nữa còn bổ sung rất nhiều Vitamin hữu ích cùng nguyên tố vi lượng có tác dụng làm giảm thể viêm nướu.'),
(10144, 'Đồ dùng, chăm sóc, đồ chơi, móng, cào, mèo, Bàn Cào Móng Độc Đáo Cho Mèo #CT001, OEM', 'Đồ dùng cho mèo', 'Bàn Cào Móng Độc Đáo Cho Mèo #CT001', 'https://salt.tikicdn.com/cache/200x200/ts/product/4e/c4/14/7356d3d6876a72cacc112fd5775d6c09.png', 400, 500000, 'OEM', 'Kích thước: D40 x R35 x C60 cm. Phù hợp với bé mèo có cân nặng <7kg. Chất liệu: gỗ Plywood siêu bền dày 15mm, rất chắc chắn, có thẩm mỹ cao. Lắp ráp dễ dàng, gọn gàng, dễ vệ sinh và vận chuyển'),
(10145, 'Đồ dùng, chăm sóc, sức khỏe, nệm, chó, mèo, Nệm ngủ cho chó mèo - Mặt ngoài vải dù không thấm nước (Giao màu ngẫu nhiên), OEM', 'Đồ dùng cho mèo', 'Nệm ngủ cho chó mèo - Mặt ngoài vải dù không thấm nước (Giao màu ngẫu nhiên)', 'https://salt.tikicdn.com/cache/200x200/ts/product/18/4e/83/7c6f6dd5e3c3f6c2b318af6651a45c2c.jpg', 400, 270000, 'OEM', 'Nệm ngủ cho chó mèo được thiết kế để cho thú cưng của bạn có một giấc ngủ ngọt ngào. Mặt trong nệm ngủ được làm từ vải nhung ấm áp và mềm mại, nên thú cưng của bạn sẽ cảm thấy thoải mái khi trong đó. Mặt ngoài nệm ngủ được làm từ vải dù, không thấm nước. Ruột được làm từ bông gòn siêu êm, tạo cảm giác thoải mái cho thú cưng. Dễ dàng vệ sinh, giặt giũ. Đường may tỉ mĩ và chắc chắn'),
(10146, 'Đồ dùng, chăm sóc, đồ chơi, móng, cào, mèo, trụ, Đồ chơi trụ cào móng 2 tầng cho mèo , OEM', 'Đồ dùng cho mèo', 'Đồ chơi trụ cào móng 2 tầng cho mèo ', 'https://salt.tikicdn.com/cache/200x200/ts/product/a9/18/97/7540ecd91d723b436289977e1ff11ce2.jpg', 400, 230000, 'OEM', 'Cat tree - nhà cây, hay còn gọi là cat stand, cat condo, có thể hiểu như một ngôi nhà, một sân chơi, một phòng tập thể hình dành cho Mèo yêu tận hưởng những giây phút thư giãn, giải trí.'),
(10147, 'Đồ dùng, chăm sóc, đồ chơi, kim loại, mèo, thép, lông, Đồ chơi cần câu mèo bằng thép gắn lông dành cho mèo, OEM', 'Đồ dùng cho mèo', 'Đồ chơi cần câu mèo bằng thép gắn lông dành cho mèo', 'https://salt.tikicdn.com/cache/200x200/ts/product/ff/87/01/473709e75cd6979faee3bf201dcbbee1.jpg', 450, 13000, 'OEM', 'Đồ chơi cho mèo cần câu mèo có tác dụng kích thích vận động ở mèo, giúp chúng giải tỏa căng thẳng, mệt mỏi, từ đó giúp phát triển sức khỏe cũng như não bộ. Đối với những chú mèo nghịch ngợm thì swing cat còn có sức hút kéo chúng khỏi việc cào cắn đồ đạc trong nhà'),
(10148, 'Đồ dùng, chăm sóc,đồ chơi, chó, mèo, Combo 3 chuột mini đồ chơi cho chó mèo , OEM', 'Đồ dùng cho mèo', 'Combo 3 chuột mini đồ chơi cho chó mèo ', 'https://salt.tikicdn.com/cache/200x200/ts/product/b3/60/4d/c79639828263727401dfffa2f94d94eb.PNG', 450, 32000, 'OEM', 'Đồ chơi cho mèo vờn giúp mèo thích thú, vui vẻ.  Có thể chọc bé cún. Chuột mini có nhiều màu'),
(10149, 'Đồ dùng, chăm sóc, đồ chơi, móng, cào, mèo, trụ, Đồ chơi trụ cào cây cà rốt cho mèo, OEM', 'Đồ dùng cho mèo', 'Đồ chơi trụ cào cây cà rốt cho mèo', 'https://salt.tikicdn.com/cache/200x200/ts/product/be/54/e7/b6a8fcb8af53997d5cf07e1323ea04df.jpg', 450, 230000, 'OEM', 'Cải thiện sức khỏe của mèo: Trụ cào cây cà rốt là một món đồ chơi thú vị cho mèo. Giúp ngăn mèo khỏi trầy xước và giảm stress. Mèo tha hồ cào móng và vờn cà rốt cả ngày không chán. Nguyên vật liệu tự nhiên: Trụ cào này chủ yếu được làm bằng dây rơm tự nhiên và salu. Bạn có thể ngửi thấy mùi tự nhiên, nó tuyệt đối an toàn cho người và vật nuôi, và mèo con của bạn sẽ thích nó.'),
(10150, 'Đồ dùng, chăm sóc, sức khỏe, cỏ, catnip, khô, mèo, bạc hà, Catnip Ống Khô Cho Mèo - Bạc Hà Mèo, Kún Miu', 'Đồ dùng cho mèo', 'Catnip Ống Khô Cho Mèo - Bạc Hà Mèo', 'https://salt.tikicdn.com/cache/200x200/ts/product/1a/1c/e0/31b67ca8d51888b85cb825ef7192a10f.jpg', 450, 30000, 'Kún Miu', 'Catnip khô cho mèo (CATNIP, CATMINT) có tác dụng thư giãn với họ nhà mèo. Là đồ chơi cho mèo thư giã, giúp mèo thư giãn'),
(10151, 'Đồ dùng, chăm sóc, đồ chơi, móng, cào, mèo, Cào móng hình chữ nhật cho mèo , OEM', 'Đồ dùng cho mèo', 'Cào móng hình chữ nhật cho mèo ', 'https://salt.tikicdn.com/cache/200x200/ts/product/15/5b/f7/6da6252b1c85c1d9ff644e155baaf659.jpg', 450, 45000, 'OEM', 'Thiết kế nhỏ gọn, dễ sử dụng, phù hợp với mọi loại mèo'),
(10152, 'Đồ dùng, chăm sóc,  đồ chơi, snack, mèo, Đồ Chơi Hộp Đựng Snack Shaking Q Pet Cho Mèo - Nhập khẩu Hàn Quốc, RoyalCanin', 'Đồ dùng cho mèo', 'Đồ Chơi Hộp Đựng Snack Shaking Q Pet Cho Mèo - Nhập khẩu Hàn Quốc', 'https://salt.tikicdn.com/cache/200x200/ts/product/67/9a/b6/dc8e63bb7d16b49498b3fca6078f5d46.jpg', 450, 83000, 'RoyalCanin', 'Đồ chơi giúp thú cưng nhà bạn không cảm thấy buồn chán, cô đơn khi phải ở nhà một mình. Cấu tạo của đồ chơi có thể cho thức ăn vào trong, tạo cảm giác kích thích sự tìm kiếm thức ăn của thú cưng nhà bạn; đồng thời giúp chúng học được cách trân trọng đồ ăn. Bạn sẽ yên tâm khi để thú cưng ở nhà một mình với đồ chơi con lật đật, vì thú cưng nhà bạn sẽ cảm thấy vui vẻ và yêu đời hơn. Vật liệu nhựa an toàn với sức khỏe thú cưng của bạn.'),
(10153, 'Đồ dùng, chăm sóc, đồ chơi, đĩa bay, mèo, Đồ chơi đĩa bay CattyMan dành cho Mèo , CattyMan', 'Đồ dùng cho mèo', 'Đồ chơi đĩa bay CattyMan dành cho Mèo ', 'https://salt.tikicdn.com/cache/200x200/ts/product/70/93/b3/93577f71f79de6254744b7e87be1667d.jpg', 450, 180000, 'CattyMan', 'Sản phẩm từ gỗ tự nhiên với bột silvervine giúp tạo hưng phấn cho mèo. Banh nhiều màu sắc xoay vòng thu hút. Thanh gỗ đàn hồi có chuông tạo tiếng động.'),
(10154, 'Đồ dùng, chăm sóc, sức khỏe, vệ sinh, đồ chơi, sữa, kẹo mút, catnip, mèo, Đồ Chơi Kẹo Mút Catnip Cho Mèo - Cera Pet Home, CeRa Pet Home', 'Đồ dùng cho mèo', 'Đồ Chơi Kẹo Mút Catnip Cho Mèo - Cera Pet Home', 'https://salt.tikicdn.com/cache/200x200/ts/product/56/49/a2/bbaff865cd04b2ca0002576015114b1c.jpg', 450, 45000, 'CeRa Pet Home', 'Hổ trợ chống búi lông, lợi tiêu hóa. Giúp mèo thư giãn khi chủ vắng nhà. Làm sạch răng nứu'),
(10155, 'Đồ dùng, chăm sóc, sức khỏe, đồ chơi, móng, cào, mèo, trụ, Trụ cào cho mèo, OEM', 'Đồ dùng cho mèo', 'Trụ cào cho mèo', 'https://salt.tikicdn.com/cache/200x200/ts/product/d5/87/a7/ef6c8b4d6b659106933b1799d69c889f.jpg', 450, 280000, 'OEM', 'Mèo sẽ tha hồ cào móng, dành cho mèo chơi đùa, xã stress. Thiết kế đẹp mắt, chất liệu bền chắc theo tiêu chuẩn Nhật Bản. Chất liệu : Giấy , MDF, dây đay ,polyester'),
(10156, 'Đồ dùng, chăm sóc,gỗ, đồ chơi, thang, tường, mèo, Thang Treo Tường Cho Mèo #CT002, OEM', 'Đồ dùng cho mèo', 'Thang Treo Tường Cho Mèo #CT002', 'https://salt.tikicdn.com/cache/200x200/ts/product/7e/dc/c6/af7504d7ea601600e25070ff216579f1.jpeg', 450, 500000, 'OEM', 'Kích thước: D20 x R35 x C55 cm. Phù hợp với bé cưng có cân nặng <7kg. Chất liệu: Gỗ Plywood siêu bền dày 15mm, rất chắc chắn, có thẩm mỹ cao. Lắp ráp dễ dàng, gọn gàng, dễ vệ sinh và vận chuyển. Thang trèo mang phong cách sang trọng hiện đại phù hợp ngay với cả những căn hộ chung cư'),
(10157, 'Đồ dùng, chăm sóc, nhà, đồ chơi, mèo, trụ, Trụ mèo 4 tầng cao 1,4m nhiều bộ phận nhà cây cho mèo cào , Hanpet', 'Đồ dùng cho mèo', 'Trụ mèo 4 tầng cao 1,4m nhiều bộ phận nhà cây cho mèo cào ', 'https://salt.tikicdn.com/cache/200x200/ts/product/98/09/e1/d5e55b0e9858d6e9e5691936b6d9f104.png', 450, 1190000, 'Hanpet', 'Hãy đầu tư một dụng cụ thích hợp để hướng cho chú mèo của bạn cào móng đúng chỗ. Chọn một dụng cụ cào móng với bề mặt thô nhám để mèo của bạn có thể cào và làm sắc đẹp bộ móng bằng tất cả những sự thích thú của nó. Một dụng cụ cào móng được làm từ sợi thừng đay là một lựa chọn rất hoàn hảo và quả cho mèo cào móng'),
(10158, 'Đồ dùng, chăm sóc, đồ chơi, mèo, cá, bông, Đồ Chơi Cá Thu Nhồi Bông Cho Thú Cưng, OEM', 'Đồ dùng cho mèo', 'Đồ Chơi Cá Thu Nhồi Bông Cho Thú Cưng', 'https://salt.tikicdn.com/cache/200x200/ts/product/6e/f1/52/15f0f21910c6d16a5bd4455892651b67.jpg', 450, 49000, 'OEM', 'Chất liệu từ vải và bông tuyệt đối an toàn cho mèo. Mang lại thời gian vui vẻ cho bạn và thú cưng. Tăng cường khả năng vận động hoạt bát của thú cưng.'),
(10159, 'Đồ dùng, chăm sóc, đồ chơi, cần câu, chuông, mèo, cần câu, nhựa, Cần câu cho mèo cán nhựa có lông và chuông - Màu ngẫu nhiên, OEM', 'Đồ dùng cho mèo', 'Cần câu cho mèo cán nhựa có lông và chuông - Màu ngẫu nhiên', 'https://salt.tikicdn.com/cache/200x200/ts/product/e1/52/5e/43c45fcb540dfbc20c1715092d88898d.jpeg', 450, 28000, 'OEM', 'Làm từ chất liệu an toàn giúp thú cưng hăng say chơi. Tạo sự vận động khỏe mạnh và nhanh nhẹn. Kiểu dáng và màu sắc đẹp, hấp dẫn thú cưng nhà bạn. Chất liệu bền, chắc chắn. Cải thiện tình cảm giữa bạn và con vật cưng của bạn'),
(10160, 'Đồ dùng, chăm sóc, vệ sinh, sữa, tắm, mèo, lông, Sữa Tắm Cho Mèo Lông Ngắn Lee & Webster (280ml), Lee & Webster', 'Đồ dùng cho mèo', 'Sữa Tắm Cho Mèo Lông Ngắn Lee & Webster (280ml)', 'https://salt.tikicdn.com/cache/200x200/ts/product/5e/63/d7/d7ab2e9d3bedfc74f23d8ac8c3a00e73.jpg', 450, 205000, 'Lee & Webster', 'Dùng để tắm chó và mèo. Làm sạch và chống oxy hoá. Duy trì màu trắng tinh khiết cho bộ lông. Ngăn ngừa sự biến đổi màu của lông'),
(10161, 'Đồ ăn, chăm sóc, sức khỏe, vẹt, chim, Đồ ăn cho Vẹt tăng tràn đầy năng lượng và giọng hót SmartHeart (100g), SmartHeart', 'Đồ ăn cho chim', 'Đồ ăn cho Vẹt tăng tràn đầy năng lượng và giọng hót SmartHeart (100g)', 'https://salt.tikicdn.com/cache/200x200/ts/product/38/27/ec/f59a3508798cec67c13178d554266bf4.jpg', 450, 28000, 'SmartHeart', 'Thức ăn được thiết kế riêng dành cho chim cảnh, chim hót. Gừng giúp làm dịu các cơ quan âm thanh, thúc đẩy sức khỏe đường hô hấp và hệ tiêu hóa'),
(10162, 'Đồ dùng, chăm sóc, sức khỏe, chim, cân, điện tử, chim, Cân điện tử cho thú cưng nhỏ Redmon Digital Pet & Bird Scale, White, Redmon', 'Đồ dùng cho chim', 'Cân điện tử cho thú cưng nhỏ Redmon Digital Pet & Bird Scale, White', 'https://www.vietpet.net/wp-content/uploads/2019/12/can-dien-tu-cho-thu-cung-nho-redmon-digital-pet-bird-scale-white.jpg', 450, 55000, 'Redmon', 'Quy mô vật nuôi đáng tin cậy được thiết kế để cân động vật nhỏ, chim và thức ăn.\r\nCó thiết kế hiện đại, đẹp mắt với nền tảng bằng kính.\r\nCác biện pháp đọc kỹ thuật số tính bằng gam hoặc ounce với gia số 1 ounce.'),
(10163, 'Đồ ăn, chăm sóc, sức khỏe, chim, vẹt, Thức ăn vẹt Lorikeet & Honeyeater 300g, OEM', 'Đồ ăn cho chim', 'Thức ăn vẹt Lorikeet & Honeyeater 300g', 'https://salt.tikicdn.com/cache/200x200/ts/product/fd/7e/5e/cc65cc43e10e2d97f3c057a74a86a660.jpg', 450, 530000, 'OEM', 'Thức ăn Lorikeet & Honeyeater 300g dạng bột dùng để pha với nước cho các loài chim ăn mặt và Lori. Hoà tan 300g bột thức ăn với 500ml nước nóng, trộn đều và thêm nước lọc cho đến khi đủ 1 lít. Thức ăn đã pha có thể bảo quản lạnh'),
(10164, 'Đồ dùng, chăm sóc, sức khỏe, chim, khay, lồng, vẹt, chim, Khay thức ăn treo lồng cho vẹt, OEM', 'Đồ dùng cho chim', 'Khay thức ăn treo lồng cho vẹt', 'https://salt.tikicdn.com/cache/200x200/ts/product/e5/20/84/4f9c4cfd6d7feefadcae2901a6bf5635.jpg', 450, 95000, 'OEM', 'Khay đựng thức ăn treo lồng cho vẹt. Chất liệu nhựa cao cấp. An toàn khi sử dụng'),
(10165, 'Đồ dùng, chăm sóc,đồ chơi, vẹt, chim, Đồ chơi đứng cho vẹt 12x13cm, OEM', 'Đồ dùng cho chim', 'Đồ chơi đứng cho vẹt 12x13cm', 'https://salt.tikicdn.com/cache/200x200/ts/product/91/ca/69/69c6b7b4d85a8ed51f8939af17f30db7.jpg', 450, 1095000, 'OEM', 'Đồ chơi thích hợp cho các loại vẹt nhỏ. Có thể treo trong lồng cho vẹt đứng'),
(10166, 'Đồ dùng, chăm sóc,gỗ, cầu thang, đồ chơi, vẹt, chim, Đồ chơi vẹt cầu thang gỗ treo lớn 2, OEM', 'Đồ dùng cho chim', 'Đồ chơi vẹt cầu thang gỗ treo lớn 2', 'https://salt.tikicdn.com/cache/200x200/ts/product/59/f1/bd/033dec04fb1d93fb80a24cde45b42ebe.jpg', 450, 60000, 'OEM', 'Đồ chơi vẹt cầu thang gỗ tre, được làm bằng gỗ tẩm màu thực phẩm, rất an toàn cho vẹt'),
(10167, 'thuốc, chăm sóc, sức khỏe, vệ sinh, vẹt, chim, Dung dịch trị bệnh cho vẹt cảnh - Enrotril 100ml, Hanvet', 'Thuốc thú y', 'Dung dịch trị bệnh cho vẹt cảnh - Enrotril 100ml', 'https://salt.tikicdn.com/cache/200x200/ts/product/d4/17/f3/a023dc4fcbc91a245a8e9439cc2494fe.jpg', 450, 35000, 'Hanvet', 'Dung dịch trị bệnh cho gà và vẹt cảnh. Chữa các bệnh toi rù, phân xanh, phân trắng trên gà, vẹt cảnh bỏ ăn, ngáp gió, ủ rũ'),
(10168, 'Đồ dùng, chăm sóc, khay, vẹt, ăn, chim, nhựa, Khay ăn phễu nhựa trong suốt cho vẹt, OEM', 'Đồ dùng cho chim', 'Khay ăn phễu nhựa trong suốt cho vẹt', 'https://salt.tikicdn.com/cache/200x200/ts/product/11/eb/c5/b8c25976b2d82bbe133e8e9da7cdd714.jpg', 450, 105000, 'OEM', 'Bình thức ăn nhựa trong suốt có chỗ mở để tiện đổ thức ăn. Chất liệu nhựa cao cấp. An toàn khi sử dụng'),
(10169, 'Đồ dùng, chăm sóc, khay, vẹt, chim, mica, Khay thức ăn mica trong suốt cho vẹt, OEM', 'Đồ dùng cho chim', 'Khay thức ăn mica trong suốt cho vẹt', 'https://salt.tikicdn.com/cache/200x200/ts/product/96/01/ae/fecb5e404e7e835c5bfb72ddd7273490.jpg', 450, 97000, 'OEM', 'Khay thức ăn mica trong suốt cho vẹt. Chất liệu nhựa cao cấp. An toàn khi sử dụng'),
(10170, 'Đồ dùng, chăm sóc, đồ chơi, vẹt, chim, trixie , Trixie Đồ chơi vẹt 1, OEM', 'Đồ dùng cho chim', 'Trixie Đồ chơi vẹt 1', 'https://salt.tikicdn.com/cache/200x200/ts/product/ca/9c/ed/94c59621981c42f269a78a3d1b6eea26.jpg', 450, 95000, 'OEM', 'Đồ chơi cho vẹt. Được làm bằng gỗ tẩm màu thực phẩm.  An toàn cho thú cưng của bạn'),
(10171, 'Đồ dùng, chăm sóc, đồ chơi, vẹt, chim, trixie , Trixie Đồ chơi vẹt 2, OEM', 'Đồ dùng cho chim', 'Trixie Đồ chơi vẹt 2', 'https://salt.tikicdn.com/cache/200x200/ts/product/12/a3/97/2917dee48710568861482bbd48e82c1c.jpg', 450, 68000, 'OEM', 'Đồ chơi cho vẹt. Được làm bằng gỗ tẩm màu thực phẩm.  An toàn cho thú cưng của bạn'),
(10172, 'Đồ dùng, chăm sóc, đồ chơi, vẹt, chim, trixie , Trixie Đồ chơi vẹt 3, OEM', 'Đồ dùng cho chim', 'Trixie Đồ chơi vẹt 3', 'https://salt.tikicdn.com/cache/200x200/ts/product/77/7f/d6/5734e6181208ed652be5c8a5c9adf493.jpg', 450, 68000, 'OEM', 'Đồ chơi cho vẹt. Được làm bằng gỗ tẩm màu thực phẩm.  An toàn cho thú cưng của bạn'),
(10173, 'Đồ dùng, chăm sóc, đồ chơi, vẹt, chim, trixie , Trixie Đồ chơi vẹt 4, OEM', 'Đồ dùng cho chim', 'Trixie Đồ chơi vẹt 4', 'https://salt.tikicdn.com/cache/200x200/ts/product/0c/1f/aa/c58571398f8a5d563c3cdf9b1c8719a7.jpg', 450, 50000, 'OEM', 'Đồ chơi cho vẹt. Được làm bằng gỗ tẩm màu thực phẩm.  An toàn cho thú cưng của bạn'),
(10174, 'Đồ dùng, chăm sóc, đồ chơi, vẹt, chim, trixie , Trixie Đồ chơi vẹt 5, OEM', 'Đồ dùng cho chim', 'Trixie Đồ chơi vẹt 5', 'https://salt.tikicdn.com/cache/200x200/ts/product/e4/5a/26/a310e466d442b151a10396d79e40c190.jpg', 450, 110000, 'OEM', 'Đồ chơi cho vẹt. Được làm bằng gỗ tẩm màu thực phẩm.  An toàn cho thú cưng của bạn'),
(10175, 'Đồ dùng, chăm sóc, đồ chơi, vẹt, chim, trixie , Trixie Đồ chơi vẹt 6, OEM', 'Đồ dùng cho chim', 'Trixie Đồ chơi vẹt 6', 'https://salt.tikicdn.com/cache/200x200/ts/product/79/86/ad/0600f0e581e712fef48c80e3005634c3.jpg', 450, 80000, 'OEM', 'Đồ chơi cho vẹt. Được làm bằng gỗ tẩm màu thực phẩm.  An toàn cho thú cưng của bạn'),
(10176, 'Đồ dùng, chăm sóc, đồ chơi, vẹt, chim, trixie , Trixie Đồ chơi vẹt 7, OEM', 'Đồ dùng cho chim', 'Trixie Đồ chơi vẹt 7', 'https://salt.tikicdn.com/cache/200x200/ts/product/5e/b6/ef/c9065b2d699dcdcc0078b09196e06259.jpg', 450, 140000, 'OEM', 'Đồ chơi cho vẹt. Được làm bằng gỗ tẩm màu thực phẩm.  An toàn cho thú cưng của bạn'),
(10177, 'Đồ dùng, chăm sóc, đồ chơi, vẹt, chim, trixie , Trixie Đồ chơi vẹt 8, OEM', 'Đồ dùng cho chim', 'Trixie Đồ chơi vẹt 8', 'https://salt.tikicdn.com/cache/200x200/ts/product/5f/b6/97/3ca85adb969385d76e61b4b6f37ef79b.jpg', 450, 50000, 'OEM', 'Đồ chơi cho vẹt. Được làm bằng gỗ tẩm màu thực phẩm.  An toàn cho thú cưng của bạn'),
(10178, 'Đồ dùng, chăm sóc, đồ chơi, vẹt, chim, trixie , Trixie Đồ chơi vẹt 9, OEM', 'Đồ dùng cho chim', 'Trixie Đồ chơi vẹt 9', 'https://salt.tikicdn.com/cache/200x200/ts/product/ee/55/27/af7f33f8a6aac0408a2ae3f17d47db48.jpg', 500, 50000, 'OEM', 'Đồ chơi cho vẹt. Được làm bằng gỗ tẩm màu thực phẩm.  An toàn cho thú cưng của bạn'),
(10179, 'Đồ dùng, chăm sóc, đồ chơi, vẹt, chim, trixie , Trixie Đồ chơi vẹt 10, OEM', 'Đồ dùng cho chim', 'Trixie Đồ chơi vẹt 10', 'https://salt.tikicdn.com/cache/200x200/ts/product/29/48/a3/c7f28d7b8b4fb4c4d19b4de76c55eed0.jpg', 500, 75000, 'OEM', 'Đồ chơi cho vẹt. Được làm bằng gỗ tẩm màu thực phẩm.  An toàn cho thú cưng của bạn'),
(10180, 'Đồ dùng, chăm sóc, đồ chơi, vẹt, chim, Đồ chơi vẹt cây đứng san hô 44cm, OEM', 'Đồ dùng cho chim', 'Đồ chơi vẹt cây đứng san hô 44cm', 'https://salt.tikicdn.com/cache/200x200/ts/product/a2/cb/bd/21092f5c3931db84e42673705a070469.jpg', 500, 345000, 'OEM', 'Đồ chơi vẹt cây đứng san hô dùng để gắn trong hoặc ngoài chuồng cho vẹt đứng.  An toàn khi sử dụng'),
(10181, 'Đồ dùng, chăm sóc, khay, vẹt, chim, khay, Khay đựng rau cho vẹt, OEM', 'Đồ dùng cho chim', 'Khay đựng rau cho vẹt', 'https://salt.tikicdn.com/cache/200x200/ts/product/c5/69/19/90419866f6ed9b22cbb87fd4cb56f27f.jpg', 500, 45000, 'OEM', 'Khay để đựng rau treo lồng cho vẹt .Chất liệu nhựa cao cấp. An toàn khi sử dụng'),
(10182, 'Đồ dùng, chăm sóc, đồ chơi, dây, móng, mèo, cào, Nôi dây thừng mèo cào, DoggyMan', 'Đồ dùng cho mèo', 'Nôi dây thừng mèo cào', 'https://salt.tikicdn.com/cache/200x200/ts/product/bb/0a/6c/b68eac31e2b5607873abca7dd8d774d5.jpg', 500, 342000, 'DoggyMan', 'Nôi bằng dây thừng dành cho mèo. Dành cho mèo chơi đùa, xã stress. Có thể làm tổ mèo. Chất liệu : Form Eva, Dây đay, Polyester'),
(10183, 'Đồ dùng, chăm sóc, sức khỏe, đồ chơi, móng, mèo, trụ, Trụ tam giác mèo cào, DoggyMan', 'Đồ dùng cho mèo', 'Trụ tam giác mèo cào', 'https://salt.tikicdn.com/cache/200x200/ts/product/fd/5b/25/bd2e91421b6703e6e2070bfd222f7130.jpg', 500, 280000, 'DoggyMan', 'Trụ tam giác cào dành cho mèo. Dành cho mèo chơi đùa, xã stress. Chất liệu : Giấy, MDF, dây đay, polyester'),
(10184, 'Đồ dùng, chăm sóc, sức khỏe, khay, mèo, Khay Ăn Xinh Xắn Cho Mèo #CT009, OEM', 'Đồ dùng cho mèo', 'Khay Ăn Xinh Xắn Cho Mèo #CT009', 'https://salt.tikicdn.com/cache/200x200/ts/product/1d/80/9a/cb8fd84f3ec07d61742ae28f8162c2fe.jpg', 500, 150000, 'OEM', 'Kích thước: D15 x R13 x C6 cm. Phù hợp với bé mèo có cân nặng <7kg. Chất liệu: gỗ Plywood siêu bền dày 15mm, rất chắc chắn, có thẩm mỹ cao. Lắp ráp dễ dàng, gọn gàng, dễ vệ sinh và vận chuyển'),
(10185, 'Đồ dùng, chăm sóc, sức khỏe, đệm, nhựa, mèo, Đệm nhựa hình bông hoa cho mèo , OEM', 'Đồ dùng cho mèo', 'Đệm nhựa hình bông hoa cho mèo ', 'https://salt.tikicdn.com/cache/200x200/ts/product/56/2d/ba/6a485d6dd217e0e1e77578966bd6aed3.jpg', 500, 190000, 'OEM', 'Thiết kế nhỏ gọn. Kiểu dáng đẹp, bắt mắt dễ sử dụng'),
(10186, 'Đồ dùng, đồ chơi, laser, mèo, Đồ chơi laser hình bàn chân mèo , OEM', 'Đồ dùng cho mèo', 'Đồ chơi laser hình bàn chân mèo ', 'https://salt.tikicdn.com/cache/200x200/ts/product/64/f1/33/0d9b88a076a730ec40833c369b76a26f.jpg', 500, 65000, 'OEM', 'Sản phẩm rất được ưu chuộng bởi tính vui nhộn, khả năng giải trí cao. Được thiết kế nút bấm dạng bàn chân gồm 5 nút, bàn chân mèo dễ thương, bắt mắt tạo sự húng thú cho mèo khi vui chơi. Đèn laser cho chó mèo được làm bằng nhựa, nhỏ gọn, dễ bỏ túi có thể làm móc khóa rất tiện lợi Đồ Chơi Đèn Laser Led Cho Chó Mèo màu đỏ rất bắt mắt, mèo và chó dễ dàng bị thu hút và bạn có thể bắt đầu chơi đùa với những pha rượt đuổi rất ngộ nghĩnh. Đồng thời, với những trò chơi vận động như trên, thú cưng của bạn được rèn luyện kỹ năng phản xạ, giảm stress và tăng cường sức khỏe vật nuôi');
INSERT INTO `product` (`productCode`, `keywords`, `productLine`, `productName`, `image`, `productQuantity`, `price`, `producer`, `productDescription`) VALUES
(10187, 'Đồ dùng, chăm sóc, sức khỏe, nhà, mèo, Nhà Anpha Cho Mèo #CH009, OEM', 'Đồ dùng cho mèo', 'Nhà Anpha Cho Mèo #CH009', 'https://salt.tikicdn.com/cache/200x200/ts/product/36/9a/ad/021b35b971e5e057a06a35c6427d8e48.jpg', 500, 1800000, 'OEM', 'Kích thước: D40 x R40 x C55cm. Phù hợp với \"mèo phi hành gia\" có cân nặng <7kg. Chất liệu: Gỗ Plywood siêu bền dày 10mm, rất chắc chắn, có thẩm mỹ cao. Lắp ráp dễ dàng, gọn gàng, dễ vệ sinh và vận chuyển. Nhà Boss mang phong cách sang trọng hiện đại phù hợp ngay với cả những căn hộ chung cư'),
(10188, 'Đồ dùng, chăm sóc, sức khỏe, khay, gỗ, mèo, Khay Ăn Gỗ Dành Cho Mèo #CT003, OEM', 'Đồ dùng cho mèo', 'Khay Ăn Gỗ Dành Cho Mèo #CT003', 'https://salt.tikicdn.com/cache/200x200/ts/product/c4/a9/55/ec535688634166af007c0c1708993e37.jpg', 500, 250000, 'OEM', 'Kích thước: D25 x R13 x C6 cm. Phù hợp với bé mèo có cân nặng <7kg. Chất liệu: Gỗ Plywood siêu bền dày 15mm, sạch sẽ, có thẩm mỹ cao. Lắp ráp dễ dàng, gọn gàng, dễ vệ sinh và vận chuyển'),
(10189, 'Đồ dùng, chăm sóc, sức khỏe,  đồ chơi, mèo, catnip, Catnip Ống 45ml Bioline , OEM', 'Đồ dùng cho mèo', 'Catnip Ống 45ml Bioline ', 'https://salt.tikicdn.com/cache/200x200/ts/product/24/7a/f5/5cdb1400477fe9e47b7099454186fff6.jpg', 500, 22000, 'OEM', 'Catnip khô cho mèo (CATNIP, CATMINT) có tác dụng thư giãn với họ nhà mèo, là đồ chơi cho mèo thư giãn giúp mèo thư giãn'),
(10190, 'Đồ dùng, chăm sóc, sức khỏe, nệm, bông, chó, mèo, Nệm ngủ tròn mèo đuôi bông cho chó mèo , OEM', 'Đồ dùng cho mèo', 'Nệm ngủ tròn mèo đuôi bông cho chó mèo ', 'https://salt.tikicdn.com/cache/200x200/ts/product/a9/2f/03/0ae87147d36c8713dd64b8da520f895d.jpg', 500, 271000, 'OEM', 'Làm từ sợi bông sạch và chất vải coton thông thoáng, an toàn, mềm mại, êm ái giúp thú cưng luôn cảm thấy ấm cúng và thoải mái. Đường may tỉ mĩ và chắc chắn. Nhiều màu sắc đẹp mắt. Có khóa kéo vỏ nệm, dễ dàng giặt vệ sinh. Size M: 43cm Size L: 50cm Thích hợp cho các bé cún và miu nhỏ. Tránh nhiệt độ cao và ẩm ướt, tránh giặc máy (mất dáng)'),
(10191, 'Đồ dùng, chăm sóc, sức khỏe, nhà, gỗ, mèo, Nhà Gỗ Hình Hộp Cho Mèo #CH002, OEM', 'Đồ dùng cho mèo', 'Nhà Gỗ Hình Hộp Cho Mèo #CH002', 'https://salt.tikicdn.com/cache/200x200/ts/product/07/21/00/2064d8823275d5447bda067bf319743d.jpg', 500, 1900000, 'OEM', 'Kích thước: M (D50xR50xC60cm).  Chất liệu: ván Plywood dày 15mm siêu bền, an toàn. Lắp ráp dễ dàng, gọn gàng, dễ vệ sinh và vận chuyển. Nhà Boss mang phong cách hiện đại phù hợp với cả những căn hộ chung cư'),
(10192, 'Đồ dùng, chăm sóc, vệ sinh, nước hoa, chó, mèo, Nước Hoa Cho Chó Mèo SOS 75ml ( giao màu ngẫu nhiên ), SOS', 'Đồ dùng cho mèo', 'Nước Hoa Cho Chó Mèo SOS 75ml ( giao màu ngẫu nhiên )', 'https://salt.tikicdn.com/cache/200x200/ts/product/a9/c6/58/b1b758f4c167c7b32664603d5b1522d6.jpg', 500, 48000, 'SOS', 'Giữ mùi lên đến 6 tiếng Khử mùi hôi của da, lông. Tỏa hương thơm nhẹ nhàng lưu giữ lâu trên mình thú. Hỗ trợ diệt khuẩn trên da, lông'),
(10193, 'Đồ dùng, chăm sóc, sức khỏe, balo, chó, mèo, Balo phi hành gia Minion cho chó mèo , OEM', 'Đồ dùng cho mèo', 'Balo phi hành gia Minion cho chó mèo ', 'https://salt.tikicdn.com/cache/200x200/ts/product/37/b5/22/e5a8cb7ffe0a8342f17d93c59bb267e5.jpeg', 500, 370000, 'OEM', 'Size 48×20×25 cm cho bé 6,3kg trở xuống. Có nhiều lỗ xung quanh balo giúp thông thoáng không gian cho bé. Tay cầm và vai đeo chắc chắn. Mặt kính tròn trong suốt giúp bé có thể nhìn ra ngoài và chủ có thể quan sát bé từ bên ngoài'),
(10194, 'Đồ dùng, chăm sóc, sức khỏe, vệ sinh, giấy, tai, chó, mèo, Giấy Vệ Sinh Tai Cho Mèo Lee & Webster LW410 (40 Miếng), Lee & Webster', 'Đồ dùng cho mèo', 'Giấy Vệ Sinh Tai Cho Mèo Lee & Webster LW410 (40 Miếng)', 'https://salt.tikicdn.com/cache/200x200/ts/product/93/e5/51/4dbf8a02e63f43d7a415c66eecaf7944.jpg', 500, 190000, 'Lee & Webster', 'Có tác dụng bảo vệ đôi tai, ngăn ngừa các bệnh viêm nhiễm về tai ở thú cưng của bạn đồng thời còn mang đến mùi hương thơm nhẹ nhàng tự nhiên làm cho thú cưng của bạn sảng khoái và thích thú. Loại bỏ vảy nến, bụi bẩn bên trong và khu vực xung quanh tai. Không gây kích ứng da. Giữ cho tai luôn sạch sẽ, ngăn ngừa các bệnh về tai. An toàn cho da, dùng được cho da nhạy cảm.'),
(10195, 'Đồ dùng, chăm sóc, sức khỏe, vệ sinh, kem, chân, mèo, Kem Chăm Sóc Chân Cho Mèo Lee & Webster LW411 (11g), Lee & Webster', 'Đồ dùng cho mèo', 'Kem Chăm Sóc Chân Cho Mèo Lee & Webster LW411 (11g)', 'https://salt.tikicdn.com/cache/200x200/ts/product/d9/68/82/6a20452e5ea9c42a7ba3b2fb3f06f92f.jpg', 500, 200000, 'Lee & Webster', 'Giúp bảo vệ đôi chân, ngăn ngừa các bệnh nấm mốc, kí sinh trùng gây ra, đồng thời kem chăm sóc chân. Mùi hương thơm nhẹ nhàng tự nhiên làm cho thú cưng của bạn sảng khoái và thích thú. Chứa 95% thảo dược thiên nhiên. Cung cấp chất dưỡng ẩm cho da và lòng bàn chân. Giảm tình trạng nứt nẻ và khô da. Không gây kích ứng da.'),
(10196, 'Đồ dùng, chăm sóc, sức khỏe, khay, mèo, Khay Ăn Xinh Xắn Cho Mèo #CT006, OEM', 'Đồ dùng cho mèo', 'Khay Ăn Xinh Xắn Cho Mèo #CT006', 'https://salt.tikicdn.com/cache/200x200/ts/product/88/6f/07/27934597a58367932cbdca7603ae81d0.jpg', 500, 230000, 'OEM', 'Kích thước: D25 x R13 x C6cm. Phù hợp với bé mèo có cân nặng <7kg. Chất liệu: Gỗ Plywood siêu bền dày 15mm, rất chắc chắn, có thẩm mỹ cao. Lắp ráp dễ dàng, gọn gàng, dễ vệ sinh và vận chuyển'),
(10197, 'Đồ dùng, chăm sóc, sức khỏe, nhà, mèo, Nhà Beta Hiện Đại Cho Mèo #CH011, OEM', 'Đồ dùng cho mèo', 'Nhà Beta Hiện Đại Cho Mèo #CH011', 'https://salt.tikicdn.com/cache/200x200/ts/product/cb/a2/54/b3b0a896e84edcd4da619df24011d9e7.jpg', 500, 1900000, 'OEM', 'Kích thước: D40 x R40 x C55cm. Phù hợp với \"mèo phi hành gia\" có cân nặng <7kg. Chất liệu: Gỗ Plywood siêu bền dày 10mm, rất chắc chắn, có thẩm mỹ cao. Lắp ráp dễ dàng, gọn gàng, dễ vệ sinh và vận chuyển. Nhà Boss mang phong cách sang trọng hiện đại phù hợp ngay với cả những căn hộ chung cư'),
(10198, 'Đồ dùng, chăm sóc, sức khỏe, vệ sinh, lồng, tắm, mèo, Lồng Tắm Cho Mèo Kún Miu Cỡ Nhỏ (45 x 12 x 26 cm), Kún Miu', 'Đồ dùng cho mèo', 'Lồng Tắm Cho Mèo Kún Miu Cỡ Nhỏ (45 x 12 x 26 cm)', 'https://salt.tikicdn.com/cache/200x200/ts/product/c6/82/c7/affcfba9a6ec2d7691015cd117ab83a6.jpg', 500, 205000, 'Kún Miu', 'Chuyên dụng cho mèo dành để tắm cho những chú mèo khó tính, ghét nước và sợ tắm. Mục đích ra đời của sản phẩm này giúp tắm cho mèo một cách nhanh hơn, sạch sẽ hơn và đảm bảo an toàn cho người nuôi. Lồng tắm chuyên dụng cho mèo sử dụng dây thép với độ bền tốt nhất cùng với thiết kế 2 cửa, giải quyết tình huống mèo có thể vào dễ dàng nhưng lại không thể ra được. Thiết kế tay cầm dễ dàng, bạn có mang chú mèo của mình đi ra ngoài chơi hay đi du lịch cũng vô cùng thuận tiện. Đáy lồng với kết cấu hình lưới, nếu như bạn để móng của chú mèo nhà mình quá dài, sẽ rất dễ bị móc vào, gây tổn thương, vì vậy hãy nhớ phải cắt móng cho chúng thường xuyên nhé.'),
(10199, 'Đồ dùng, chăm sóc, sức khỏe, bát, ăn, uống, chó, mèo, Bát Ăn Uống Tự Động Cho Chó Mèo, OEM', 'Đồ dùng cho mèo', 'Bát Ăn Uống Tự Động Cho Chó Mèo', 'https://salt.tikicdn.com/cache/200x200/ts/product/45/81/17/a44a57e0e38cfbdc17abbe1c6a3d1a52.png', 500, 190000, 'OEM', 'Sản phẩm được sản xuất bởi chất liệu nhựa an toàn với con người và động vật. Sản phẩm bao gồm hộp đựng thức ăn hạt kết hợp bình đựng nước 2 trong 1 vô cùng tiện lợi. Có gắn thêm chân đế chống trơn trượt và thiết kế khoa học giúp cho khi đổ đầy nước thì trọng tâm sẽ hướng xuống dưới. Thiết kế tiện lợi dành cho các bạn bận rộn không có nhiều thời gian chăm sóc boss, hoặc đi du lịch.'),
(10200, 'Đồ dùng, chăm sóc, sức khỏe, vòng, cổ, ruồi, muỗi, chó, mèo, Vòng thơm thư giãn giảm stress chống ruồi muỗi cho chó mèo, Genyo', 'Đồ dùng cho mèo', 'Vòng thơm thư giãn giảm stress chống ruồi muỗi cho chó mèo', 'https://salt.tikicdn.com/cache/200x200/ts/product/a9/35/61/81e3ddadefa54c81b4de77283603e556.jpg', 500, 85000, 'Genyo', 'Vòng đeo giảm stress lo buồn cho thú cưng. Chiết xuất tinh dầu lavender giúp thú cưng thư giãn chống stress. Chống lo âu trong các trường hợp thay đổi chỗ ở, đổi chủ, thay đổi mỗi trường. Chống được ve rận ruồi muỗi ký sinh trùng'),
(10201, 'thuốc, chăm sóc, sức khỏe, vệ sinh, ve, rận, chó, Thuốc trị ve rận cho chó dưới 10kg Merial Frontline Plus, MERIAL', 'Thuốc thú y ', 'Thuốc trị ve rận cho chó dưới 10kg Merial Frontline Plus', 'https://www.petmart.vn/wp-content/uploads/2013/02/thuoc-tri-ve-ran-cho-cho-duoi-10kg-merial-frontline-plus.jpg', 50, 210000, 'MERIAL', 'Thuốc trị ve rận cho chó dưới 10kg Merial Frontline Plus. Phù hợp với tất cả các giống chó. Frontline Plus sử dụng để nhỏ vào gáy, ở vị trí đặc biệt này các bé sẽ không thể liếm được thuốc.'),
(10202, 'thuốc, chăm sóc, sức khỏe, vệ sinh, ve, rận, chó, Thuốc trị ve rận cho chó từ 2.5 đến 3kg NextGard Spectra, NEXTGARD', 'Thuốc thú y ', 'Thuốc trị ve rận cho chó từ 2.5 đến 3kg NextGard Spectra', 'https://www.petmart.vn/wp-content/uploads/2019/05/thuoc-tri-ve-ran-cho-cho-tu-2-5-den-3kg-nextgard-spectra.jpg', 50, 325000, 'NEXTGARD', 'Thuốc trị ve rận cho chó NextGard Spectra áp dụng với các giống chỉ từ 2.5 đến 3kg.Đặc biệt, NextGard Spectra còn kết hợp tẩy giun cho thú cưng'),
(10203, 'thuốc, chăm sóc, sức khỏe, vệ sinh, ve, rận, chó, Thuốc xịt trị ve rận cho chó mèo Merial Frontline Spray Treatment, MERIAL', 'Thuốc thú y ', 'Thuốc xịt trị ve rận cho chó mèo Merial Frontline Spray Treatment', 'https://www.petmart.vn/wp-content/uploads/2013/03/thuoc-xit-tri-ve-ran-cho-cho-meo-merial-frontline-spray-treatment.jpg', 50, 250000, 'MERIAL', 'Thuốc có dược tính nhẹ nhàng không ngấm vào máu. Vì thế an toàn sử dụng cho chó mèo. Bao gồm chó đang cho con bú và chó mèo con. Không làm hại đến thú cưng và người. Sử dụng lâu dài có thể làm sạch sâu bọ hoàn toàn.'),
(10204, 'thuốc, chăm sóc, sức khỏe, vệ sinh, chó, mèo, ghẻ, nấm, Thuốc trị ghẻ nấm cho chó mèo Alkin Mitecyn, ALKIN', 'Thuốc thú y ', 'Thuốc trị ghẻ nấm cho chó mèo Alkin Mitecyn', 'https://www.petmart.vn/wp-content/uploads/2015/03/thuoc-tri-ghe-nam-cho-cho-meo-alkin-mitecyn.jpg', 50, 155000, 'ALKIN', 'Thuốc trị ghẻ nấm cho chó mèo Alkin Mitecyn áp dụng cho tất cả các giống chó và mèo từ  12 tuần tuổi trở lên.Thuốc trị ghẻ nấm cho chó mèo Alkin Mitecyn đặc trị ve rận, bọ chét, nấm và các bệnh ngoài da của chó mèo do vi khuẩn gây nên.'),
(10205, 'thuốc, chăm sóc, sức khỏe, vệ sinh, ve, rận, chó, Thuốc trị ve rận cho chó từ 10 đến 20kg Merial Frontline Plus, MERIAL', 'Thuốc thú y ', 'Thuốc trị ve rận cho chó từ 10 đến 20kg Merial Frontline Plus', 'https://www.petmart.vn/wp-content/uploads/2013/02/thuoc-tri-ve-ran-cho-cho-tu-10-den-20kg-merial-frontline-plus.jpg', 50, 230000, 'MERIAL', 'Thuốc trị ve rận cho chó từ 10 đến 20kg Merial Frontline Plus. Dành cho các giống chó lớn và trung bình.Frontline Plus sử dụng để nhỏ vào gáy. Ở vị trí đặc biệt này các bé sẽ không thể liếm được thuốc.'),
(10206, 'thuốc, chăm sóc, sức khỏe, vệ sinh, chó, mèo, viêm, da, Thuốc trị viêm da cho chó mèo Saloge All Purpose Spray, SALOGE', 'Thuốc thú y ', 'Thuốc trị viêm da cho chó mèo Saloge All Purpose Spray', 'https://www.petmart.vn/wp-content/uploads/2016/07/thuoc-tri-viem-da-cho-cho-meo-saloge-all-purpose-spray.jpg', 50, 150000, 'SALOGE', 'Thuốc trị viêm da cho chó mèo Saloge All Purpose Spray là thuốc chuyên trị viêm da, ghẻ nấm ngoài da cho chó và mèo. Tác dụng chính là trị vảy nấm, mủ nhờn, ghẻ Demodex. Diệt ve rận, bọ chét và các vi khuẩn gây viêm da.'),
(10207, 'thuốc, chăm sóc, sức khỏe, vệ sinh, ve, rận, chó, Thuốc trị ve rận cho chó từ 20 đến 40kg Merial Frontline Plus, MERIAL', 'Thuốc thú y ', 'Thuốc trị ve rận cho chó từ 20 đến 40kg Merial Frontline Plus', 'https://www.petmart.vn/wp-content/uploads/2013/02/thuoc-tri-ve-ran-cho-cho-tu-20-den-40kg-merial-frontline-plus.jpg', 50, 250000, 'MERIAL', 'Frontline Plus sử dụng để nhỏ vào gáy, ở vị trí đặc biệt này các bé sẽ không thể liếm được thuốc. Lượng thuốc sử dụng rất nhỏ nên không làm lông thú bị ướt nhiều.'),
(10208, 'thuốc, chăm sóc, sức khỏe, vệ sinh, giun, chó, mèo, Thuốc tẩy giun cho chó mèo Zantel, Zantel', 'Thuốc thú y ', 'Thuốc tẩy giun cho chó mèo Zantel', 'https://www.petmart.vn/wp-content/uploads/2016/09/thuoc-tay-giun-cho-cho-meo-zantel.jpg', 50, 60000, 'Zantel', 'Thuốc tẩy giun cho chó mèo Zantel trị giun sán, giun đũa, giun móc, giun kim và giun kí sinh ở phạm vi rộng, giun tròn và sán dây trong cơ thể chó và mèo. Có thể dùng kèm với thức ăn hoặc cho dùng cho vật nuôi khi đói để đạt được hiệu quả tốt nhất.'),
(10209, 'thuốc, chăm sóc, sức khỏe, vệ sinh, nấm, chó, mèo, Thuốc trị nấm cho chó mèo hiệu quả Alkin Fungikur, ALKIN', 'Thuốc thú y ', 'Thuốc trị nấm cho chó mèo hiệu quả Alkin Fungikur', 'https://www.petmart.vn/wp-content/uploads/2015/03/thuoc-tri-nam-cho-cho-meo-hieu-qua-alkin-fungikur.jpg', 50, 155000, 'ALKIN', 'Thuốc trị nấm cho chó mèo hiệu quả Alkin Fungikur chuyên điều trị nhiễm nấm, nấm ngoài da, ngứa trầm trọng. Các bệnh ngoài da và nhiều triệu chứng khác. Có khả năng chữa lành nhiều loại bệnh nhiễm trùng nấm và nhiễm nấm trộn mạt.'),
(10210, 'thuốc, chăm sóc, sức khỏe, vệ sinh, ve, rận, chó, mèo, Thuốc trị ve rận cho chó mèo Saloge Flea & Tick Spray, SALOGE', 'Thuốc thú y ', 'Thuốc trị ve rận cho chó mèo Saloge Flea & Tick Spray', 'https://www.petmart.vn/wp-content/uploads/2013/03/thuoc-tri-ve-ran-cho-cho-meo-saloge-flea-tick-spray.jpg', 50, 150000, 'SALOGE', 'Thuốc trị ve rận cho chó mèo Saloge Flea & Tick Spray nhanh chóng giết chết bọ chét và ve rận trên bề mặt lông ngoài da ngay lập tức. Ngoài ra sản phẩm thuốc trị rận cho chó mèo còn có tác dụng hiệu quả trong việc loại bỏ ấu trùng, trứng ve rận. Phòng chống bọ chét… gây ra viêm da, dị ứng.'),
(10211, 'thuốc, chăm sóc, sức khỏe, vệ sinh, chó, giun, Thuốc xổ giun cho chó con Bayer Drontal For Puppies, BAYER', 'Thuốc thú y ', 'Thuốc xổ giun cho chó con Bayer Drontal For Puppies', 'https://www.petmart.vn/wp-content/uploads/2017/02/thuoc-xo-giun-cho-cho-con-bayer-drontal-puppies.jpg', 50, 55000, 'BAYER', 'Thuốc xổ giun cho chó con Bayer Drontal For Puppies giúp tiêu diệt tất cả những loài giun trưởng thành và ấu trùng nguy hiểm trên chó. Giải quyết những vấn đề gây rối loạn tiêu hóa, bỏ ăn, có hiện tượng mệt mỏi do giun phá.'),
(10212, 'thuốc, chăm sóc, sức khỏe, vệ sinh, rận, chó, mèo, tai, Thuốc trị rận tai cho chó mèo Joyce & Dolls Pet Ear Treatment, JOYCE DOLLS', 'Thuốc thú y ', 'Thuốc trị rận tai cho chó mèo Joyce & Dolls Pet Ear Treatment', 'https://www.petmart.vn/wp-content/uploads/2013/03/thuoc-tri-ran-tai-cho-cho-meo-joyce-dolls-pet-ear-treatment.jpg', 50, 110000, 'JOYCE DOLLS', 'Thuốc trị rận tai cho chó mèo Joyce & Dolls Pet Ear Treatment diệt sạch các ký sinh trùng trong tai của chó mèo. Đặc biệt là ve – rận. Sản phẩm làm hạn chế sự tăng trưởng của các vi sinh vật trong tai của vật nuôi, giảm bớt viêm ngứa, nhiễm trùng trong tai.'),
(10213, 'thuốc, chăm sóc, sức khỏe, vệ sinh, giun, chó, Thuốc trị giun tim cho chó bé Heartgard Plus, MERIAL', 'Thuốc thú y ', 'Thuốc trị giun tim cho chó bé Heartgard Plus', 'https://www.petmart.vn/wp-content/uploads/2013/06/thuoc-tri-giun-tim-cho-cho-be-heartgard-plus.jpg', 50, 105000, 'MERIAL', 'Heartgard Plus tiêu diệt ấu trùng giun móc để phòng ngừa bệnh giun móc, chữa trị và ức chế giun đũa (giun đũa Toxocara) và bệnh giun móc (giun móc sợi, giun móc đầu dẹt). '),
(10214, 'thuốc, chăm sóc, sức khỏe, vệ sinh, tai, viêm, chó, mèo, Thuốc trị viêm tai cho chó mèo Saloge Earmax, SALOGE', 'Thuốc thú y ', 'Thuốc trị viêm tai cho chó mèo Saloge Earmax', 'https://www.petmart.vn/wp-content/uploads/2013/02/thuoc-tri-viem-tai-cho-cho-meo-saloge-earmax.jpg', 50, 110000, 'SALOGE', 'Thuốc trị viêm tai cho chó mèo Saloge Earmax là sản phẩm điều trị đặc biệt cho các bệnh về tai ở vật nuôi. Dành cho cả chó và mèo bị các bệnh như viêm tai giữa, vảy nấm, ghẻ, mẩn ngứa… do ký sinh trùng, ve rận cắn. Ngoài ra thuốc còn điều trị mùi hôi trong tai do vi khuẩn gây ra.'),
(10215, 'thuốc, chăm sóc, sức khỏe, vệ sinh, nấm, chó, mèo, Thuốc chữa nấm ngoài da chó mèo Alkin Fabricon, ALKIN', 'Thuốc thú y ', 'Thuốc chữa nấm ngoài da chó mèo Alkin Fabricon', 'https://www.petmart.vn/wp-content/uploads/2015/03/thuoc-chua-nam-ngoai-da-cho-meo-alkin-fabricon.jpg', 50, 155000, 'ALKIN', 'Thuốc chữa nấm ngoài da chó mèo Alkin Fabricon chuyên điều trị nhiễm nấm, nấm ngoài da, ngứa trầm trọng. Mở rộng quy mô và các triệu chứng khác dành riêng cho chó mèo với sự tác động đáng kể, an toàn, kích ứng cực thấp.'),
(10216, 'thuốc, chăm sóc, sức khỏe, vệ sinh, ve, rận, chó, Thuốc trị ve rận cho chó từ 10 đến 25kg Nextgard, NEXTGARD', 'Thuốc thú y ', 'Thuốc trị ve rận cho chó từ 10 đến 25kg Nextgard', 'https://www.petmart.vn/wp-content/uploads/2019/05/thuoc-tri-ve-ran-cho-cho-tu-10-den-25kg-nextgard.jpg', 50, 235000, 'NEXTGARD', 'Thuốc trị ve rận cho chó Nextgard áp dụng các giống chó từ 10 đến 25kg.Thuốc trị ve rận cho chó Nextgard có tác dụng bảo vệ thú cưng khỏi ve rận, bọ chét'),
(10217, 'thuốc, chăm sóc, sức khỏe, vệ sinh, ve, rận, chó, Thuốc trị ve rận cho chó từ 2 đến 4kg Nextgard, NEXTGARD', 'Thuốc thú y ', 'Thuốc trị ve rận cho chó từ 2 đến 4kg Nextgard', 'https://www.petmart.vn/wp-content/uploads/2019/05/thuoc-tri-ve-ran-cho-cho-tu-2-den-4kg-nextgard.jpg', 50, 165000, 'NEXTGARD', 'Thuốc trị ve rận cho chó Nextgard áp dụng các giống chó từ 2 đến 4kg.Thuốc trị ve rận cho chó Nextgard có tác dụng bảo vệ thú cưng khỏi ve rận, bọ chét'),
(10218, 'thuốc, chăm sóc, sức khỏe, vệ sinh, ve, rận, chó, Thuốc trị ve rận cho chó từ 4 đến 10kg Nextgard, NEXTGARD', 'Thuốc thú y ', 'Thuốc trị ve rận cho chó từ 4 đến 10kg Nextgard', 'https://www.petmart.vn/wp-content/uploads/2019/05/thuoc-tri-ve-ran-cho-cho-tu-4-den-10kg-nextgard.jpg', 50, 175000, 'NEXTGARD', 'Thuốc trị ve rận cho chó Nextgard áp dụng các giống chó từ 4 đến 10kg.Thuốc trị ve rận cho chó Nextgard có tác dụng bảo vệ thú cưng khỏi ve rận, bọ chét'),
(10219, 'thuốc, chăm sóc, sức khỏe, vệ sinh, mắt, chó, mèo, Thuốc trị chảy nước mắt cho chó mèo Saloge Shinyeyes, SALOGE', 'Thuốc thú y ', 'Thuốc trị chảy nước mắt cho chó mèo Saloge Shinyeyes', 'https://www.petmart.vn/wp-content/uploads/2013/03/thuoc-tri-chay-nuoc-mat-cho-cho-meo-saloge-shinyeyes.jpg', 50, 150000, 'SALOGE', 'Thuốc trị chảy nước mắt cho chó mèo Saloge Shinyeyes chống chảy nước mắt cho chó mèo. Có tác dụng loại bỏ những vết bẩn trên mắt. Khôi phục lại màu lông bị vệt ngả màu của tuyến nước mắt làm cho mắt của chó mèo luôn sạch và sáng hơn.'),
(10220, 'thuốc, chăm sóc, sức khỏe, vệ sinh, nấm, chó, mèo, Thuốc trị nấm cho chó mèo Saloge Fungicide Spray, SALOGE', 'Thuốc thú y ', 'Thuốc trị nấm cho chó mèo Saloge Fungicide Spray', 'https://www.petmart.vn/wp-content/uploads/2013/03/thuoc-tri-nam-cho-cho-meo-saloge-fungicide-spray.jpg', 50, 150000, 'SALOGE', 'Thuốc trị nấm cho chó mèo Saloge Fungicide Spray có tác dụng loại bỏ nhanh chóng các loại nấm trên bề mặt da của vật nuôi như nấm da, rụng lông do nấm, hắc lào, phát ban và ngứa do nấm, mưng mủ. '),
(10221, 'thuốc, chăm sóc, sức khỏe, vệ sinh, tai, chó, mèo, Dung dịch vệ sinh tai cho chó mèo Saloge Earclean, SALOGE', 'Thuốc thú y ', 'Dung dịch vệ sinh tai cho chó mèo Saloge Earclean', 'https://www.petmart.vn/wp-content/uploads/2013/03/dung-dich-vesinh-tai-cho-cho-meo-saloge-earclean.jpg', 50, 150000, 'SALOGE', 'Dung dịch vệ sinh tai cho chó mèo Saloge Earclean có chức năng làm sạch ráy tai, làm sạch và khử mùi hôi tai cho chó mèo hiệu quả. Thích hợp cho việc chăm sóc và sử dụng hàng ngày cho thú cưng của bạn.'),
(10222, 'thuốc, chăm sóc, sức khỏe, vệ sinh, mắt, chó, mèo, Thuốc chữa đau mắt cho chó mèo Saloge Eyedrop, SALOGE', 'Thuốc thú y ', 'Thuốc chữa đau mắt cho chó mèo Saloge Eyedrop', 'https://www.petmart.vn/wp-content/uploads/2013/03/thuoc-chua-dau-mat-cho-cho-meo-saloge-eyedrop.jpg', 50, 110000, 'SALOGE', 'Thuốc chữa đau mắt cho chó mèo Saloge Eyedrop với chức năng chủ yếu là khử trùng. Chữa đau mắt đỏ, chống viêm mắt, ngứa mắt. Loại bỏ các vi khuẩn gây ra bệnh nhiễm trùng mắt, viêm giác mạc, đau mắt hột, viêm kết mạc, viêm mí mắt và các bệnh dị ứng truyền nhiễm về mắt.'),
(10223, 'thuốc, chăm sóc, sức khỏe, vệ sinh, da, chó, mèo, Thuốc trị bệnh ngoài da cho chó mèo Saloge Acaricide Spray, SALOGE', 'Thuốc thú y ', 'Thuốc trị bệnh ngoài da cho chó mèo Saloge Acaricide Spray', 'https://www.petmart.vn/wp-content/uploads/2013/03/thuoc-tri-benh-ngoai-da-cho-cho-meo-saloge-acaricide-spray.jpg', 50, 150000, 'SALOGE', 'Thuốc trị bệnh ngoài da cho chó mèo Saloge Acaricide Spray nhanh chóng giết chết vi khuẩn có hại trên bề mặt lông ngoài da của chó mèo. Ngoài ra còn có tác dụng hiệu quả trong việc loại bỏ các chất nhờn. Điều trị bệnh ghẻ do ve gây ra và khắc phục các vấn đề về ngứa, mưng mủ trên da của vật nuôi…'),
(10224, 'thuốc, chăm sóc, sức khỏe, vệ sinh, giun, chó, Thuốc trị giun tim cho chó nhỡ Heartgard Plus, MERIAL', 'Thuốc thú y ', 'Thuốc trị giun tim cho chó nhỡ Heartgard Plus', 'https://www.petmart.vn/wp-content/uploads/2013/06/thuoc-tri-giun-tim-cho-cho-nho-heartgard-plus.jpg', 50, 125000, 'MERIAL', 'Thuốc trị giun tim cho chó nhỡ Heartgard Plus hương vị thịt bò là sản phẩm dành cho chó cỡ lớn thể trọng từ 11,5 đến 22,5kg có tác dụng phòng ngừa truyền nhiễm giun móc, điều tri truyền nhiễm giun đũa hiệu quả.'),
(10225, 'thuốc, chăm sóc, sức khỏe, vệ sinh, giun, chó, Thuốc trị giun tim cho chó lớn Heartgard Plus, MERIAL', 'Thuốc thú y ', 'Thuốc trị giun tim cho chó lớn Heartgard Plus', 'https://www.petmart.vn/wp-content/uploads/2013/06/thuoc-tri-giun-tim-cho-cho-lon-heartgard-plus.jpg', 50, 145000, 'MERIAL', 'Thuốc trị giun tim cho chó lớn Heartgard Plus hương vị thịt bò là sản phẩm dành cho chó cỡ lớn thể trọng từ 22,5 đến 45kg có tác dụng phòng ngừa truyền nhiễm giun móc, điều tri truyền nhiễm giun đũa hiệu quả. '),
(10226, 'thuốc, chăm sóc, sức khỏe, vệ sinh, ve, rận, chó, Thuốc trị ve rận cho chó từ 3.6 đến 7.5kg NextGard Spectra, NEXTGARD', 'Thuốc thú y ', 'Thuốc trị ve rận cho chó từ 3.6 đến 7.5kg NextGard Spectra', 'https://www.petmart.vn/wp-content/uploads/2019/05/thuoc-tri-ve-ran-cho-cho-tu-3-6-den-7-5kg-nextgard-spectra.jpg', 50, 345000, 'NEXTGARD', 'Thuốc trị ve rận cho chó NextGard Spectra sẽ giúp bạn thật an tâm khi thú cưng sạch rận bọ mà lại an toàn. Đặc biệt, NextGard Spectra còn kết hợp tẩy giun cho thú cưng '),
(10227, 'thuốc, chăm sóc, sức khỏe, vệ sinh, ve, rận, chó, Thuốc trị ve rận cho chó từ 7.6 đến 15kg NextGard Spectra, NEXTGARD', 'Thuốc thú y ', 'Thuốc trị ve rận cho chó từ 7.6 đến 15kg NextGard Spectra', 'https://www.petmart.vn/wp-content/uploads/2019/05/thuoc-tri-ve-ran-cho-cho-tu-7-6-den-15kg-nextgard-spectra.jpg', 50, 385000, 'NEXTGARD', 'Thuốc trị ve rận cho chó NextGard Spectra sẽ giúp bạn thật an tâm khi thú cưng sạch rận bọ mà lại an toàn. Đặc biệt, NextGard Spectra còn kết hợp tẩy giun cho thú cưng '),
(10228, 'thuốc, chăm sóc, sức khỏe, vệ sinh, ve, rận, chó, Thuốc trị ve rận cho chó từ 25 đến 50kg Nextgard, NEXTGARD', 'Thuốc thú y ', 'Thuốc trị ve rận cho chó từ 25 đến 50kg Nextgard', 'https://www.petmart.vn/wp-content/uploads/2019/05/thuoc-tri-ve-ran-cho-cho-tu-25-den-50kg-nextgard.jpg', 50, 545000, 'NEXTGARD', 'Thuốc trị ve rận cho chó Nextgard có tác dụng bảo vệ thú cưng khỏi ve rận, bọ chét. Làm giảm khả năng nhiễm khuẩn khi loại bỏ bọ chét'),
(10229, 'Đồ ăn, chăm sóc, sức khỏe, chim, Thức ăn cho chim Bird Choize All Species For all birds, Bird Choize', 'Đồ ăn cho chim', 'Thức ăn cho chim Bird Choize All Species For all birds', 'https://www.vietpet.net/wp-content/uploads/2018/09/thuc-an-cho-chim-bird-choize-all-species-for-all-birds.jpg', 50, 65000, 'Bird Choize', 'Thức ăn cho chim Bird Choize All Species For all birds cân bằng của các axit amin thiết yếu và các chất dinh dưỡng khác thường được tìm thấy trong côn trùng để tăng cường hiệu suất tăng trưởng.'),
(10230, 'Đồ ăn, chăm sóc, sức khỏe, chim, Thức ăn cho chim A Pro IQ Formula Dove, A Pro', 'Đồ ăn cho chim', 'Thức ăn cho chim A Pro IQ Formula Dove', 'https://www.vietpet.net/wp-content/uploads/2018/09/thuc-an-cho-chim-a-pro-iq-formula-dove.jpg', 50, 74000, 'A Pro', 'Thức ăn cho chim A Pro IQ Formula Dove cấp các axit amin thiết yếu bổ sung tự nhiên có lợi nhuận thấp và hạt giống từ các nguồn protein tiêu hóa cao và các axit amin riêng lẻ; tất cả các vitamin, khoáng chất và nguyên tố vi lượng cần thiết; và các chất dinh dưỡng vĩ mô và vi lượng thiết yếu khác.'),
(10231, 'Đồ ăn, chăm sóc, sức khỏe, chim, Thức ăn cho chim MaxWin Pigeon, MAXWIN\r\n', 'Đồ ăn cho chim', 'Thức ăn cho chim MaxWin Pigeon', 'https://www.vietpet.net/wp-content/uploads/2018/09/thuc-an-cho-chim-maxwin-pigeon.jpg', 50, 660000, 'MAXWIN\r\n', 'Thức ăn cho chim MaxWin Pigeon cung cấp các axit amin thiết yếu bổ sung tự nhiên. Có lợi nhuận thấp và hạt giống từ các nguồn protein tiêu hóa cao và các axit amin riêng lẻ; tất cả các vitamin, khoáng chất và nguyên tố vi lượng cần thiết; và các chất dinh dưỡng vĩ mô và vi lượng thiết yếu khác.'),
(10232, 'Đồ ăn, chăm sóc, sức khỏe, chim, 100G HẠT TRÁI CÂY ZUMPREEM CHO LOVEBIRD, COCKATIEL, YẾN PHỤNG, PARROTLET, ZuPreem', 'Đồ ăn cho chim', '100G HẠT TRÁI CÂY ZUMPREEM CHO LOVEBIRD, COCKATIEL, YẾN PHỤNG, PARROTLET', 'https://cdn.fado.vn/images/I/51L9fY15lzL._SR600,600_.jpg', 50, 42000, 'ZuPreem', 'ZuPreem FruitBlend có công thức dinh dưỡng cao và cân bằng giúp chim phát triển nhanh hơn và cho bộ lông sáng đẹp hơn.\r\nZuPreem FruitBlend chứa vi sinh có lợi cho sức khoẻ và đường tiêu hoá của chim'),
(10233, 'Đồ ăn, chăm sóc, sức khỏe, chim, vẹt, Thức ăn cho vẹt cỡ lớn ZuPreem FruitBlend with Natural Fruit Flavors Large, ZuPreem ', 'Đồ ăn cho chim', 'Thức ăn cho vẹt cỡ lớn ZuPreem FruitBlend with Natural Fruit Flavors Large', 'https://www.vietpet.net/wp-content/uploads/2020/02/thuc-an-cho-vet-co-lon-zupreem-fruitblend-with-natural-fruit-flavors-large.jpg', 50, 180000, 'ZuPreem ', 'ZuPreem FruitBlend có công thức dinh dưỡng cao và cân bằng giúp chim phát triển nhanh hơn và cho bộ lông sáng đẹp hơn.\r\nZuPreem FruitBlend chứa vi sinh có lợi cho sức khoẻ và đường tiêu hoá của chim'),
(10234, 'Đồ ăn, chăm sóc, sức khỏe, chim, vẹt, Thức ăn cho vẹt nhỏ vị trái cây ZuPreem FruitBlend with Natural Fruit Flavors, ZuPreem ', 'Đồ ăn cho chim', 'Thức ăn cho vẹt nhỏ vị trái cây ZuPreem FruitBlend with Natural Fruit Flavors', 'https://www.vietpet.net/wp-content/uploads/2020/02/thuc-an-cho-vet-nho-vi-trai-cay-zupreem-fruitblend-with-natural-fruit-flavors.jpg', 50, 150000, 'ZuPreem ', 'Cung cấp dinh dưỡng phù hợp và tối cao được nạp với trái cây như cam, táo, nho và chuối cộng với tất cả các chất dinh dưỡng cần thiết mà chim của bạn cần mỗi ngày để có sức khỏe tốt'),
(10235, 'Đồ ăn, chăm sóc, sức khỏe, chim, vẹt, Thức ăn cho vẹt ZuPreem Natural with Vitamins, Minerals & Amino Acids Parrot & Conure, ZuPreem ', 'Đồ ăn cho chim', 'Thức ăn cho vẹt ZuPreem Natural with Vitamins, Minerals & Amino Acids Parrot & Conure', 'https://www.vietpet.net/wp-content/uploads/2020/02/thuc-an-cho-vet-zupreem-natural-with-vitamins-minerals-amino-acids-parrot-conure.jpg', 50, 180000, 'ZuPreem ', 'Là một loại thực phẩm tự nhiên lành mạnh được pha chế với tất cả các chất dinh dưỡng mà vẹt và vẹt cần mỗi ngày. Thức ăn dạng viên này nên được cho ăn 80% khẩu phần ăn hàng ngày của chim thú cưng của bạn để đảm bảo dinh dưỡng hợp lý và giữ cho chim của bạn hoạt động.'),
(10236, 'Đồ ăn, chăm sóc, sức khỏe, chim, vẹt, Thức ăn cho vẹt ZuPreem AvianBreeder FruitBlend with Natural Fruit Flavors Parrot & Conure Bird\r\n, ZuPreem', 'Đồ ăn cho chim', 'Thức ăn cho vẹt ZuPreem AvianBreeder FruitBlend with Natural Fruit Flavors Parrot & Conure Bird\r\n', 'https://www.vietpet.net/wp-content/uploads/2020/02/thuc-an-cho-vet-zupreem-avianbreeder-fruitblend-with-natural-fruit-flavors-parrot-conure-bird.jpg', 50, 155000, 'ZuPreem', 'Công thức để nhân giống châu Phi, vẹt, amazons và vẹt mào. Được chế tạo với các thành phần thực sự dễ nhận biết như ngô xay, bột đậu nành, lúa mì xay, cam, táo, nho và chuối.'),
(10237, 'Đồ ăn, chăm sóc, sức khỏe, chim, vẹt, Thức ăn cho vẹt ZuPreem VeggieBlend Flavor Parrot & Conure, ZuPreem', 'Đồ ăn cho chim', 'Thức ăn cho vẹt ZuPreem VeggieBlend Flavor Parrot & Conure', 'https://www.vietpet.net/wp-content/uploads/2020/02/thuc-an-cho-vet-zupreem-veggieblend-flavor-parrot-conure.jpg', 50, 550000, 'ZuPreem', 'Chế độ ăn uống cao cấp hàng ngày cho nhiều loại chim, bao gồm cả Conure, Greys và Cockatoos.Cung cấp vitamin và khoáng chất thiết yếu, cung cấp cho chim thú cưng của bạn một nguồn dinh dưỡng cân bằng đáng tin cậy'),
(10238, 'Đồ ăn, chăm sóc, sức khỏe, chim, vẹt, Thức ăn cho vẹt ZuPreem Smart Selects Macaw Bird, ZuPreem', 'Đồ ăn cho chim', 'Thức ăn cho vẹt ZuPreem Smart Selects Macaw Bird', 'https://www.vietpet.net/wp-content/uploads/2020/02/thuc-an-cho-vet-zupreem-smart-selects-macaw-bird.jpg', 50, 230000, 'ZuPreem', 'Món ăn ngon này có đầy đủ các hương vị hấp dẫn, màu sắc rực rỡ và một loạt các hình dạng và kết cấu. Vẹt đuôi dài của bạn sẽ yêu thích hương vị của các loại ngũ cốc, hạt và trái cây khô lành mạnh cung cấp các chất dinh dưỡng cần thiết và chất chống oxy hóa để giữ cho anh ta khỏe mạnh và năng động.'),
(10239, 'Đồ ăn, chăm sóc, sức khỏe, chim, sẻ, hoàng yến, Thức ăn cho chim Sẻ và Hoàng Yến ZuPreem Smart Selects Canary & Finch Bird, ZuPreem', 'Đồ ăn cho chim', 'Thức ăn cho chim Sẻ và Hoàng Yến ZuPreem Smart Selects Canary & Finch Bird', 'https://www.vietpet.net/wp-content/uploads/2020/02/thuc-an-cho-chim-se-va-hoang-yen-zupreem-smart-selects-canary-finch-bird.jpg', 50, 90000, 'ZuPreem', 'Công thức đặc biệt cho chim hoàng yến, chim sẻ và các loài chim rất nhỏ khác. Không giống như các hỗn hợp khác, nó để lại hạt hướng dương thường chứa nhiều carbs và chất béo và thiếu chất dinh dưỡng quan trọng'),
(10240, 'Đồ ăn, chăm sóc, sức khỏe, chim, sẻ, hoàng yến, Thức ăn cho chim Sẻ và Hoàng Yến ZuPreem FruitBlend with Natural Fruit Flavors Extra Small Bird, ZuPreem', 'Đồ ăn cho chim', 'Thức ăn cho chim Sẻ và Hoàng Yến ZuPreem FruitBlend with Natural Fruit Flavors Extra Small Bird', 'https://www.vietpet.net/wp-content/uploads/2020/02/thuc-an-cho-chim-se-va-hoang-yen-zupreem-fruitblend-with-natural-fruit-flavors-extra-small-bird.jpg', 50, 120000, 'ZuPreem', 'Chế độ ăn uống hàng ngày cao cấp cung cấp dinh dưỡng phù hợp và tối cao được nạp bằng trái cây như cam, táo, nho và chuối cộng với tất cả các chất dinh dưỡng thiết yếu mà chim bạn cần mỗi ngày để có sức khỏe tốt. Không cần bổ sung vitamin hoặc khoáng chất bổ sung trong khi cho người bạn lông vũ của bạn chế độ ăn uống đầy đủ và cân bằng này.'),
(10241, 'Đồ ăn, chăm sóc, sức khỏe, chim, vẹt, Thức ăn cho vẹt ZuPreem Smart Selects Parrot & Conure Bird, ZuPreem', 'Đồ ăn cho chim', 'Thức ăn cho vẹt ZuPreem Smart Selects Parrot & Conure Bird', 'https://www.vietpet.net/wp-content/uploads/2020/02/thuc-an-cho-vet-zupreem-smart-selects-parrot-conure-bird.jpg', 50, 200000, 'ZuPreem', 'Món ăn ngon này có đầy đủ các hương vị hấp dẫn, màu sắc rực rỡ và một loạt các hình dạng và kết cấu. Chim thú cưng của bạn sẽ yêu thích hương vị của các loại ngũ cốc, hạt và trái cây khô lành mạnh cung cấp các chất dinh dưỡng cần thiết và chất chống oxy hóa để giữ cho nó khỏe mạnh và năng động.'),
(10242, 'Đồ ăn, chăm sóc, sức khỏe, chim, vẹt, Thức ăn cho vẹt nhỏ ZuPreem Sensible Seed Enriching Variety Small Bird, ZuPreem', 'Đồ ăn cho chim', 'Thức ăn cho vẹt nhỏ ZuPreem Sensible Seed Enriching Variety Small Bird', 'https://www.vietpet.net/wp-content/uploads/2020/02/thuc-an-cho-vet-nho-zupreem-sensible-seed-enriching-variety-small-bird.jpg', 50, 100000, 'ZuPreem', ' Món ăn độc đáo, thú vị này được chế biến với hỗn hợp cao cấp, được gọi là FruitBlend Flavor Smart Pellets và các loại hạt khác để giúp thúc đẩy và phát triển chú chim cưng của bạn. '),
(10243, 'Đồ ăn, chăm sóc, sức khỏe, chim, vẹt, Thức ăn cho vẹt trưởng thành ZuPreem Sensible Seed Enriching Variety Large Bird, ZuPreem', 'Đồ ăn cho chim', 'Thức ăn cho vẹt trưởng thành ZuPreem Sensible Seed Enriching Variety Large Bird', 'https://www.vietpet.net/wp-content/uploads/2020/02/thuc-an-cho-vet-truong-thanh-zupreem-sensible-seed-enriching-variety-large-bird.jpg', 50, 170000, 'ZuPreem', 'Một sự pha trộn độc đáo của hạt giống tạo ra một chế độ độc đáo cho việc cho ăn thường xuyên để giữ cho chim của bạn hoạt động, tham gia và hạnh phúc. Giúp thỏa mãn bản năng vui tươi và yêu thích chim của bạn và giúp tạo ra trải nghiệm mới với mỗi bữa ăn.'),
(10244, 'Đồ ăn, chăm sóc, sức khỏe, chim, vẹt, Thức ăn cho vẹt nhỏ ZuPreem Pure Fun Enriching Variety Small Bird, ZuPreem', 'Đồ ăn cho chim', 'Thức ăn cho vẹt nhỏ ZuPreem Pure Fun Enriching Variety Small Bird', 'https://www.vietpet.net/wp-content/uploads/2020/02/thuc-an-cho-vet-nho-zupreem-pure-fun-enriching-variety-small-bird.jpg', 50, 120000, 'ZuPreem', 'Một sự pha trộn độc đáo của hạt giống tạo ra một chế độ độc đáo cho việc cho ăn thường xuyên để giữ cho chim của bạn hoạt động, tham gia và hạnh phúc. Giúp thỏa mãn bản năng vui tươi và yêu thích chim của bạn và giúp tạo ra trải nghiệm mới với mỗi bữa ăn.'),
(10245, 'Đồ ăn, chăm sóc, sức khỏe, chim, Thức ăn tăng cường màu lông cho chim SmartHeart Mynah, SmartHeart', 'Đồ ăn cho chim', 'Thức ăn tăng cường màu lông cho chim SmartHeart Mynah', 'https://www.vietpet.net/wp-content/uploads/2018/09/thuc-an-tang-cuong-mau-long-cho-chim-smartheart-mynah.jpg', 50, 8000, 'SmartHeart', 'Thức ăn tăng cường màu lông cho chim SmartHeart Mynah có thành phần: rau quả sấy khô (đu đủ khô, dứa khô, táo khô, chuối khô, cà chua mất nước), bột gừng, thảo mộc, lòng đỏ trứng khô, axit béo omega-3 & 6, vitamin và khoáng chất…'),
(10246, 'Đồ ăn, chăm sóc, sức khỏe, chim, sáo, Thức ăn cho chim sáo SmartHeart Mynah, SmartHeart', 'Đồ ăn cho chim', 'Thức ăn cho chim sáo SmartHeart Mynah', 'https://www.vietpet.net/wp-content/uploads/2018/09/thuc-an-cho-chim-sao-smartheart-mynah.jpg', 50, 8000, 'SmartHeart', 'Thức ăn cho chim sáo SmartHeart Mynah có thành phần: rau quả sấy khô (đu đủ khô, dứa khô, táo khô, chuối khô, cà chua mất nước), bột ớt, bột gừng, thảo mộc Kariyat, lòng đỏ trứng khô, nước cam và axit béo omega-3 & 6, vitamin và khoáng chất…'),
(10247, 'Đồ ăn, chăm sóc, sức khỏe, chim, đề kháng, Thức ăn tăng sức đề kháng cho chim SmartHeart Singing Bird, SmartHeart', 'Đồ ăn cho chim', 'Thức ăn tăng sức đề kháng cho chim SmartHeart Singing Bird', 'https://www.vietpet.net/wp-content/uploads/2018/09/thuc-an-tang-suc-de-khang-cho-chim-smartheart-singing-bird.jpg', 50, 24000, 'SmartHeart', 'Thức ăn cho chim sáo SmartHeart Mynah có thành phần: rau quả sấy khô (đu đủ khô, dứa khô, táo khô, chuối khô, cà chua mất nước), thảo mộc Kariyat, lòng đỏ trứng khô, nước cam và axit béo omega-3 & 6, vitamin C, A, D3 và E, khoáng chất và axit amin quan trọng…'),
(10248, 'Đồ ăn, chăm sóc, sức khỏe, chim, Thức ăn cho chim SmartHeart Dove, SmartHeart', 'Đồ ăn cho chim', 'Thức ăn cho chim SmartHeart Dove', 'https://www.vietpet.net/wp-content/uploads/2018/09/thuc-an-cho-chim-smartheart-dove.jpg', 50, 60000, 'SmartHeart', 'Thức ăn cho chim SmartHeart Dove được phát triển để cung cấp dinh dưỡng hoàn chỉnh và cân bằng cho bồ câu và các loài có liên quan. Thành phần: thảo mộc, ngũ cốc, các loại hạt, axit béo omega-3 & 6, chất đạm, chất béo, vitamin và khoáng chất…'),
(10249, 'Đồ ăn, chăm sóc, sức khỏe, chim, Thức ăn cho chim SmartHeart Parrots & Conures, SmartHeart', 'Đồ ăn cho chim', 'Thức ăn cho chim SmartHeart Parrots & Conures', 'https://www.vietpet.net/wp-content/uploads/2018/09/thuc-an-cho-chim-smartheart-parrots-conures.jpg', 50, 50000, 'SmartHeart', 'Thức ăn cho chim SmartHeart Parrots & Conures được phát triển để cung cấp dinh dưỡng hoàn chỉnh và cân bằng cho các loài vẹt. Thành phần: rau quả sấy khô, các loại hạt, axit béo omega-3 & 6, trứng, vitamin A, D3, E, B1, B2, C, khoáng chất và các axit amin.'),
(10250, 'Đồ ăn, chăm sóc, sức khỏe, chim, Thức ăn cho chim SmartHeart Cockatiel & Lovebird, SmartHeart', 'Đồ ăn cho chim', 'Thức ăn cho chim SmartHeart Cockatiel & Lovebird', 'https://www.vietpet.net/wp-content/uploads/2018/09/thuc-an-cho-chim-smartheart-cockatiel-lovebird.jpg', 50, 66000, 'SmartHeart', 'Thức ăn cho chim SmartHeart Cockatiel & Lovebird được phát triển để cung cấp dinh dưỡng hoàn chỉnh và cân bằng cho các loài vẹt. Thành phần: rau quả sấy khô, thảo mộc, các loại hạt, axit béo omega-3 & 6, chất đạm, chất béo, vitamin và khoáng chất…'),
(10251, 'Đồ ăn, chăm sóc, sức khỏe, chim, Thức ăn cho chim SmartHeart Budgies, SmartHeart', 'Đồ ăn cho chim', 'Thức ăn cho chim SmartHeart Budgies', 'https://www.vietpet.net/wp-content/uploads/2018/09/thuc-an-cho-chim-smartheart-budgies.jpg', 50, 66000, 'SmartHeart', 'Thức ăn cho chim SmartHeart Budgies được phát triển để cung cấp dinh dưỡng hoàn chỉnh và cân bằng cho các loài vẹt. Thành phần: rau quả sấy khô, thảo mộc, các loại hạt, axit béo omega-3 & 6, vitamin và khoáng chất…'),
(10252, 'Đồ ăn, chăm sóc, sức khỏe, chim, Thức ăn cho chim SmartHeart Shama, SmartHeart', 'Đồ ăn cho chim', 'Thức ăn cho chim SmartHeart Shama', 'https://www.vietpet.net/wp-content/uploads/2018/09/thuc-an-cho-chim-smartheart-shama.jpg', 50, 24000, 'SmartHeart', 'Thức ăn cho chim SmartHeart Shama là thực phẩm cân bằng dinh dưỡng hoàn chỉnh được phát triển đặc biệt cho các loài chim ăn côn trùng như chích chòe lửa. Thành phần: sâu ăn, trứng khô, bột cá cao cấp, axit amin thiết yếu, thảo mộc Thái Lan, vitamin, khoáng chất và chất dinh dưỡng khác.'),
(10253, 'Đồ ăn, chăm sóc, sức khỏe, chim, Thức ăn cho chim A Pro IQ Formula Mynah, A Pro', 'Đồ ăn cho chim', 'Thức ăn cho chim A Pro IQ Formula Mynah', 'https://www.vietpet.net/wp-content/uploads/2018/09/thuc-an-cho-chim-a-pro-i-q-formula-mynah.jpg', 50, 150000, 'A Pro', 'Cũng cấp dinh dưỡng cần thiết.\r\nTăng cường màu sắc cho lông.\r\nTăng khả năng hấp thụ, tiêu hóa tốt.'),
(10254, 'Đồ ăn, chăm sóc, sức khỏe, chim, vẹt, Thức ăn cho vẹt Wild Harvest Advanced Nutrition Diet Parrot Bird Food, Wild Harvest', 'Đồ ăn cho chim', 'Thức ăn cho vẹt Wild Harvest Advanced Nutrition Diet Parrot Bird Food', 'https://www.vietpet.net/wp-content/uploads/2020/02/thuc-an-cho-vet-wild-harvest-advanced-nutrition-diet-parrot-bird-food.jpg', 50, 140000, 'Wild Harvest', 'Hạt, ngũ cốc và rau cung cấp cho vẹt của bạn nhiều chất dinh dưỡng có lợi.Chứa vitamin, khoáng chất và axit béo omega-3 để thúc đẩy làn da khỏe mạnh và lông sáng bóng, bóng.'),
(10255, 'Đồ ăn, chăm sóc, sức khỏe, chim, Thức ăn cho chim giống nhỏ Wild Harvest Universal Blend Small Bird Food, Wild Harvest', 'Đồ ăn cho chim', 'Thức ăn cho chim giống nhỏ Wild Harvest Universal Blend Small Bird Food', 'https://www.vietpet.net/wp-content/uploads/2020/02/thuc-an-cho-chim-giong-nho-wild-harvest-universal-blend-small-bird-food.jpg', 50, 65000, 'Wild Harvest', 'Được pha trộn cho các loài chim nhỏ, chế độ ăn này là lý tưởng cho chim hoàng yến, vẹt đuôi dài, chim sẻ.Được làm bằng hạt cao cấp, như hạt cỏ hoàng yến, kê đỏ và trắng, và các loại hạt lành mạnh mà chim yêu thích.Cung cấp vitamin và khoáng chất chim nhỏ cần.'),
(10256, 'Đồ ăn, chăm sóc, sức khỏe, chim, vẹt, Thức ăn cho vẹt Wild Harvest Advanced Nutrition Diet Parakeet Bird Food, Wild Harvest', 'Đồ ăn cho chim', 'Thức ăn cho vẹt Wild Harvest Advanced Nutrition Diet Parakeet Bird Food', 'https://www.vietpet.net/wp-content/uploads/2020/02/thuc-an-cho-vet-wild-harvest-advanced-nutrition-diet-parakeet-bird-food.jpg', 50, 55000, 'Wild Harvest', 'Hạt và ngũ cốc cung cấp cho con vẹt của bạn một loạt các chất dinh dưỡng có lợi. Chứa vitamin, khoáng chất và axit béo omega-3 để thúc đẩy làn da khỏe mạnh và lông sáng bóng, bóng.'),
(10257, 'Đồ ăn, chăm sóc, sức khỏe, chim, vẹt, Thức ăn cho vẹt Brown’s Encore Premium Parrot Bird, Brown’s', 'Đồ ăn cho chim', 'Thức ăn cho vẹt Brown’s Encore Premium Parrot Bird', 'https://www.vietpet.net/wp-content/uploads/2019/12/thuc-an-cho-vet-browns-encore-premium-parrot-bird.jpg', 50, 90000, 'Brown’s', 'Một loại thực phẩm cao cấp, giàu vitamin được điều chế để cung cấp dinh dưỡng phù hợp cho chú vẹt của bạn. Pha trộn các loại hạt và ngũ cốc chất lượng cao nhất với nhau và phủ lên trên cùng với hình dạng thực phẩm nhiều màu sắc của chúng tôi, giúp cho thời gian cho ăn trở nên thú vị, ngon miệng, tốt cho sức khỏe và vui vẻ. Có tất cả các loại thực phẩm yêu thích của chúng, bao gồm kê đỏ và trắng, ngô, yến mạch, hạt hoàng yến, hạt rum và hạt hướng dương sọc'),
(10258, 'Đồ ăn, chăm sóc, sức khỏe, chim, bồ câu, Thức ăn cho chim bồ câu Brown’s Bird Lover’s Blend Dove, Pigeon & Quail Blend Bird, Brown’s', 'Đồ ăn cho chim', 'Thức ăn cho chim bồ câu Brown’s Bird Lover’s Blend Dove, Pigeon & Quail Blend Bird', 'https://www.vietpet.net/wp-content/uploads/2019/12/thuc-an-cho-chim-bo-cau-browns-bird-lovers-blend-dove-pigeon-quail-blend-bird.jpg', 50, 50000, 'Brown’s', 'Bộ sưu tập các loại hạt và ngũ cốc chất lượng cao như kê đỏ & trắng, milo, lúa mì, đậu xanh, hạt hoàng yến, yến mạch, hạt rum và bỏng ngô.\r\nHỗn hợp đặc biệt này được thiết kế để cung cấp hạt và hạt chất lượng cao nhất cần thiết cho dinh dưỡng của bồ câu, bồ câu và chim cút'),
(10259, 'Đồ ăn, chăm sóc, sức khỏe, thỏ, Thức ăn cho thỏ Brown’s Encore Gourmet Foraging Feast Pet Rabbit Food, Brown’s', 'Đồ ăn cho thỏ và chuột', 'Thức ăn cho thỏ Brown’s Encore Gourmet Foraging Feast Pet Rabbit Food', 'https://www.vietpet.net/wp-content/uploads/2020/01/thuc-an-cho-tho-browns-encore-gourmet-foraging-feast-pet-rabbit-food.jpg', 50, 110000, 'Brown’s', 'Chế độ ăn uống cao cấp này được bổ sung vitamin và khoáng chất để tăng cường sức khỏe cho thỏ. Các thành phần có hình dạng và kết cấu thú vị để giúp thỏa mãn nhu cầu nhai, giải tỏa sự nhàm chán của lồng và kích thích bản năng săn mồi tự nhiên.'),
(10260, 'Đồ ăn, chăm sóc, sức khỏe, thỏ, chuột, Thức ăn cho thỏ và chuột Kaytee Country Harvest Blend Rabbit, Guinea Pig & Chinchilla Treats, Kaytee', 'Đồ ăn cho thỏ và chuột', 'Thức ăn cho thỏ và chuột Kaytee Country Harvest Blend Rabbit, Guinea Pig & Chinchilla Treats', 'https://www.vietpet.net/wp-content/uploads/2020/01/thuc-an-cho-tho-va-chuot-kaytee-country-harvest-blend-rabbit-guinea-pig-chinchilla-treats.jpg', 50, 25000, 'Kaytee', 'Cung cấp cho thú cưng nhỏ của bạn một món ăn thú vị, ngon miệng và bổ dưỡng với Kaytee Country Harvest Blend Rabbit, Guinea Pig & Chinchilla Treats. Các món ăn là một cách tuyệt vời để gắn kết với thú cưng nhỏ của bạn, cung cấp cho chúng một hoạt động phong phú và thỏa mãn nhu cầu nhai của chúng. '),
(10261, 'Đồ ăn, chăm sóc, sức khỏe, thỏ, chuột, Thức ăn cho thỏ và chuột Kaytee Fiesta Healthy Toppings Mixed Fruit Small Animal Treats, Kaytee', 'Đồ ăn cho thỏ và chuột', 'Thức ăn cho thỏ và chuột Kaytee Fiesta Healthy Toppings Mixed Fruit Small Animal Treats', 'https://www.vietpet.net/wp-content/uploads/2020/01/thuc-an-cho-tho-va-chuot-kaytee-fiesta-healthy-toppings-mixed-fruit-small-animal-treats.jpg', 50, 20000, 'Kaytee', 'Các món ăn là một cách tuyệt vời để gắn kết với thú cưng nhỏ của bạn và thêm sự đa dạng vào chế độ ăn uống của chúng. '),
(10262, 'Đồ ăn, chăm sóc, sức khỏe, thỏ, chuột, Thức ăn cho thỏ và chuột Kaytee Baked Carrot Timothy Biscuit Small Animal Treats, Kaytee', 'Đồ ăn cho thỏ và chuột', 'Thức ăn cho thỏ và chuột Kaytee Baked Carrot Timothy Biscuit Small Animal Treats', 'https://www.vietpet.net/wp-content/uploads/2020/01/thuc-an-cho-tho-va-chuot-kaytee-baked-carrot-timothy-biscuit-small-animal-treats.jpg', 50, 25000, 'Kaytee', 'Cung cấp cho thú cưng của bạn những lợi ích của cỏ khô nhiều chất xơ trong một chiếc bánh quy dễ nướng, dễ ăn với bánh quy nhỏ dành cho động vật nhỏ của Kaytee nướng Apple Timothy. Vật nuôi nhỏ bao gồm Lợn Guinea, thỏ và chinchillas cần cỏ khô để hỗ trợ quá trình tiêu hóa, giữ cho răng của chúng và đáp ứng nhu cầu nhai. '),
(10263, 'Đồ ăn, chăm sóc, sức khỏe, thỏ, chuột, Thức ăn cho thỏ và chuột Kaytee Timothy Hay Plus Carrots Small Animal Food, Kaytee', 'Đồ ăn cho thỏ và chuột', 'Thức ăn cho thỏ và chuột Kaytee Timothy Hay Plus Carrots Small Animal Food', 'https://www.vietpet.net/wp-content/uploads/2020/01/thuc-an-cho-tho-va-chuot-kaytee-timothy-hay-plus-carrots-small-animal-food.jpg', 50, 170000, 'Kaytee', 'Cung cấp cho thú cưng của bạn những lợi ích của cỏ khô nhiều chất xơ và cà rốt giòn, tốt cho sức khỏe với thức ăn động vật nhỏ Cà rốt Kaytee Timothy Hay Plus. Vật nuôi nhỏ bao gồm Lợn Guinea, thỏ và chinchillas cần cỏ khô để hỗ trợ quá trình tiêu hóa, giữ cho răng của chúng và đáp ứng nhu cầu nhai.'),
(10264, 'Đồ ăn, chăm sóc, sức khỏe, thỏ, chuột, Thức ăn cho thỏ và chuột Kaytee Fiesta Healthy Toppings Papaya Small Animal Treats, Kaytee', 'Đồ ăn cho thỏ và chuột', 'Thức ăn cho thỏ và chuột Kaytee Fiesta Healthy Toppings Papaya Small Animal Treats', 'https://www.vietpet.net/wp-content/uploads/2020/01/thuc-an-cho-tho-va-chuot-kaytee-fiesta-healthy-toppings-papaya-small-animal-treats.jpg', 50, 30000, 'Kaytee', 'Làm bằng trái cây thật. Thêm sự đa dạng vào chế độ ăn uống thông thường'),
(10265, 'Đồ ăn, chăm sóc, sức khỏe, thỏ, chuột, Thức ăn cho thỏ và chuột Kaytee Box O’ Hay Small Animal Treat, Kaytee', 'Đồ ăn cho thỏ và chuột', 'Thức ăn cho thỏ và chuột Kaytee Box O’ Hay Small Animal Treat', 'https://www.vietpet.net/wp-content/uploads/2020/01/thuc-an-cho-tho-va-chuot-kaytee-box-o-hay-small-animal-treat.jpg', 50, 40000, 'Kaytee', 'Cung cấp chất xơ, chất dinh dưỡng và làm phong phú đa dạng cho các động vật nhỏ như thỏ, chuột lang, chuột đồng, chuột nhảy, chuột, chuột và chinchillas. Gói đa dạng kết hợp Timothy hay, cà rốt, bạc hà và cúc vạn thọ trong các hộp phục vụ duy nhất an toàn cho việc nhai.'),
(10266, 'Đồ ăn, chăm sóc, sức khỏe, thỏ, chuột, Thức ăn cho thỏ Kaytee Forti-Diet Pro Health Honey Rabbit Treat Sticks, Kaytee', 'Đồ ăn cho thỏ và chuột', 'Thức ăn cho thỏ Kaytee Forti-Diet Pro Health Honey Rabbit Treat Sticks', 'https://www.vietpet.net/wp-content/uploads/2020/01/thuc-an-cho-tho-kaytee-forti-diet-pro-health-honey-rabbit-treat-sticks.jpg', 50, 35000, 'Kaytee', 'Điều trị thú cưng nhỏ của bạn để có một món ăn giòn, vui vẻ và ăn một chút mật ong với Que trị liệu thỏ mật ong Kaytee Forti-Diet Pro Health. Các món ăn là một cách tuyệt vời để gắn kết với thú cưng nhỏ của bạn, cung cấp cho chúng một hoạt động phong phú và thỏa mãn nhu cầu nhai của chúng.'),
(10267, 'Đồ ăn, chăm sóc, sức khỏe, thỏ, chuột, Thức ăn cho thỏ và chuột Kaytee Fiesta Krunch-A-Rounds Small Animal Treats, Kaytee', 'Đồ ăn cho thỏ và chuột', 'Thức ăn cho thỏ và chuột Kaytee Fiesta Krunch-A-Rounds Small Animal Treats', 'https://www.vietpet.net/wp-content/uploads/2020/01/thuc-an-cho-tho-va-chuot-kaytee-fiesta-krunch-a-rounds-small-animal-treats.jpg', 50, 30000, 'Kaytee', 'Nguồn protein tuyệt vời\r\nĐược làm bằng đậu phộng, gạo và hạt vừng\r\nGiòn, vui\r\nTăng cường vitamin và khoáng chất\r\nPhần thưởng đào tạo xuất sắc'),
(10268, 'Đồ ăn, chăm sóc, sức khỏe, thỏ, chuột, Thức ăn cho thỏ và chuột Kaytee Treat Stix with Superfoods Strawberry Flavor Small Animal Treats, Kaytee', 'Đồ ăn cho thỏ và chuột', 'Thức ăn cho thỏ và chuột Kaytee Treat Stix with Superfoods Strawberry Flavor Small Animal Treats', 'https://www.vietpet.net/wp-content/uploads/2020/01/thuc-an-cho-tho-va-chuot-kaytee-treat-stix-with-superfoods-strawberry-flavor-small-animal-treats.jpg', 50, 80000, 'Kaytee', 'Những món ăn động vật nhỏ được thiết kế để thưởng cho người bạn lông xù của bạn bằng một bữa ăn nhẹ bổ dưỡng.\r\nCó các thành phần tốt cho sức khỏe và ngon miệng để làm phong phú chế độ ăn kiêng của bạn.\r\nBao gồm một siêu dâu tây và hạt lanh đứng đầu để thêm hương vị.\r\nĐi kèm ở dạng que để chúng dễ dàng cho bé ăn vặt.\r\nLý tưởng cho chuột lang, thỏ, chuột đồng và các động vật nhỏ khác.'),
(10269, 'Đồ ăn, chăm sóc, sức khỏe, thỏ, chuột, Thức ăn cho thỏ và chuột Kaytee Fiesta Pop-A-Rounds Treat Small Animal Treat, Kaytee', 'Đồ ăn cho thỏ và chuột', 'Thức ăn cho thỏ và chuột Kaytee Fiesta Pop-A-Rounds Treat Small Animal Treat', 'https://www.vietpet.net/wp-content/uploads/2020/01/thuc-an-cho-tho-va-chuot-kaytee-fiesta-pop-a-rounds-treat-small-animal-treat.jpg', 50, 35000, 'Kaytee', 'Được làm bằng milo lành mạnh và tất cả giòn tự nhiên cho một món ăn bổ dưỡng cho động vật nhỏ.\r\nVới đậu phộng ngon mà thỏ và chuột lang chỉ thích và làm ngọt bằng mật ong tự nhiên.\r\nTuyệt vời như một sự bổ sung ngon lành vào chế độ ăn kiêng của bạn để giảm sự nhàm chán và kích thích sự thèm ăn ở những người kén ăn.\r\nLý tưởng như một điều trị đào tạo ngon hoặc chỉ là một phần thưởng bất cứ lúc nào sẽ làm cho liên kết với bạn của bạn thú vị hơn nhiều.\r\nĐi kèm trong một túi có thể khóa lại và được làm bằng không hương vị nhân tạo, màu sắc hoặc chất bảo quản.'),
(10270, 'Đồ ăn, chăm sóc, sức khỏe, thỏ, chuột, Thức ăn cho thỏ và chuột Kaytee Timothy Hay Plus Cranberries Small Animal Treat, Kaytee', 'Đồ ăn cho thỏ và chuột', 'Thức ăn cho thỏ và chuột Kaytee Timothy Hay Plus Cranberries Small Animal Treat', 'https://www.vietpet.net/wp-content/uploads/2020/01/thuc-an-cho-tho-va-chuot-kaytee-timothy-hay-plus-cranberries-small-animal-treat.jpg', 50, 70000, 'Kaytee', 'Điều trị nhiều chất xơ hỗ trợ quá trình tiêu hóa\r\nTự nhiên và không có hóa chất\r\nVới quả nam việt quất thật\r\nKhuyến khích tìm kiếm thức ăn\r\nCung cấp giải trí và kích thích tinh thần'),
(10271, 'Đồ ăn, chăm sóc, sức khỏe, thỏ, chuột, Thức ăn cho thỏ và chuột Kaytee Timothy Hay Plus Marigolds Small Animal Treat, Kaytee', 'Đồ ăn cho thỏ và chuột', 'Thức ăn cho thỏ và chuột Kaytee Timothy Hay Plus Marigolds Small Animal Treat', 'https://www.vietpet.net/wp-content/uploads/2020/01/thuc-an-cho-tho-va-chuot-kaytee-timothy-hay-plus-marigolds-small-animal-treat.jpg', 50, 60000, 'Kaytee', 'Điều trị nhiều chất xơ hỗ trợ quá trình tiêu hóa\r\nTự nhiên và không có hóa chất\r\nVới cúc vạn thọ\r\nKhuyến khích tìm kiếm thức ăn\r\nCung cấp giải trí và kích thích tinh thần');
INSERT INTO `product` (`productCode`, `keywords`, `productLine`, `productName`, `image`, `productQuantity`, `price`, `producer`, `productDescription`) VALUES
(10272, 'Đồ ăn, chăm sóc, sức khỏe, thỏ, chuột, Thức ăn cho thỏ và chuột Kaytee Timothy Hay Plus Mint Small Animal Food, Kaytee', 'Đồ ăn cho thỏ và chuột', 'Thức ăn cho thỏ và chuột Kaytee Timothy Hay Plus Mint Small Animal Food', 'https://www.vietpet.net/wp-content/uploads/2020/01/thuc-an-cho-tho-va-chuot-kaytee-timothy-hay-plus-mint-small-animal-food.jpg', 50, 70000, 'Kaytee', 'Hoàn toàn tự nhiên và không có hóa chất cho một món ăn tốt cho sức khỏe và ngon miệng\r\nTimothy Hay có nhiều chất xơ và hỗ trợ tiêu hóa hợp lý\r\nCỏ được chữa khỏi nắng và là một chất kích thích sự thèm ăn tuyệt vời\r\nCung cấp một cách thú vị và tương tác cho người bạn lông xù của bạn để ăn và thức ăn gia súc\r\nHay giúp mài mòn và làm sạch răng để có sức khỏe răng miệng tốt'),
(10273, 'Đồ ăn, chăm sóc, sức khỏe, thỏ, chuột, Thức ăn cho thỏ và chuột Kaytee Timothy Hay Wafer-Cut Small Animal Food, Kaytee', 'Đồ ăn cho thỏ và chuột', 'Thức ăn cho thỏ và chuột Kaytee Timothy Hay Wafer-Cut Small Animal Food', 'https://www.vietpet.net/wp-content/uploads/2020/01/thuc-an-cho-tho-va-chuot-kaytee-timothy-hay-wafer-cut-small-animal-food.jpg', 50, 110000, 'Kaytee', 'Hoàn toàn tự nhiên và không có hóa chất cho một món ăn tốt cho sức khỏe và ngon miệng\r\nTimothy Hay có nhiều chất xơ và hỗ trợ tiêu hóa hợp lý\r\nCỏ được chữa khỏi nắng và là một chất kích thích sự thèm ăn tuyệt vời\r\nCung cấp một cách thú vị và tương tác cho người bạn lông xù của bạn để ăn và thức ăn gia súc\r\nHay giúp mài mòn và làm sạch răng để có sức khỏe răng miệng tốt'),
(10274, 'Đồ ăn, chăm sóc, sức khỏe, thỏ, chuột, Thức ăn cho thỏ và chuột Kaytee Tube ‘O Hay Timothy Hay Small Animal Treat, Kaytee', 'Đồ ăn cho thỏ và chuột', 'Thức ăn cho thỏ và chuột Kaytee Tube ‘O Hay Timothy Hay Small Animal Treat', 'https://www.vietpet.net/wp-content/uploads/2020/01/thuc-an-cho-tho-va-chuot-kaytee-tube-o-hay-timothy-hay-small-animal-treat.jpg', 50, 110000, 'Kaytee', 'Ống cao chất xơ, an toàn để nhai.\r\nTự nhiên và không có hóa chất.\r\nĐược làm bằng timothy hay.\r\nKhuyến khích đào hầm, ẩn nấp và tìm kiếm thức ăn.\r\nCó sẵn trong trung bình và lớn.'),
(10275, 'Đồ ăn, chăm sóc, sức khỏe, thỏ, chuột, Thức ăn cho thỏ và chuột Kaytee Carrot Alfalfa Nibblers Small Animal Treats, Kaytee', 'Đồ ăn cho thỏ và chuột', 'Thức ăn cho thỏ và chuột Kaytee Carrot Alfalfa Nibblers Small Animal Treats', 'https://www.vietpet.net/wp-content/uploads/2020/01/thuc-an-cho-tho-va-chuot-kaytee-carrot-alfalfa-nibblers-small-animal-treats.jpg', 50, 40000, 'Kaytee', 'Các món ăn ngon cũng như bổ dưỡng.\r\nĐược làm bằng cỏ linh lăng và cà rốt thật để làm hài lòng bạn bè thú cưng của bạn.\r\nĐáp ứng hoạt động nhai tự nhiên và thúc đẩy vệ sinh răng miệng.\r\nLàm cho một điều trị tuyệt vời cho liên kết và thời gian chơi.\r\nNhư mọi khi, được thực hiện tại Hoa Kỳ.'),
(10276, 'Đồ ăn, chăm sóc, sức khỏe, thỏ, chuột, cỏ, khô, Cỏ khô cho thỏ Oxbow Western Timothy Hay, OXBOW', 'Đồ ăn cho thỏ và chuột', 'Cỏ khô cho thỏ Oxbow Western Timothy Hay', 'https://www.vietpet.net/wp-content/uploads/2019/03/co-kho-cho-tho-oxbow-western-timothy-hay.jpg', 50, 100000, 'OXBOW', 'Thu hoạch tươi từ gia đình trang trại của chúng tôi\r\nSắp xếp bằng tay và đóng gói cẩn thận\r\nCung cấp chất xơ thiết yếu để hỗ trợ sức khỏe tiêu hóa & nha khoa\r\nKhông có màu nhân tạo, hương vị, hoặc chất bảo quản'),
(10277, 'Đồ ăn, chăm sóc, sức khỏe, thỏ, chuột, vitamin, Bổ sung vitamin c cho chuột Oxbow Natural Science Vitamin C Small Animal Supplement, OXBOW', 'Đồ ăn cho thỏ và chuột', 'Bổ sung vitamin c cho chuột Oxbow Natural Science Vitamin C Small Animal Supplement', 'https://www.vietpet.net/wp-content/uploads/2020/01/bo-sung-vitamin-c-cho-chuot-oxbow-natural-science-vitamin-c-small-animal-supplement.jpg', 50, 80000, 'OXBOW', 'Cung cấp Vitamin C thiết yếu và ngăn ngừa bệnh scurvy ở Guinea Lợn. Bổ sung này sẽ giúp tăng cường hệ thống miễn dịch vật nuôi của bạn.\r\nCông thức để giảm căng thẳng ở vật nuôi nhỏ khác và đồng thời hỗ trợ phục hồi.\r\nĐược sản xuất với công thức dựa trên cỏ khô, sản phẩm này có nhiều chất xơ sẽ giúp hỗ trợ một hệ thống khỏe mạnh tổng thể.\r\nĐược làm bằng các thành phần hoàn toàn tự nhiên để đặc biệt hỗ trợ sức khỏe tổng thể của một con vật nhỏ. Không có hương vị nhân tạo, màu sắc hoặc chất bảo quản.\r\nHoàn hảo cho các động vật nhỏ như Lợn Guinea, thỏ và chinchillas.'),
(10278, 'Đồ ăn, chăm sóc, sức khỏe, thỏ, chuột, Thức ăn cho chuột lang trưởng thành Oxbow Essentials Adult Guinea Pig, OXBOW', 'Đồ ăn cho thỏ và chuột', 'Thức ăn cho chuột lang trưởng thành Oxbow Essentials Adult Guinea Pig', 'https://www.vietpet.net/wp-content/uploads/2019/03/thuc-an-cho-chuot-lang-truong-thanh-oxbow-essentials-adult-guinea-pig.jpg', 50, 250000, 'OXBOW', 'Viên đồng nhất ngăn ngừa cho ăn chọn lọc\r\nNhiều chất xơ cho sức khỏe tiêu hóa hàng ngày\r\nTăng cường vitamin và khoáng chất cho sức khỏe tối ưu\r\nCông thức với sự hướng dẫn của các bác sĩ thú y và dinh dưỡng hàng đầu\r\nBảy mươi phần trăm khẩu phần ăn của chuột lang của bạn nên là cỏ khô. Oxbow cung cấp một loạt các vật liệu sợi cao được lựa chọn bằng tay để làm phong phú thêm cuộc sống và sức khỏe của thú cưng của bạn.'),
(10279, 'Đồ ăn, chăm sóc, sức khỏe, thỏ, cỏ, khô, Cỏ khô cho thỏ Oxbow Alfalfa Hay, OXBOW', 'Đồ ăn cho thỏ và chuột', 'Cỏ khô cho thỏ Oxbow Alfalfa Hay', 'https://www.vietpet.net/wp-content/uploads/2019/03/co-kho-cho-tho-oxbow-alfalfa-hay.jpg', 50, 92000, 'OXBOW', 'Hương vị ngọt ngào và kết cấu mềm mại\r\nLý tưởng cho vật nuôi đang phát triển, mang thai hoặc cho con bú\r\nThu hoạch tươi từ gia đình trang trại của chúng tôi\r\nSắp xếp bằng tay và đóng gói cẩn thận\r\nKhông có hương vị nhân tạo, màu sắc, hoặc chất bảo quản\r\nKhông có màu nhân tạo, hương vị, hoặc chất bảo quản'),
(10280, 'Đồ ăn, chăm sóc, sức khỏe, thỏ, Thức ăn cho thỏ làm từ thiên nhiên Oxbow Timothy Club Twists Small Animal Treats, OXBOW', 'Đồ ăn cho thỏ và chuột', 'Thức ăn cho thỏ làm từ thiên nhiên Oxbow Timothy Club Twists Small Animal Treats', 'https://www.vietpet.net/wp-content/uploads/2020/01/thuc-an-cho-tho-lam-tu-thien-nhien-oxbow-timothy-club-twists-small-animal-treats.jpg', 50, 23000, 'OXBOW', 'Sản phẩm này được làm 100% có thể ăn được trong xây dựng. Người bạn lông nhỏ của bạn sẽ có thể ăn và ngủ ở một nơi!\r\nMón ngon này có nhiều chất xơ và sẽ giúp thú cưng của bạn giữ một hệ thống tiêu hóa khỏe mạnh.'),
(10281, 'Đồ ăn, chăm sóc, sức khỏe, thỏ, Thức ăn cho thỏ trưởng thành Oxbow Essentials Rabbit, OXBOW', 'Đồ ăn cho thỏ và chuột', 'Thức ăn cho thỏ trưởng thành Oxbow Essentials Rabbit', 'https://www.vietpet.net/wp-content/uploads/2019/03/thuc-an-cho-tho-truong-thanh-oxbow-essentials-rabbit.jpg', 50, 250000, 'OXBOW', ' Được chế tạo để đáp ứng nhu cầu dinh dưỡng cụ thể của thỏ trưởng thành và giúp chúng phát triển mạnh. Thức ăn cho thỏ trưởng thành đầy đủ và cân bằng này chứa Timothy hay cho tiêu hóa khỏe mạnh và tất cả các thành phần lành mạnh và các chất dinh dưỡng cần thiết để hỗ trợ chức năng và hiệu suất hàng ngày.'),
(10282, 'Đồ ăn, chăm sóc, sức khỏe, thỏ, cỏ, khô, Cỏ khô cho thỏ Oxbow Timothy Meadow Hay, OXBOW', 'Đồ ăn cho thỏ và chuột', 'Cỏ khô cho thỏ Oxbow Timothy Meadow Hay', 'https://www.vietpet.net/wp-content/uploads/2019/03/co-kho-cho-tho-oxbow-timothy-meadow-hay.jpg', 50, 100000, 'OXBOW', ' Sự kết hợp phong phú của thị hiếu và kết cấu\r\nChất xơ cao cho tiêu hóa tối ưu\r\nChọn bằng tay và sắp xếp bằng tay\r\nCung cấp nhiều loại giúp ngăn ngừa kén ăn'),
(10283, 'Đồ ăn, chăm sóc, sức khỏe, thỏ, cỏ, khô, Cỏ khô cho thỏ Oxbow Orchard Grass, OXBOW', 'Đồ ăn cho thỏ và chuột', 'Cỏ khô cho thỏ Oxbow Orchard Grass', 'https://www.vietpet.net/wp-content/uploads/2019/03/co-kho-cho-tho-oxbow-orchard-grass.jpg', 50, 100000, 'OXBOW', 'Kết cấu mềm và hương vị ngọt ngào vật nuôi yêu\r\nThu hoạch tươi từ gia đình trang trại của chúng tôi\r\nSắp xếp bằng tay và đóng gói cẩn thận\r\nCung cấp chất xơ thiết yếu để hỗ trợ sức khỏe tiêu hóa & nha khoa\r\nKhông có màu nhân tạo, hương vị, hoặc chất bảo quản'),
(10284, 'Đồ ăn, chăm sóc, sức khỏe, chuột, Thức ăn cho chuột hamster Oxbow Essentials Healthy Handfuls Hamster & Gerbil Food, OXBOW', 'Đồ ăn cho thỏ và chuột', 'Thức ăn cho chuột hamster Oxbow Essentials Healthy Handfuls Hamster & Gerbil Food', 'https://www.vietpet.net/wp-content/uploads/2020/01/thuc-an-cho-chuot-hamster-oxbow-essentials-healthy-handfuls-hamster-gerbil-food.jpg', 50, 60000, 'OXBOW', 'Tăng cường với Vitamin C, A và B12 ổn định. Điều này giúp đảm bảo rằng hệ thống miễn dịch và sức khỏe của thú cưng của bạn ở trạng thái tốt nhất.\r\nBao gồm bột Timothy hay chất xơ cao giúp tăng cường sức khỏe đường tiêu hóa. Giữ sức khỏe thú cưng của bạn ở mức tối ưu.\r\nHamster và gerbils là động vật ăn cỏ nghiêm ngặt và chế độ ăn nhiều chất xơ là điều cần thiết để duy trì hệ tiêu hóa khỏe mạnh.'),
(10285, 'Đồ ăn, chăm sóc, sức khỏe, thỏ, Thức ăn cho thỏ Oxbow Oat Hay Small Animal Food, OXBOW', 'Đồ ăn cho thỏ và chuột', 'Thức ăn cho thỏ Oxbow Oat Hay Small Animal Food', 'https://www.vietpet.net/wp-content/uploads/2020/01/thuc-an-cho-tho-oxbow-oat-hay-small-animal-food.jpg', 50, 50000, 'OXBOW', 'Tạo một hỗn hợp cỏ thơm ngon và bổ dưỡng cho thú cưng nhỏ của bạn với thực phẩm động vật nhỏ Oxbow Oat Hay. Một số vật nuôi nhỏ như Lợn Guinea, thỏ và chinchillas, cần cỏ khô để duy trì tiêu hóa khỏe mạnh.'),
(10286, 'Đồ ăn, chăm sóc, sức khỏe, chuột, Thức ăn cho chuột lang Oxbow’s Essentials Young Guinea Pig, OXBOW', 'Đồ ăn cho thỏ và chuột', 'Thức ăn cho chuột lang Oxbow’s Essentials Young Guinea Pig', 'https://www.vietpet.net/wp-content/uploads/2019/03/thuc-an-cho-chuot-lang-oxbows-essentials-young-guinea-pig1.jpg', 50, 230000, 'OXBOW', 'Viên đồng nhất ngăn ngừa cho ăn chọn lọc\r\nChứa cỏ linh lăng để đáp ứng nhu cầu năng lượng của chuột lang non, đang mang thai và cho con bú\r\nTăng cường vitamin và khoáng chất cho sức khỏe tối ưu\r\nCông thức với sự hướng dẫn của các bác sĩ thú y và dinh dưỡng hàng đầu'),
(10287, 'Đồ ăn, chăm sóc, sức khỏe, thỏ, cỏ, khô, Cỏ khô cho thỏ Oxbow Oat Hay, OXBOW', 'Đồ ăn cho thỏ và chuột', 'Cỏ khô cho thỏ Oxbow Oat Hay', 'https://www.vietpet.net/wp-content/uploads/2019/03/co-kho-cho-tho-oxbow-oat-hay.jpg', 50, 100000, 'OXBOW', 'Kết cấu giòn và hương vị mặn mà thú cưng yêu thích\r\nThu hoạch tươi từ gia đình trang trại của chúng tôi\r\nSắp xếp bằng tay và đóng gói cẩn thận\r\nCung cấp chất xơ thiết yếu để hỗ trợ sức khỏe tiêu hóa & nha khoa\r\nKhông có màu nhân tạo, hương vị, hoặc chất bảo quản'),
(10288, 'Đồ ăn, chăm sóc, sức khỏe, thỏ, cỏ, khô, Cỏ khô cho thỏ Oxbow Western Timothy and Orchard, OXBOW', 'Đồ ăn cho thỏ và chuột', 'Cỏ khô cho thỏ Oxbow Western Timothy and Orchard', 'https://www.vietpet.net/wp-content/uploads/2019/03/co-kho-cho-tho-oxbow-western-timothy-and-orchard.jpg', 50, 100000, 'OXBOW', 'Thỏ cưng, lợn guinea hoặc chinchilla của bạn chắc chắn sẽ thích sự pha trộn phong phú này của các hốc Oxbow cao cấp. Chúng tôi tự tay lựa chọn và pha trộn Western Timothy và Orchard Grass để tạo ra sự pha trộn hoàn hảo của hương vị và kết cấu.'),
(10289, 'Đồ ăn, chăm sóc, sức khỏe, thỏ, Thức ăn cho thỏ Oxbow Harvest Stacks Compressed Hay Western Timothy with Chamomile Small Animal Fo, OXBOW', 'Đồ ăn cho thỏ và chuột', 'Thức ăn cho thỏ Oxbow Harvest Stacks Compressed Hay Western Timothy with Chamomile Small Animal Fo', 'https://www.vietpet.net/wp-content/uploads/2020/01/thuc-an-cho-tho-oxbow-harvest-stacks-compressed-hay-western-timothy-with-chamomile-small-animal-food-2.jpg', 50, 130000, 'OXBOW', 'Sản phẩm này được tạo ra để cung cấp các lợi ích tương tự của cỏ khô mà không có sự lộn xộn. Được làm bằng hoa cúc cho một món ngon mà thú cưng của bạn với tình yêu!\r\nMón ngon này có nhiều chất xơ và sẽ giúp thú cưng của bạn giữ một hệ thống tiêu hóa khỏe mạnh.'),
(10290, 'Đồ ăn, chăm sóc, sức khỏe, thỏ, Thức ăn cho thỏ Oxbow Harvest Stacks Compressed Hay Western Timothy with Carrots Small Animal Food, OXBOW', 'Đồ ăn cho thỏ và chuột', 'Thức ăn cho thỏ Oxbow Harvest Stacks Compressed Hay Western Timothy with Carrots Small Animal Food', 'https://www.vietpet.net/wp-content/uploads/2020/01/thuc-an-cho-tho-oxbow-harvest-stacks-compressed-hay-western-timothy-with-carrots-small-animal-food.jpg', 50, 130000, 'OXBOW', 'Sản phẩm này được tạo ra để cung cấp các lợi ích tương tự của cỏ khô mà không có sự lộn xộn. Được làm bằng hoa cúc cho một món ngon mà thú cưng của bạn với tình yêu!\r\nMón ngon này có nhiều chất xơ và sẽ giúp thú cưng của bạn giữ một hệ thống tiêu hóa khỏe mạnh.'),
(10291, 'Đồ ăn, chăm sóc, sức khỏe, thỏ, Thức ăn cho thỏ Oxbow Harvest Stacks Compressed Hay Western Timothy Small Animal Food, OXBOW', 'Đồ ăn cho thỏ và chuột', 'Thức ăn cho thỏ Oxbow Harvest Stacks Compressed Hay Western Timothy Small Animal Food', 'https://www.vietpet.net/wp-content/uploads/2020/01/thuc-an-cho-tho-oxbow-harvest-stacks-compressed-hay-western-timothy-small-animal-food.jpg', 50, 120000, 'OXBOW', 'Sản phẩm này được tạo ra để cung cấp các lợi ích tương tự của cỏ khô mà không có sự lộn xộn. Món ngon này có nhiều chất xơ và sẽ giúp thú cưng của bạn giữ một hệ thống tiêu hóa khỏe mạnh.'),
(10292, 'Đồ ăn, chăm sóc, sức khỏe, chuột, Thức ăn cho chuột Hamster Oxbow Garden Select Hamster & Gerbil Food, OXBOW', 'Đồ ăn cho thỏ và chuột', 'Thức ăn cho chuột Hamster Oxbow Garden Select Hamster & Gerbil Food', 'https://www.vietpet.net/wp-content/uploads/2020/01/thuc-an-cho-chuot-hamster-oxbow-garden-select-hamster-gerbil-food-2.jpg', 50, 600000, 'OXBOW', 'Nó có các thành phần vườn chất lượng cao như đậu Hà Lan vàng, cà chua, hương thảo và húng tây để cung cấp cho người bạn lông của bạn với dinh dưỡng đầy đủ và cân bằng. Công thức không biến đổi gen này cũng bao gồm ba loại cỏ khô được lựa chọn bằng tay cho nhiều loại và chất xơ thiết yếu.'),
(10293, 'Đồ ăn, chăm sóc, sức khỏe, chuột, Thức ăn cho chuột Chinchilla Oxbow Garden Select Chinchilla Food, OXBOW', 'Đồ ăn cho thỏ và chuột', 'Thức ăn cho chuột Chinchilla Oxbow Garden Select Chinchilla Food', 'https://www.vietpet.net/wp-content/uploads/2020/01/thuc-an-cho-chuot-chinchilla-oxbow-garden-select-chinchilla-food-2.jpg', 50, 360000, 'OXBOW', 'Nó có các thành phần vườn chất lượng cao như đậu Hà Lan vàng, cà chua, hương thảo và húng tây để cung cấp cho người bạn lông của bạn với dinh dưỡng đầy đủ và cân bằng. Công thức không biến đổi gen này cũng bao gồm ba loại cỏ khô được lựa chọn bằng tay cho nhiều loại và chất xơ thiết yếu.'),
(10294, 'Đồ dùng, chăm sóc, dây, đi dạo, chó, mèo, Dây dắt nhiều họa tiết cho chó mèo Genyo, Genyo', 'Đồ dùng cho chó', 'Dây dắt nhiều họa tiết cho chó mèo Genyo', 'https://salt.tikicdn.com/cache/w1200/ts/product/42/c9/13/ae2d26dccee6b896fbd05f6dd4157844.JPG', 50, 19000, 'Genyo', 'Size: Sản phẩm có 3 size:\r\n\r\nSize S: Dây rất nhỏ phù hợp thú 1-2kg\r\n\r\nSize M: Dây vừa phù hợp thú 3-4kg\r\n\r\nSize L: Dây lớn phù hợp thú 5-7kg'),
(10295, 'Đồ dùng, chăm sóc, túi, vận chuyển, chó ,mèo, Túi vận chuyển cứng cho chó mèo (mẫu giao ngẫu nhiên), Genyo', 'Đồ dùng cho chó', 'Túi vận chuyển cứng cho chó mèo (mẫu giao ngẫu nhiên)', 'https://salt.tikicdn.com/cache/w1200/ts/product/ee/e7/0a/7c75f32be3854feb89682221990b9d51.jpg', 50, 70000, 'Genyo', 'Túi rất gọn, khi không dùng có thể xả ra để gọn.\r\n\r\nChuẩn bị nhanh chóng\r\n\r\nBền bỉ, thông thoáng cho thú cưng'),
(10296, 'Đồ dùng, vòng, cổ, chó, mèo, Vòng hoa nhiều màu cho chó mèo, Genyo', 'Đồ dùng cho chó', 'Vòng hoa nhiều màu cho chó mèo', 'https://salt.tikicdn.com/cache/w1200/ts/product/3d/e6/77/258895e4eab88ffd4f6e1700c2e4e0a2.jpg', 50, 18000, 'Genyo', 'Các chuông hoa dễ thương\r\n\r\nDễ đeo và bảo quản\r\n\r\nChất liệu thân thiện môi trường'),
(10297, 'Đồ dùng, chăm sóc, rọ, mõm, mỏ vịt, chó, Rọ mõm cho chó mẫu mỏ vịt (màu giao ngẫu nhiên), Genyo', 'Đồ dùng cho chó', 'Rọ mõm cho chó mẫu mỏ vịt (màu giao ngẫu nhiên)', 'https://salt.tikicdn.com/cache/w1200/ts/product/f8/63/c4/4af8f73998a44b34af5ac40550b7dca6.jpg', 50, 32000, 'Genyo', 'Chất liệu cao su mềm, tốt, không gây đau cho thú cưng.\r\n\r\nDây quai chắc chắn, không tuột ra khi đeo.\r\n\r\nĐảm bảo an toàn cho cả bạn và thú cưng khi đi dạo ngoài đường hoặc nhưng khi cần tiêm chủng, chữa bệnh.'),
(10298, 'Đồ dùng, chăm sóc, dây, chó, mèo, Dây dắt cao cấp cho thú cưng (màu ngẫu nhiên), Genyo', 'Đồ dùng cho chó', 'Dây dắt cao cấp cho thú cưng (màu ngẫu nhiên)', 'https://salt.tikicdn.com/cache/w1200/ts/product/4b/3c/64/932d60847c0d5c81b337ca9895a840df.jpg', 50, 85000, 'Genyo', 'Dây yếm ôm ngực nên sẽ không làm đau thú như các loại vòng cổ.\r\n\r\nĐiều chỉnh linh động tùy theo vòng ngực thú.'),
(10299, 'Đồ dùng, chăm sóc, dây, chó ,mèo, Dây dắt vải đan bền cho thú cưng (màu ngẫu nhiên), Genyo', 'Đồ dùng cho chó', 'Dây dắt vải đan bền cho thú cưng (màu ngẫu nhiên)', 'https://salt.tikicdn.com/cache/w1200/ts/product/62/28/13/cfdb3cefb81ffc66f1a72bf38f37c6ba.jpg', 50, 74000, 'Genyo', 'Dây yếm ôm ngực nên sẽ không làm đau thú như các loại vòng cổ.\r\n\r\nĐiều chỉnh linh động tùy theo vòng ngực thú.'),
(10300, 'Đồ dùng, chăm sóc, dây, chó ,mèo, Dây dắt vải jean cho chó mèo, Genyo', 'Đồ dùng cho chó', 'Dây dắt vải jean cho chó mèo', 'https://salt.tikicdn.com/cache/w1200/ts/product/64/c0/45/044768dcbc3216d3b75a846ad3d71df1.jpg', 50, 55000, 'Genyo', 'Dây yếm ôm ngực nên sẽ không làm đau thú như các loại vòng cổ.\r\n\r\nĐiều chỉnh linh động tùy theo vòng ngực thú.'),
(10301, 'Đồ dùng, chăm sóc, vệ sinh, miếng, lót, chó, Miếng lót vệ sinh cho thú cưng bộ 10 miếng, Genyo', 'Đồ dùng cho chó', 'Miếng lót vệ sinh cho thú cưng bộ 10 miếng', 'https://salt.tikicdn.com/cache/w1200/ts/product/bb/84/b8/f48df5411e59ecdecbcd2efb866f8e7d.jpg', 50, 25000, 'Genyo', 'Phòng chống vi khkuẩn, khử mùi, thấm hút ngay tức thì, kháng khuẩn khử mùi hiệu quả\r\n'),
(10302, 'Đồ dùng, chăm sóc, dây, chó, mèo, vải, Dây dắt sợi vải chắc chắn cho chó mèo dài 1m, Genyo', 'Đồ dùng cho chó', 'Dây dắt sợi vải chắc chắn cho chó mèo dài 1m', 'https://salt.tikicdn.com/cache/w1200/ts/product/c3/33/ce/8bcfed69a882ac672a8579398e233d93.jpg', 50, 39000, 'Genyo', 'Dây dắt sợi vải chắc chắn cho chó mèo'),
(10303, 'Đồ dùng, chăm sóc, dây, chó, mèo, Dây yếm dắt chó mèo phản quang trong đêm chất tốt (màu ngẫu nhiên) - Genyo Leash 016, Genyo', 'Đồ dùng cho chó', 'Dây yếm dắt chó mèo phản quang trong đêm chất tốt (màu ngẫu nhiên) - Genyo Leash 016', 'https://salt.tikicdn.com/cache/w1200/ts/product/41/0d/ae/f83e6da5707612ef886675d79651af55.jpg', 50, 88000, 'Genyo', 'Dây yếm ôm ngực nên sẽ không làm đau thú như các loại vòng cổ. Điều chỉnh linh động tùy theo size thú.'),
(10304, 'Đồ dùng, chăm sóc, dây, cổ, chó, mèo, Dây đeo cổ thú cưng đính hạt vòng cổ cho chó mèo ( màu ngẫu nhiên), Genyo', 'Đồ dùng cho chó', 'Dây đeo cổ thú cưng đính hạt vòng cổ cho chó mèo ( màu ngẫu nhiên)', 'https://salt.tikicdn.com/cache/w1200/ts/product/fd/2a/b0/b7ffac287b1fde460f2c467ab09154ac.jpg', 50, 55000, 'Genyo', 'Đa dạng màu và kích cỡ'),
(10305, 'Đồ dùng, chăm sóc, mũ, chó, mèo, Mũ cho chó mèo nón cho chó mèo, Genyo', 'Đồ dùng cho chó', 'Mũ cho chó mèo nón cho chó mèo', 'https://salt.tikicdn.com/cache/w1200/ts/product/4f/85/c0/366b20b15c58a466147f5f1e7b76f7c1.jpg', 50, 35000, 'Genyo', 'Mũ là bằng cỏ khô tự nhiên, tuy đơn giản nhưng hợp thời trang'),
(10306, 'Đồ dùng, chăm sóc, sức khỏe, tiêu chảy, ói, mửa, chó, Bột cốm trị tiêu chảy ói mửa bỏ ăn cho chó - Gói 5 gam, Genyo', 'Thuốc thú y', 'Bột cốm trị tiêu chảy ói mửa bỏ ăn cho chó - Gói 5 gam', 'https://salt.tikicdn.com/cache/w1200/ts/product/9e/44/de/872c5c54694e94004db6f47c35d134af.jpg', 50, 39000, 'Genyo', 'Phòng ngừa điều trị các bệnh viêm phổi, viêm vú, viêm tử cung.'),
(10307, 'Đồ dùng, chăm sóc, sức khỏe, dụng cụ, thuốc, chó, mèo, Dụng cụ cho thú cưng uống thuốc (màu ngẫu nhiên), Genyo', 'Đồ dùng cho chó', 'Dụng cụ cho thú cưng uống thuốc (màu ngẫu nhiên)', 'https://salt.tikicdn.com/cache/w1200/ts/product/7a/9b/d7/b53db3eace9ea6fc5a47dd4400f33fe2.jpg', 50, 36000, 'Genyo', 'Dụng cụ uống thuốc dùng cho thú cưng được các bác sỹ thú y thiết kế.\r\n\r\nLà sản phẩm hoàn hảo và cần thiết cho bé và là sự lựa chọn đúng đắn của các cô cậu chủ gồm 1 ống cho uống thuốc, có nắp đậy và 1 nắp thay thế cho uống thuốc có nắp đậy.'),
(10308, 'Đồ dùng, bảng tên, chó ,mèo, Bảng tên cho chó mèo đính hạt, Genyo', 'Đồ dùng cho chó', 'Bảng tên cho chó mèo đính hạt', 'https://salt.tikicdn.com/cache/w1200/ts/product/c8/a5/74/09d1a8d9df90ccbda328f5ebbb3c96fe.jpg', 50, 25000, 'Genyo', 'Viết tên hay các thông tin quan trọng lên bảng tên phòng trường hợp thú cưng đi lạc'),
(10309, 'Đồ dùng, bảng tên, mắt kính, mèo, Mắt kính tròn cho mèo (màu ngẫu nhiên), Genyo', 'Đồ dùng cho chó', 'Mắt kính tròn cho mèo (màu ngẫu nhiên)', 'https://salt.tikicdn.com/cache/w1200/ts/product/ff/1c/ab/e5f2f15d512926bacab014f55bed5657.jpg', 50, 33000, 'Genyo', 'Phù hợp trang điểm để quay video '),
(10310, 'Đồ dùng, chăm sóc, sức khỏe, lược, rận, chó, mèo, Lược tuốt rận cho chó mèo ( màu ngẫu nhiên ), Genyo', 'Đồ dùng cho chó', 'Lược tuốt rận cho chó mèo ( màu ngẫu nhiên )', 'https://salt.tikicdn.com/cache/w1200/ts/product/f0/73/53/9eaad68a1950f271cf2a5a49813706a4.jpg', 50, 22000, 'Genyo', 'Lược được thiết kế với 2 bên răng sử dụng thuận tiện.'),
(10311, 'Đồ dùng, chăm sóc, rọ, mõm, da, chó, Rọ mõm thú cưng da PU - (màu ngẫu nhiên), Genyo', 'Đồ dùng cho chó', 'Rọ mõm thú cưng da PU - (màu ngẫu nhiên)', 'https://salt.tikicdn.com/cache/w1200/ts/product/81/29/f2/d61a1eb873c21edf912047a804ea5a4f.jpg', 50, 45000, 'Genyo', 'Dễ sử dụng không gây khó chịu quá cho thú cưng '),
(10312, 'Đồ dùng, chăm sóc, vệ sinh, chổi, chó, mèo, Bộ dọn vệ sinh cho thú nuôi nhỏ (màu ngẫu nhiên), Genyo', 'Đồ dùng cho chó', 'Bộ dọn vệ sinh cho thú nuôi nhỏ (màu ngẫu nhiên)', 'https://salt.tikicdn.com/cache/w1200/ts/product/47/fb/1f/47613e99583b6d4ca2faceec6bf0bb4b.jpg', 50, 25000, 'Genyo', 'Chỉ phù hợp với thú nhỏ\r\n\r\nRất tiện dụng trong việc dọn vệ sinh cho hamster, thỏ, bò sát.\r\n\r\nMột bộ gồm 1 chổi và một ki hốt'),
(10313, 'Đồ dùng, chăm sóc, lều, chó, mèo, Lều cho chó mèo nhỏ 1-3kg, Genyo', 'Đồ dùng cho chó', 'Lều cho chó mèo nhỏ 1-3kg', 'https://salt.tikicdn.com/cache/w1200/ts/product/51/33/2b/726a8852019528070bf443adecb2e94d.jpg', 50, 185000, 'Genyo', 'Làm từ sợi PP và bông gòn, dễ dàng giặt rửa khi cần, sợi bông êm, mềm mại. '),
(10314, 'Đồ dùng, chăm sóc, huấn luyện, clicker, chó, Dụng cụ huấn luyện chó clicker, Genyo', 'Đồ dùng cho chó', 'Dụng cụ huấn luyện chó clicker', 'https://salt.tikicdn.com/cache/w1200/ts/product/c4/fc/f8/0f990d132696d2fc5a352d0c8f4475d8.jpg', 50, 29000, 'Genyo', 'sản phẩm được trang bị nút bấm chuyên dụng khi bấm để phát ra tiếng kêu như ta bật công tắc điện nhờ âm thanh này mà thú cưng tập thực hiện những câu lệnh từ đơn giảm đến phức tạp.');

-- --------------------------------------------------------

--
-- Table structure for table `productinvoice`
--

CREATE TABLE `productinvoice` (
  `orderNumber` int(11) NOT NULL,
  `productCode` int(10) NOT NULL,
  `quantityOrdered` int(10) NOT NULL
) ENGINE=InnoDB DEFAULT CHARSET=utf8mb4;

--
-- Dumping data for table `productinvoice`
--

INSERT INTO `productinvoice` (`orderNumber`, `productCode`, `quantityOrdered`) VALUES
(1000, 10001, 10),
(1001, 10002, 9),
(1002, 10003, 8),
(1003, 10004, 7),
(1004, 10005, 6),
(1005, 10006, 5),
(1006, 10007, 4),
(1007, 10008, 3),
(1008, 10009, 2),
(1009, 10010, 1),
(1010, 10011, 10),
(1011, 10012, 9),
(1012, 10013, 8),
(1013, 10014, 7),
(1014, 10015, 6),
(1015, 10016, 5),
(1016, 10017, 4),
(1017, 10018, 3),
(1018, 10019, 2),
(1019, 10020, 1),
(1020, 10021, 10),
(1021, 10022, 9),
(1022, 10023, 8),
(1023, 10024, 7),
(1024, 10025, 6),
(1025, 10026, 5),
(1026, 10027, 4),
(1027, 10028, 3),
(1028, 10029, 2),
(1029, 10030, 1),
(1030, 10031, 10),
(1031, 10032, 9),
(1032, 10033, 8),
(1033, 10034, 7),
(1034, 10035, 6),
(1035, 10036, 5),
(1036, 10037, 4),
(1037, 10038, 3),
(1038, 10039, 2),
(1039, 10040, 1),
(1040, 10041, 10),
(1041, 10042, 9),
(1042, 10043, 8),
(1043, 10044, 7),
(1044, 10045, 6),
(1045, 10046, 5),
(1046, 10047, 4),
(1047, 10048, 3),
(1048, 10049, 2),
(1049, 10050, 1),
(1050, 10051, 10),
(1051, 10052, 9),
(1052, 10053, 8),
(1053, 10054, 7),
(1054, 10055, 6),
(1055, 10056, 5),
(1056, 10057, 4),
(1057, 10058, 3),
(1058, 10059, 2),
(1059, 10060, 1),
(1060, 10061, 10),
(1061, 10062, 9),
(1062, 10063, 8),
(1063, 10064, 7),
(1064, 10065, 6),
(1065, 10066, 5),
(1066, 10067, 4),
(1067, 10068, 3),
(1068, 10069, 2),
(1069, 10070, 1),
(1070, 10071, 10),
(1071, 10072, 9),
(1072, 10073, 8),
(1073, 10074, 7),
(1074, 10075, 6),
(1075, 10076, 5),
(1076, 10077, 4),
(1077, 10078, 3),
(1078, 10079, 2),
(1079, 10080, 1),
(1080, 10081, 10),
(1081, 10082, 9),
(1082, 10083, 8),
(1083, 10084, 7),
(1084, 10085, 6),
(1085, 10086, 5),
(1086, 10087, 4),
(1087, 10088, 3),
(1088, 10089, 2),
(1089, 10090, 1),
(1090, 10091, 10),
(1091, 10092, 9),
(1092, 10093, 8),
(1093, 10094, 7),
(1094, 10095, 6),
(1095, 10096, 5),
(1096, 10097, 4),
(1097, 10098, 3),
(1098, 10099, 2),
(1099, 10100, 1),
(1100, 10101, 10),
(1101, 10102, 9),
(1102, 10103, 8),
(1103, 10104, 7),
(1104, 10105, 6),
(1105, 10106, 5),
(1106, 10107, 4),
(1107, 10108, 3),
(1108, 10109, 2),
(1109, 10110, 1),
(1110, 10111, 10),
(1111, 10112, 9),
(1112, 10113, 8),
(1113, 10114, 7),
(1114, 10115, 6),
(1115, 10116, 5),
(1116, 10117, 4),
(1117, 10118, 3),
(1118, 10119, 2),
(1119, 10120, 1),
(1120, 10121, 10),
(1121, 10122, 9),
(1122, 10123, 8),
(1123, 10124, 7),
(1124, 10125, 6),
(1125, 10126, 5),
(1126, 10127, 4),
(1127, 10128, 3),
(1128, 10129, 2),
(1129, 10130, 1),
(1130, 10131, 10),
(1131, 10132, 9),
(1132, 10133, 8),
(1133, 10134, 7),
(1134, 10135, 6),
(1135, 10136, 5),
(1136, 10137, 4),
(1137, 10138, 3),
(1138, 10139, 2),
(1139, 10140, 1),
(1140, 10141, 10),
(1141, 10142, 9),
(1142, 10143, 8),
(1143, 10144, 7),
(1144, 10145, 6),
(1145, 10146, 5),
(1146, 10147, 4),
(1147, 10148, 3),
(1148, 10149, 2),
(1149, 10150, 1),
(1150, 10151, 10),
(1151, 10152, 9),
(1152, 10153, 8),
(1153, 10154, 7),
(1154, 10155, 6),
(1155, 10156, 5),
(1156, 10157, 4),
(1157, 10158, 3),
(1158, 10159, 2),
(1159, 10160, 1),
(1160, 10161, 10),
(1161, 10162, 9),
(1162, 10163, 8),
(1163, 10164, 7),
(1164, 10165, 6),
(1165, 10166, 5),
(1166, 10167, 4),
(1167, 10168, 3),
(1168, 10169, 2),
(1169, 10170, 1),
(1170, 10171, 10),
(1171, 10172, 9),
(1172, 10173, 8),
(1173, 10174, 7),
(1174, 10175, 6),
(1175, 10176, 5),
(1176, 10177, 4),
(1177, 10178, 3),
(1178, 10179, 2),
(1179, 10180, 1),
(1180, 10181, 10),
(1181, 10182, 9),
(1182, 10183, 8),
(1183, 10184, 7),
(1184, 10185, 6),
(1185, 10186, 5),
(1186, 10187, 4),
(1187, 10188, 3),
(1188, 10189, 2),
(1189, 10190, 1),
(1190, 10191, 10),
(1191, 10192, 9),
(1192, 10193, 8),
(1193, 10194, 7),
(1194, 10195, 6),
(1195, 10196, 5),
(1196, 10197, 4),
(1197, 10198, 3),
(1198, 10199, 2),
(1199, 10200, 1),
(1200, 10201, 10),
(1201, 10202, 9),
(1202, 10203, 8),
(1203, 10204, 7),
(1204, 10205, 6),
(1205, 10206, 5),
(1206, 10207, 4),
(1207, 10208, 3),
(1208, 10209, 2),
(1209, 10210, 1),
(1210, 10211, 10),
(1211, 10212, 9),
(1212, 10213, 8),
(1213, 10214, 7),
(1214, 10215, 6),
(1215, 10216, 5),
(1216, 10217, 4),
(1217, 10218, 3),
(1218, 10219, 2),
(1219, 10220, 1),
(1220, 10221, 10),
(1221, 10222, 9),
(1222, 10223, 8),
(1223, 10224, 7),
(1224, 10225, 6),
(1225, 10226, 5),
(1226, 10227, 4),
(1227, 10228, 3),
(1228, 10229, 2),
(1229, 10230, 1),
(1230, 10231, 10),
(1231, 10232, 9),
(1232, 10233, 8),
(1233, 10234, 7),
(1234, 10235, 6),
(1235, 10236, 5),
(1236, 10237, 4),
(1237, 10238, 3),
(1238, 10239, 2),
(1239, 10240, 1),
(1240, 10241, 10),
(1241, 10242, 9),
(1242, 10243, 8),
(1243, 10244, 7),
(1244, 10245, 6),
(1245, 10246, 5),
(1246, 10247, 4),
(1247, 10248, 3),
(1248, 10249, 2),
(1249, 10250, 1),
(1250, 10251, 10),
(1251, 10252, 9),
(1252, 10253, 8),
(1253, 10254, 7),
(1254, 10255, 6),
(1255, 10256, 5),
(1256, 10257, 4),
(1257, 10258, 3),
(1258, 10259, 2),
(1259, 10260, 1),
(1260, 10261, 10),
(1261, 10262, 9),
(1262, 10263, 8),
(1263, 10264, 7),
(1264, 10265, 6),
(1265, 10266, 5),
(1266, 10267, 4),
(1267, 10268, 3),
(1268, 10269, 2),
(1269, 10270, 1),
(1270, 10271, 10),
(1271, 10272, 9),
(1272, 10273, 8),
(1273, 10274, 7),
(1274, 10275, 6),
(1275, 10276, 5),
(1276, 10277, 4),
(1277, 10278, 3),
(1278, 10279, 2),
(1279, 10280, 1),
(1280, 10281, 10),
(1281, 10282, 9),
(1282, 10283, 8),
(1283, 10284, 7),
(1284, 10285, 6),
(1285, 10286, 5),
(1286, 10287, 4),
(1287, 10288, 3),
(1288, 10289, 2),
(1289, 10290, 1),
(1290, 10291, 10),
(1291, 10292, 9),
(1292, 10293, 8),
(1293, 10294, 7),
(1294, 10295, 6),
(1295, 10296, 5),
(1296, 10297, 4),
(1297, 10298, 3),
(1298, 10299, 2),
(1299, 10300, 1),
(1300, 10301, 10),
(1301, 10302, 9),
(1302, 10303, 8),
(1303, 10304, 7),
(1304, 10305, 6),
(1305, 10306, 5),
(1306, 10307, 4),
(1307, 10308, 3),
(1308, 10309, 2),
(1309, 10310, 1),
(1310, 10311, 10),
(1311, 10312, 9),
(1312, 10313, 8),
(1313, 10314, 7),
(1314, 10280, 6),
(1315, 10281, 5),
(1316, 10282, 4),
(1317, 10283, 3),
(1318, 10284, 2),
(1319, 10285, 1),
(1320, 10286, 10),
(1321, 10287, 9),
(1322, 10288, 8),
(1323, 10289, 7),
(1324, 10290, 6),
(1325, 10291, 5),
(1326, 10292, 4),
(1327, 10293, 3),
(1328, 10294, 2),
(1329, 10295, 1),
(1330, 10296, 10),
(1331, 10297, 9),
(1332, 10298, 8),
(1333, 10299, 7),
(1334, 10300, 6),
(1335, 10301, 5),
(1336, 10302, 4),
(1337, 10303, 3),
(1338, 10304, 2);

-- --------------------------------------------------------

--
-- Table structure for table `services`
--

CREATE TABLE `services` (
  `serviceID` int(10) NOT NULL,
  `serviceName` varchar(100) NOT NULL,
  `serviceImage` text DEFAULT NULL,
  `serviceDescription` text DEFAULT NULL,
  `price` int(10) NOT NULL
) ENGINE=InnoDB DEFAULT CHARSET=utf8mb4;

--
-- Dumping data for table `services`
--

INSERT INTO `services` (`serviceID`, `serviceName`, `serviceImage`, `serviceDescription`, `price`) VALUES
(2000, 'Dịch vụ cắt tỉa lông cho chó', 'data:image/jpeg;base64,/9j/4AAQSkZJRgABAQAAAQABAAD/2wCEAAkGBxMSEhUSExMWFRUXGB0bFxgYFhgeHRgdGBgXGB4YGBsYICggGholHxcXITEhJSsrLi4uGB8zODMsNygtLisBCgoKDg0OGhAQGysmICUtLS0vLS0tLS0tLS0tLS0tLS0tLS0tLS0rLS0tLS0tLS0tLS0tLS0tLS0tLS0tLS0tLf/AABEIAOEA4QMBIgACEQEDEQH/xAAcAAEAAgMBAQEAAAAAAAAAAAAABQYDBAcCAQj/xABHEAABAwEFBQQHBQYEBAcAAAABAAIRAwQFEiExBkFRYXETIoGRBzJCobHB0RQjUpLwFWJygqLhFjNT8UNU0uIXJWNzk7LC/8QAGQEAAwEBAQAAAAAAAAAAAAAAAAEDAgQF/8QAJREAAgICAgICAgMBAAAAAAAAAAECEQMhEjETQQRRImEUUnEy/9oADAMBAAIRAxEAPwDsFmvZpyeMJ46jz3eKkGuBEgyOSq7XrZs9fDm0x8PJSU37KuC9FgRaVC8AfWy57v7LcBVE0ybTR9RETEEREAEREAEREAEREAEREAEREAEREAEREAEREAEREAEREAEREAU1lcOGRXk2iDBWpX2StdDOjUbXb+F3df0/C4/lUfabwc37usx1J/B4I8QdCOYkLmba7R0qn0TlO2QdclJWa2EZtPgdCqXZrZiOEukjgd3gpOrbC0AjP4pKRpwsuNO9R7TCOYzW5RtDXeq4H4+SqVhvZjwBOcf2W+aYOcqqmSljosaKvUrXUYfWJHA5/wBwpqyWptRsjxHBbUrJuDRnRa1rt9OkJe4DlqfIZqn33te72Jpt5ZvdyAGnQZ81meWMexwxykXWpXa3IuAPDf5LwbU3XMjiAuN3ltfXYHdm0NhlR4JzLuyq4HDF6s4Q9+WLJo4heGXva3uqA1qpw1HsEEgx2QqsJww2Yy3DvAHDkVjyy7o340dnpWxjjAOfArOuR2O+6zSwPL3B5gOJBaHd44DID2OgT3v4dQSupXXWL6THHUjNax5HJ0zM4cdm0iLy+oBEkCdJOvRVJnpERABERABERABERABERABF8cYzOSjrVfVNuTZeeWnn9JSbS7Gk30SSKv8A7eqf6bfzH6Is+SJrxyLAsdos7KjSx7WvadQ4Ag+BWRFswUe/tgmz2tjIpvH/AAzOB3IHVh93IaqFsloIeKVob2VSBDaggzvg6EGMiOG9dSUXtBcNG2U8FUZj1XD1mzwPDkclGeK9ovDM1qRynaanWs9QPpNlrjpMYXOmYJ1HtRxW1Zdq6zWvNSi77vJwDmkiBJ7syYC9ba3BbaVIYvvqNFwfjEA4Ruc2ZGUiRlnM8PFCx2YNp2unJMgVcZMZ5BzgMtYBEb54zJLj2d+N45RuRsWfbkMjt6bmMdEPkObnpJaTB6qy0Lc14L6WeWkxPKRuVGs93FlSrZ6dLtqFRhIiXYW5S0jkTkRu6KU2A2XrnHhqup0G5NlshxM5ASCAOIWl+WkYy+K7WjYtda2VW4qdB2HP1Wl2nPf4KrWplVr6QeS173EvJkOpU6feIBPqudBDjwIHFdluC6DZmuBqF5cZ0gCOAk58+QWC99n21nSYIJEh3UA8dGmpA/f6Qv46W0c8s0bcV0cdsllpHAMJDRTLi2IxMrUKVIgjTRhPWVt1aEOLmgOYQ0g64wyk0scTIHeAr0yd7XN5K4VtiXGpIZhBqUnd3CA0NLpjPcMOnBZ7o2IcwDFhbLACJ0LXmCI/c1z1KTxyFyj9kHct2Oe7vF0NDm5l0Ppg4qRcJzcA7MjPIndC6fd9n7NmGI5cPLLyjosVhuunSiBmNOW7IdMv91vK8IcSM58gvz96c6JN4h7H4j2TQ5pGTCCTA4yHAkcwv0Cuebc+jgWtzq1N8PcZh3jIaTxJnPTdkAFVMmcru70i2qz02sa0U3NgBzcQBj8TJNN2muGdVetl/TOx8MtlPD/6lPT+Zhz8iei5xfOzNpspirTIykyMhAJydoco6ZDVQdaxxOHIj2SCt9iP1vd9vpV2CpSe2ow72mfA8DyK2V+Ydjdqn2OoO85kwDB1HwcNcjI6arutxbZUqzZe5sf6jZw/ztPepeMt07xmFlxCy0ooe+b8bRAjOdXASGjiYWrTtjznidPUqTmkVWJtWWJFCNtFX8R9y17Va3DV580vJ+g8bJyvamM1OfDeoy03ydGCOZzPkoOtbhHJav26dFh5GUWNEnXtBd6xLuv00WKVr0nE5nJebTbmMGZCyaNuUUN+36X4l8TsWzpaIi6DmCIiAPhEqHsuy9lp1DUZTwz7MnBn+7p4aclMrxUqhupSpMabXRrWG7KNGeyptZOsecchyGS3Fp/tKnMYhPCRPktmnVDtCnQm7PaIiACItF9v+8dSa31WElxO/Lugb/WaZ5oA3kWCz1JJznQ9QQBPmCs6ACIiAMVqszKjSyo1r2kQWuAII6FUbaX0Y2euC6j92+ZzJI6A6jqZV+RFgfmfaPYu02fKrTgZw4aGNcJ4QPh0UPYvtVmeCztG5kMiTLgcOGQct+fLy/Vtak14LXNDgdQRIPgVVtq9k+1oNbZWU2Pa/EA4kDvDC6CAYOh8+K1yZuEYyklLSIm4aNKlRa99TE5w725kzJw0/VbnviTrvX2ttZQa7CHiVTdodjrbSGF2MtgFz6WIjPWDHdzngq5ZLis7nBj2OHek1WvMxvBnLPlmFyNPtndGEWvx3X7Om1NsKY0MrQG0XbOjQFUmrcPbPLKNNzmg93Dic4xnlGZ5q5bPbF2ogENNMfiqZf0+sk030OUYQe6Nm12oNEkjmvN2VX1c6VGo88Q0wOrtB5q1XXsPRY4PrO7Z2sEQyeOGTPiY5K1NaAIAgDcFuOJ+zmnlj62UJuzVtres6nQHM43Dwb3f6ltWb0dUCZr1qtb93Fgb5M739SuiKixxRJ5JMrn+BLv/AOVZ5v8A+pFY0WuK+jPJ/YRETMhERAHis+BKpG1O0n2em5/ZdqSDhGPTQY3NAJObhA0MhWq+Xww9DoCfIDM+Coe1e3ln7VlJrC/CQYcMPAjFl3G5NMEYjAAGZLVLo1DvZQaV5nOpVxS45xJgjdr5HNXT0c7V1a1R1F8kDNjzOX7jp1nd06Lnu1V49pVc4MDcTi6MxAJyB8PeVLejy8XNLWxBNVvj3mabzu1UefHZ0PHyR3+jUxAHiva1rDo4cHH5H5lad9V8LTLTA9Uzv4BXZyo3rTaW0xLjA4qo7Q28sqitTewDVwOZMAA5DItcAARxAIOSjLZebzIFV2fsuccukqKtttyexxycM9C0SNCY15H/AGjPJReGO2S9hv8AtENeKYgTOJ0AScwHb2mJ8jxmx1tq6dNgNQAOO4uAn6rk1K9qdAY6ji+IDGl5Pe0Gun04rDeF32xzPtDq4dJza1oLQJgDMSW5+/kpwnKXRTJCMXTOt2HartMw1pHI/PRT1itzKo7pEjUTmOq4bclq7NgqYizEYcBoI3jnwVs2ftWGv2ubWkRi4yZzn1ko52pVIcsC48kdPRY6FTE0GQZ4aLIus4wiIgAq/euyFlrNcAwU3OM42az00g7wrAiTVjTa6IbZ3ZujYwcEueRBeYmOAjQKZRE0qBtvbCIiBBERABERABERABEWnabxa3TvHgNPE6JN0NJvoxXxUYAA5wBdIAmCZ1j3ea4feFzihaTTeO+DLSWgMgnJ7RJNQ784E7sl0i32ntbSxsk1HEExoxjDJ6DnxK3L3u+laMLKlIVDMsE4XAjOWukEaaTnzWXUizXjr9nI7x2YLazXFxzGJ7jvLhJEnfnwKv8AsrcjMTK8DBThxMb8i1o5zGXLopejsqztDUdSrvJyAqVaeFvTBBA8SrHYbuwBshoDfUYwQ1vPmef+6jHC3K5MpPOuHGJtWOmWtE6mSepMx4aeCru07HVHwHENY0zEanec9QDMHkVZ3aKiX3ZMJcMbyCZIGcyZjSTP04K8nSOeCtlSvO3BmZL2sJ7r8LiCJj2RPuChL2vtpApUS4tPrOwkSeWKCTG/qrJfdNtBuIndlmSTOgA4KrW+zENDSPvCIJ3gkku9xDVzacqOpf8ANkPVpNd965p7NvdY0TpMOccOsnUnfpotyzbSVKdP7o4mh28E08hGe8gTp4rdtFemyLPlGEDUxmCcgOpzVSs1yvdUwSC3FIOLQ6YusQqwkndmMmNqq9kp+3XghtVjACe64HKQd+uX13K67L3tVrl9KoACyMJAPeHEB3DLzCqN/WCi8QwgFoB01gYCT17p/WVg2aoOLKRnvQWO/ibm0+LcvBSnUockisVJS4yei1VtqbXZ3NpjvN3HA2COByyOX61UpYNoK9dwHammeGBsf/Uk+S07tsYtFQU35HWekSRPEQrlZ7kpUQ1zG95p1PPKBwEwclvE5TV+iGVRi69kpTdIBz8QsNWqWmTm0+5eLwo1XAGlV7Nw4sDmu5OGR8iFF1b6q0crVZ3Bm+rRmozq5oGNniCOa6DnJ5pnML6oS7r0pOGOjVbVpHe1wMfTopprgRI0QB9RF8c4DM5IA+oiIAIiIAIiIALDabS1gk67hvK0617t9gE8zkPqoK1W0yS7Mnf+tyw5r0bjBvskLXbSRLvLcFRNrNqa9NzaNnpufUe4NEZDE7QYjlO/kMzC3b6v1tKmXOOe4Soy57sdWFSvVqgVC0Ci0H/KJOJxflm4iG5SAJzJUm7Z3YcdR5S6LjdF3Ms1MYnCpWcB2tQScTt4bwYNAPmVWbJZrbWvBwxMp05lpc4y4SD3QAe8ADkY15Lbr0K9OmGiox53klw+DSpTZK46xe201ajMILsLGB2olkkujnuTTbdJaJt+Pk7u/ZdkRFc4jzU0KrbmZl5EkzqNDLePU+5WZR94WYuaTGhmOOUHpksyRqLOdXrTa6saru++ZaNzYnzPw96q9+1i2rTbGeA+MFpPxPkr1arN948Hc8t6bx/SB+ZVXbOzAvovbEty8so/K8LjWpOzuW0kildnStFqYxz8D3uZT7wMZugP5jPTXKekiLpqF5pGk6kWNe51QtcGtFOS5xdERl45LWoXdTqveDhj2Tv8P1xWVlkrQWGtUdTn1cRgiZ72YnxVFlglsrF5Y6SRB7P2oOtGAuxAlsHiMyQfCV0+5KQFIHKRUHkS0yuf2ew06VYOY3DujPLcdeU+au9zV5pNOk1GjwOIjXwTck02iMoyT2WEPLK7KgMR/wBQj5LoznZA8Y+vyXPn0gQ0/rcPmug0mw0A8EfH6ZD5Dto9tC+oi6TnIS9NlbNXJeWdnUOtSkcDj1jJ38wKrdz7KWuz1SxlvdTbqwYMTXdWOOEH+FX9UX0gilaH07O576T6RbVZVpvwua7MCJkEZbwfBDnxWxxg5PRqXhtDfNgxGvY2W2lJipZpDgJ9pkEgD+Exvcqdbdr7RfhNncPsdlEOcGyalUhxAh5AGBrgJgZOLRvC6jZL6qljZLHECC6M3HjAMCeSib2uyjaHY30KXaYsXaMaWvxCMy5pBdkAIMggQpyyJrRWEHGSbMmwVqr0nGxVqj67AzFRqvzeAIDqVQ7yJBadSMQ9kTd1QqFFzHBzXEEaEKxWC/Ae7VyP4gMj1G79aLMMnqQ8mPdxJtFhpWpjvVe09CFmViAREQBTvtHDNaloxu0b71jtlop0GzVqAdSB7lGuvas9pNns9eqdGxReG7s8RAEeK5LOyKMVp2Xp1nE1Aahj1cRwjmd59wUTdLLPYpo2p72vJJBLsIIEZtLAMXV0nit//wA5f3aVhwSc3PewTzMuCk3ejqvbGNF4V2Q0yG0mSRx75iCeQKccb+irz0qbPdzCz2uqKNNz3D1nltV5hoB1MwJMDiuhWSzNpMbTYIa0QB/c5k8yte57noWWmKVnpNpsG4b+bic3HmVvLojHicU58mERFomF8IX1EAVy9bkqOdipxm4uM5eyG58dFRtpdnKpFUnKCJBnXCYwnTRoPuXXFCbUVqfZ9m6o1jnZjEYyAUMmJPa7OjFmadM5Jc+zGUufEyfARJ8vgpqtdjDTpOaMIcJI3gyRB/W5eK1poWezl3bsqmHQGunESIgfmafNQ9i2jd2Ja+m86aCcOIukiM9I8yuRY24u1s7Hl/LT0Rt5Mb2geIMHvDeRvjn9VL3FaWvE5DvF0TwBaPioy01aNVoe3EDJIYWmR6mvvUXeu0hsvdo0gTGT3gxpJy6keScMc3o1kzY6s7FdNhNV9KB3A4ucd0CIB5kjRXdadzVGOoUn0wAxzGuEfvAHdrqtxd2OHFUeZOfJ2ERFswFG3vctntAmtSDyBkcw6NYDmwfCVJIgE6ObXdSdSbAJLSSQMzhBOTZOZjRSFOuo3aJ7G2qqGEtAiWYiDi1LmgeyZGXjvUbZ72AMFtSPxRIHzXBKXGTR6KjySZa2PEL0GgqGpW9vGfAj4rcpWkHSU1NGHFm86kF6YCNHOHQkfBarbQOKytqc07QqZs9vU/1H/mKLBjROxUSl0bKWaznGGmpV/wBWqcbvCcm/ygKcRF1pV0cjbfYRETEEREAEREAeXvDQSSABmSdB1XmhVxNDoIBzE6xuMbuMKINX7TUIn7imczuqOGcfwjXy4qUZWLvVGX4j8hvTEZiVyL0gWj7WXh0Ds3wwjWOvv8l0zaCsW0TG/ImNB+slR7NYg6ZbiadRCnKdOisYWrKfsfcVPs3U6lMBxMteBy0/XFbNSxvpuLAN/wCir5ZLIwABoiFs1rC15BMT8Vh7dlU6VFOu+5XVBJbGucKA9IFxuqPZTosnIAu8x8fgurtYGrRt3ZETqRoE06MvZqeie8CKJsTyC6h6pxCXAkkgN1gH4q/Lmd10A2003MADu0GWk5+/KV0xbjLkTnHiwi81HhoLnEAASSTAAGpJOgXN3eko1bxpULO0GzAu7WoWuJcA13ebHqtxAAE6krVE20ts6UijjftmDMbq9Jjcs3va2JMAHERBnit+m8OAc0gg5ggyCOIIQCd7RC7TbPNtLcTQ1tdvqPI1/dcQJwmfAwVQbVcV6AlrbKHCfWFWlB55uBjwXWkU54oydstDNKCpHKLJsZedQjG6jRG8k4z4BuR8wrS3YgACLVVmM5ayJ6Rp4q3IksMF6G882Ui17HWgZ07Qxx4PYW+9pPwUPXs1uof5lBzm/ip98e7MeIXT0WX8eD60OPyJLvZyj9uH8LvylF1dFn+N+zf8lf1CIi6TlCL45wGZyC0n3vRBjHPQE+8JNpdjSb6N5FXLZtOWudgs7nsZq7GxpdAkmk0+t0JaTulRtf0h0n4WWWjUtFVwBaxomAdC7DOEc3YRzTW+gaa7LqoO/LY5wFGlmXmHOG4DXTetSy2i0Nouq2+pTolzhFMFsMEeqXb3HORLtBCm7vu9lKXNaA5xlx5nVPoyYrvu7A1rTo3RvzPMqRREhkHta94o93Se9pMeKrVy2gOzOUb/AKqa2seT3ZyAVZo1OzZAyLjrGi58kqkdGONxJS0XkJyAy96yVre0taRqCqraHkP1mf1mtyjaSRG8aj9b1Dzejp8KpMnK95h2QB66JVfTw4gCeoj3qBrVnH1AToMh7lnDntaWvAg5iDJB4EjKVpZLMyx10erI4msx2nfb8QF0xcqqtwAFwI5HQ8iN/RdPsdTFTY6ZloPuV8LtHNmWzlXpVvO11rZTuymAxlRrXCTAqayXneGlp7g1Mcoz3Ls19np4GAknN7yO888Tw5DQK27d7K/b6TMBYyvTM03vEth0B7HRnhIAOWYLWncqfet73hdFMCvTbXpEhrKxJd2Z/C46nliifcuqEkjg+Rilkpej5fVwNeGmpTa/CZAcDGW4wQYzI13q77IXpQfSbQpMFE02x2Q0AG9p9ocd+eesnlNpvurahidXeZ3BxaB/K2B7lCfeh80qrsTe8GnG/ERuaBOfknJpmcWKWLp6+j9JIudbMbQ1alNprtq0agEd4vAPOHKe/bzm+2x3I5T0I+i5vIl2eh4m1aLOi1rBbmVm4mnqDqOq2VROybVBERAgiIgCrtvGv+M/lb9F6deNc+3H8rfotZtRejUC5Ll9nZUfox13Pd6zi7qflosTaQ4LI60LC+u/2R4lZNHqpQkRp0S4Xsu+kKNOm3DMlxPfeT7T3bz8oC13OqjXOeAzURfVhrVAAKkTpOk7pjMha5NdD4xl2S962hlotNnrViTToHEKQiC7UPcTqWnC4DiwcSr6Cud7H7PzLbXVx1MRLRTMMcwAZOBGLFroYhdFAV8bk1s5cqinSCwWu1NpiTnyCzqFvR4cTnkMo/XitSdIxFWyEvi0doc+5JnieQC02sOImC4RAB1gDOJ371vWyyZSNfr81qkEDCdfquOTfLZ1RSrRGsqTVBachu06gjct21UB2mQ3etzmBl+tFjtFmDgXD1wPzA5Zj3LOKpz44s/CT/8Av3JQX2Ob+jLYyCxxbkYMeO8c1pZVGmm2MLRBPPSP1wWxSbhZrn9SfktiyWPA0CNTJ8ZPzhOXYJ+zE+yY6bWOOcCD04qZuCs6iG035tJ7ruH7rp8YPgvDAQQDx8kvAYqYZGcjTXjIVsSojkdlmWC22dlSm5lVocxwIc1wkEbwQvtja4MaHGTGazLoIHILt2csVFz3NBLS44RUeTAmQ3gYHGTzUzYrTSJLKLWCNcIEDrCzbVbMUBWY9tmc5saNFRzS6TIc1sjSIByUPSvNzaxs9KhgLIxA0y0CYIBjQxmuSfL2d8OLSaJurRcTmAsZpBeftlQu71Gejh81np2pvtNc3qPop6G7MtBzqcOYYcPfyI3hWGxX4xwAqDA7frHgfqoOnUadCvTmLcZyj0TlFS7LdTqBwlpBHEGV6VQY0jNpLTxBj4Lco3pWZrDxzGfmP7qqzL2iLwv0WNFB/t8/6X9X9kW/LD7M+KX0Ut1+V262G1FvFtF59xC9v2jpAS5lWl/7lN7PDvALpqFY8P7KedfRzmneLH5tcCORX14aRMkdHEfBWu+NlrLac6lIB342Esd+ZsT4yoGv6PyJFG2VWjhUa148xhMKbwy/0pHND/CIcXDNtSp5sgdcW7ooxrK9oecVtY0N0DGAnxk/BZ712Ct7fVcyoz2hTe5jneD4HkVK7F7Js74rWRzGR/xJD8U+y8HFhiZzjRZWOTdNFXkio2mS+xV0taTUNZ9Wo0YcwA0Yt7RrOUalW9al23bSs7OzpMDW66kkniScyeq2XugEnJdcI8VRw5JcpWelA3rTwuPPMLlPpE2ovCnWcylXdhO5g9XkYEHrmukXTaBWsdGqJzpNkE5gwJDuaU9ocVRhsts77i+A1sGTuKy17ICC8GZzWp9gmCTlMkH5rboOkuAPdnI7vHkub9Mt+0Ql42ghoeDBBLTzBGR936lQLNrKTYa4iZ3fM+PuCzekQvpUKkGM5nj48YXLhasWczknCPbG2dO/xMyrFNmjngOJEZOMZcoP6326x1XFzAdcInrh/wBlwvZ68HvtNOk1sy8EnfDSCfcNdy76MqZcPWdlPDfP64BKUadiUk1RuWnUQo29r8oWSLRXfgptc1s7yc5gb+PSVv16eJoPvC5n6a6T3WWiRurCW9WVD+uqsuyb6O02O1MqsbUpuD2OEtcDII5LMvzd6Ndta1jIYXONLFDmaxOQIG7OBkv0VYrU2rTbUYZa4AjxViTVGdVm+NmnPe+rTq4Zl2DDMujc6RE9CrMiTinpjjJxdo5UHvBntIHgtulbAPaJKt95bJ2Ou4vqURjOrmlzSeZwkSeag7z9HlM03izVqlOpHcxuxMng7LFHOcua53hZ0+eLNRlrbxC3GvyyMqm2r0cXngfXbUotqsLcFma572VGt9bFUqQ4PcdAIG6WzIlNlLHZ7ex/Y1K1ktVLu17O9xd2buju8WHcZ6hJ4JAs0GWGnVWw14Kq95NtNkIFZzSCYDg4Z/MeIWWzXvKk7j2VST2i0Y0UF+0wiXIOB0NERegeeEREAEREAFgtlEvYWgxO/hmJ8YWdYrTUwtJkDqgDlt97N4XPxRmSRy58zzPLRWjZmzNo2RjQSZl2Znw8s/EqJv8AvVpdgBGJ2Qz5E+cAlb+yxIszg8AYHFrTxBzJPHM+5c7l+ZevxF6VAAHSOETPwWSxlgYwh24h3OFGW68aYf8A5jDrlI1jL6qPrXjERBAEwDqS6d3IR481zPIk2y6g2kbu11mNSz1GNcA0jVwBEcDPx3ZLiFax9mSwnfB0+S7Ve97vZZXuaBjwPIbIzLQTlOpEe4rgVrvE1HTIzP7o+EALphtaJ6j2dK9Euy4qVHWp/wDltlrW/jOUkn8IyEbzqur1x3syAJk9CDn4QFB7G2fsbMxgdMMbpxcA73yFuVbY4NMCTnjncCch1gKc5r2CVslhUDGiM2THTf5Ks7Z3Q20tZiOTCToc5ESIOXkVtWC9ZluhmRwzjI8N/mFr37eApYWwcTwTHACJPvCFlTjaH43yopFm2dpUKzXvLWU3HCXO0jukHPfkV2K6r7sYaKbLVRcRn/mMBMmSYniVTryup1qsopsDTUd6oMCNTqfBVCzeiG8CSXdgwcqr88uTYH9l0YncbI5Ero71TqBwkEEcQZXpcn2d9FVelUbUfbH0gDmylUcS7+bu4fIrqVjoljGtL3PIEYnRJ5mIEqhIzIiIAKGvLZeyV6vbvpRVjD2lN9Sm8t/C51JzS5vIyMgplEAQ1k2TsNMyyx2cO3u7JhceriJPiVjvPZSz1cw3snfipwPNuh8p5qdRJpPsabXRSv8AAzv+ZH/xf9yK6oseGH0U80/sIiKhIIiIAIiIALzUphwhwBHAiV6RAEVW2bsjzLrPTJ44c/PcojamzuoUGsos7gynXAMySZ3fOBvVsQhYlBNGoyaZ+d7Bbu2qVw0kFrZYHOjAc4JnIknUcArfsox1agyqaLnFxIADcQBEDEXCRhMAgjLeuqsotGjQOgCyKC+JH7OmXy5NVRTa2xotFPDV7oygDUQScjqDJOfBaH/hBdsR2XvK6Ci6IxUVSOaUm3bKndmyAsuLsnuIMZOdPqgAQTno0BUraqpXpPZSP3THv77nEiQM9ecwDMSuwop5MMZm8eVwOAWC9nutTmUnHvgtYcUhhbi72sFhLR1nkuk3TdH2qnSdaaZa9rYJaTHQHQjmrm2k0aNA6AL2sx+Oom5/IcvRo2W6aVOC1uY3kkreRFdJLog3YRETEEREAEREAEREAEREAEREAEREAEREAEREAEREAEREAEREAEREAEREAEREAEREAEREAEREAEREAEREAf/Z', '-Thời gian: 8h-17h các ngày trong tuần\r\n-Thú cưng của bạn sẽ được hưởng những dịch vụ làm đẹp an toàn và tốt nhất hiện nay bao gồm:\r\n\r\n1. Dịch vụ tắm chải thú cưng\r\n2. Dịch vụ cắt tỉa lông\r\n3. Dịch vụ nhuộm lông, làm móng\r\n4. Dịch vụ vệ sinh tai, làm sạch tuyến hậu môn\r\n\r\n', 2000000),
(2001, 'Bệnh viện thú cưng', 'https://www.whitemarshvet.com/wp-content/uploads/emergency-vet-services.jpg', '-Thời gian:phục vụ 24/24\r\n\r\n-Thú cưng của bạn sẽ được chăm sóc tận tình với đội ngũ bác sĩ giàu kinh nghiệm', 400000),
(2002, 'Dịch Vụ Giữ Thú Cưng - Nhận Giữ Vật Nuôi', 'https://cf.shopee.com.my/file/9968ac09186bdf6218796ac81f383b0c', '- Chó mèo là một trong những con vật nuôi cực kỳ gần gũi với con người.Chó mèo là một người bạn cực kỳ xinh xắn và trung thành. Ngày nay Chó mèo được xem như là một thành viên trong gia đình, việc chăm sóc và chơi đùa cùng chúng làm con người cảm thấy thư giản và thoải mái hơn sau những giờ làm việc. bạn đang chuẩn bị một chuyến đi công tác vài ngày? Hay cả gia đình bạn chuẩn bị đi du lịch, bạn lo lắng không có ai chăm sóc cho thú cưng của bạn? bạn rất muốn dẫn chúng đi theo những điều kiện ra xôi không cho phép bạn làm điều đó. Hãy để dịch vụ giữ thú cưng của PETTY CARE chúng tôi giúp bạn. Với dịch vụ giữ thú cưng của chúng tôi, bạn sẽ yên tâm về thú cưng của mình mỗi khi đi xa, du lịch hay công tác. Các khách sạn thú cưng của chúng tôi sẽ giúp bé yêu của bạn thoái mái giống như chính ở nhà mình.\n- Dịch vụ giữ thú cưng của bệnh viện chúng tôi bao gồm: \n       + Chế độ ăn cho vật nuôi được đảm bảo đầy đủ dinh dưỡng hoặc theo khẩu phần riêng của chủ.\n       + Thời gian ăn uống khoa học đúng giờ Đi dạo và vui chơi cùng những bạn bè cún khác ( không áp dụng cho mèo ).\n       + Thú cưng của bạn sẽ được tắm rửa và cắt tỉa lông sạch sẽ', 200000),
(2003, 'Huấn luyện chó', 'https://hips.hearstapps.com/hmg-prod.s3.amazonaws.com/images/how-to-train-a-dog-1582231729.jpg?crop=0.668xw:1.00xh;0,0&resize=640:*', '-Thời gian: theo khóa học từ 2 đến 4 tháng theo lịch rảnh của khách\r\n\r\nThú cưng của bạn sẽ được huấn luyện chuyên nghiệp và giúp bạn gần gũi với thú cưng của mình hơn', 1500000),
(2004, 'Dắt chó đi dạo', 'https://nationaltoday.com/wp-content/uploads/2020/02/national-dog-walking-day.jpg', '-Thời gian: 7h-17h các ngày trong tuần\r\n\r\nNếu thú cưng của bạn muốn được ra ngoài nhưng bạn lại không có thời gian, bạn hãy sử dụng dịch vụ này. Thú cưng của bạn sẽ được đội ngũ của chúng tôi chăm sóc', 100000),
(2005, 'Bảo hiểm thú cưng', 'https://www.rspcapetinsurance.org.au/RSPCA/media/Images/Hero/why-rspca-hero.jpg', '-Thời gian: Đăng kí tham gia bảo hiểm từ 8h-17h từ thứ 2 đến thứ 7\r\n\r\n-Thú cưng của bạn sẽ được tận hưởng nhiều dịch vụ ưu đại ở hệ thống của chúng tôi', 850000),
(2006, 'Bác Sỹ Thú Y Tại Nhà', 'https://www.thebalancecareers.com/thmb/SlNHz3zXY7aKTu8QlmOMdF-RFEw=/3415x3415/smart/filters:no_upscale()/vet-examing-boxer-puppy-555782789-596844295f9b582c3566433c.jpg', '- Bạn không có nhiều thời gian để đưa thú cưng của mình đến  phòng khám thú y khi bé yêu của bạn đang bị vấn đề về sức khỏe. Bạn đừng lo lắng về vấn đề này. Chúng tôi sẽ giải quyết giúp bạn PETTY HOSPITAL– cung cấp dịch vụ bác sĩ thú y tại nhà. Những bác sĩ có trình độ chuyên môn cao của chúng tôi sẽ đến tận nhà bạn để chăm sóc cho vật cưng được tốt nhất.\n- Dịch vụ bác sĩ thú y tại nhà của chúng tôi bao gồm: \n       + Có mặt tại nhà ngay lập tức để khám kịp thời cho thú cưng.\n       + Kiểm tra và chăm sóc sức khỏe định kỳ.\n       + Tư vấn những giải pháp để thú cưng luôn được khỏe mạnh.\n       + Kèm theo dịch vụ chăm sóc thú cưng tại nhà, cắt tỉa lông chó mèo, dịch vụ tắm chó mèo.\n Hãy gọi ngay cho chúng tôi qua Hotline: 0932.904.796 để chúng tôi được phục vụ thú cưng của bạn được tốt nhất.', 900000),
(2007, 'Dịch Vụ Spa Thú Cưng', 'https://i.pinimg.com/originals/89/60/48/896048009ee6d7a0598d9a2153c73ce1.jpg', 'PETTY HOSPITAL chúng tôi là dịch vụ đi tiên phong trong lĩnh vực khám chữa bệnh và làm đẹp cho thú cưng theo tiêu chuẩn Nhật Bản. Với quy mô lớn, cơ sở hạ tầng, cơ sở vật chất được đầu tư một cách kỹ lưỡng, có hệ thống khử trùng và khử mùi cực kỳ hiện đại, không chỉ đảm bảo sức khỏe cho thú cưng của bạn mà còn đảm bảo sức khỏe cho bạn mỗi khi đưa thú cưng đến với PETTY HOSPITAL để khám chữa bệnh và làm đẹp. Ngoài ra, hệ thống spa cũng được đầu tư các trang thiết bị đầy đủ nhằm đáp ứng nhu cầu làm đẹp cho thú cưng. Với các thiết bị chuyên nghiệp, cùng đội ngũ chuyên gia cắt tỉa được đào tạo bài bản, sẽ đáp ứng được nhu cầu làm đẹp đa dạng dành cho các thú cưng như: cắt tỉa lông thẩm mỹ, nhuộm lông tạo kiểu, các kiểu kẹp nơ, cà vôi răng, ráy tai, cắt móng, sơn móng,v.v…..', 1000000),
(2008, 'Dịch Vụ Tắm Chó Mèo Tại Nhà', 'https://fonjonpetcare.com/wp-content/uploads/2015/07/1d217b5f45529178a6452862bd705c86.jpg', 'Bạn không có thời gian để vệ sinh cho thú yêu của bạn được sạch sẽ hay không biết làm thế nào để tắm rửa cho thu cưng được tốt nhất. Bạn không có nhiều thời gian để chăm sóc chúng, công việc ở công ty và gia đình đã làm tốn quá nhiều thời gian của bạn, nhìn chú chó mèo nhà bạn không được sạch sẽ và có mùi hôi làm bạn cảm thấy khó chịu. Nhằm giúp đỡ cho những quý khách hàng không có nhiều thời gian và kiến thức cạn hẹp trong việc chăm sóc chó mèo. PETTY cung cấp dịch vụ tắm chó mèo tại nhà giúp bạn không phải bận tâm làm thế nào để giúp cho bé yêu được sạch sẽ nữa. Mỗi thú cưng sẽ có mẫn cảm hay dị ứng nhất định nếu không biết cách sẽ gây hại nghiêm trọng, chúng tôi sử dụng những dòng sản phẩm cao cấp đảm bảo an toàn cho bé yêu của bạn một cách tốt nhất. Với dịch vụ chăm sóc tại nhà này thú cưng của bạn sẽ được thoải mái và tự do hơn khi được cắt tỉa lông và tắm rửa, hơn nữa còn giúp bạn tiết kiệm được rất nhiều thời gian và chi phí cho việc đi lại.', 150000),
(2009, 'Dịch Vụ Cắt Tỉa Lông Cho Mèo', 'https://www.thesprucepets.com/thmb/XUphx17ZXIgya8BHldbExXG5opc=/2848x2848/smart/filters:no_upscale()/grooming-cat-120689839-57d967d33df78c583396e386.jpg', '- Chó mèo là những động vật cực kỳ hiếu động, chúng thường xuyên chạy nhảy ở ngoài trời nên bộ lông của chúng sẽ bị bám rất nhiều bụi bẩn, việc cắt tỉa lông cho chúng là điều cần thiết và quan trọng, để bảo vệ sức khỏe gia đình bạn và bảo vệ sức khỏe cho thú cưng của bạn. Những chú chó hoặc mèo có bộ lông quá dày và dài thường là điều kiện phát triển cực tốt của các loại ký sinh trùng như rận, bọ chét, ve, v.v….nếu bạn không cắt tỉa lông và tắm gội thường xuyên cho chúng thì những con vật này có thể lây lan sang người bạn hoặc con cái của bạn, gây ra nhiều bệnh rất nguy hiểm. Việc cắt tỉa lông cho chó mèo đòi hỏi phải có nhiều thời gian và kinh nghiệm thì mới có thể làm được. Thời gian để cắt tỉa lông cho chó mèo khoảng 80 phút – 180 phút. Việc cắt tỉa lông đúng cách sẽ giúp cho thú cưng của bạn trở nên gọn gàng và sạch sẽ hơn và giúp loại bỏ đi những phần lông không cần thiết, tế bào chết. Bạn không biết làm thế nào để thú nuôi của bạn trở nên đẳng cấp hơn cá tính hơn. Chúng tôi sẽ giúp bạn làm điều đó. Với dịch vụ cắt tỉa lông chó mèo chúng tôi giúp vật cưng của bạn trở nên hoàn hảo nhất.\n- Dịch vụ cắt tỉa lông chó mèo tại PETTY bao gồm: \n         + Dịch vụ tắm cho mèo, chải lông, loại bỏ lông rối.\n         + Vệ sinh chân cho thú cưng, cắt bỏ đi bớt những phần móng quá dài. \n         + Vệ sinh các vết bẩn trong tai, nhổ lông tai, vệ sinh tuyến hôi và vùng đi vệ sinh.\n         + Nhỏ các loại thuốc đặc trị bệnh ghẻ, rận, bọ chét, ghèn trong mắt, v.v….\n         + Cắt tỉa lông tạo kiểu Dịch vụ Spa Chó Mèo,  vệ sinh răng miệng, lấy cao răng \n         + Đặc biệt hơn nữa bạn sẽ được các chuyên gia của chúng tôi tư vấn làm thế nào để giúp bé yêu của bạn giữ được kiểu lông lâu hơn và chăm sóc cho lông và da được tốt hơn.\nMọi thông tin chi tiết liên hệ với chúng tôi qua Hotline: 0932.904.796', 100000),
(2010, 'Dịch Vụ Chăm Sóc Thú Cưng Tại Nhà', 'https://mercatoshoppingmall.com/wp-content/uploads/2018/07/pets-plus.jpg', '- Bạn muốn thú cưng của mình được chăm sóc chu đáo, khám và kiểm tra tình hình sức khỏe theo định kỳ. Chúng tôi đưa ra giải pháp dịch vụ chăm sóc thú cưng tại nhà giúp bạn tiết kiệm thời gian và không phải vận chuyển bé yêu đến trung tâm chăm sóc thú y. PETTY – cung cấp dịch vụ chăm sóc thú cưng tại nhà. Những chuyên gia của chúng tôi có trình độ chuyên môn và kinh nghiệm nhiều năm sẽ giúp cho bạn có thể chăm sóc được thú cưng của mình dễ dàng tại ngay nhà bạn.\n- Dịch vụ chăm sóc thú cưng tại nhà của chúng tôi bao gồm:\n        + Có mặt tại nhà ngay lập tức để chăm sóc cho thú cưng của bạn.\n        + Kiểm tra và vệ sinh sạch sẽ, cắt tỉa móng, lông gọn gàng.\n        + Tư vấn những giải pháp để thú cưng luôn được khỏe mạnh.\n- Tại sao bạn nên lựa chọn dịch vụ của chúng tôi: \n        + Các nhân viên được đào tạo qua nhiều trường lớp, có kinh nghiệm nhiều năm trong việc chăm sóc thú cưng tại nhà. \n        + Các bác sĩ có trình độ chuyên môn cao, sẽ khám chữa bệnh cho thú cưng của bạn một cách tận tình nhất. \n        + Chúng tôi sẽ chăm sóc thú cưng của bạn, giúp chúng ăn, ngủ vui chơi cùng chúng và dọn vệ sinh, v.v…\n        + Nếu các bé đang bị bệnh chúng tôi sẽ cho uống các loại thuốc đặc trị hoặc đưa về bệnh viện để theo dõi và điều trị, tư vấn cho bạn nhiều phương pháp nuôi dạy thú cưng và các biện pháp để bảo vệ sức khỏe cho chúng.', 650000),
(2011, 'Khách Sạn Chó Mèo', 'https://kap.nekoya.co/wp-content/uploads/sites/2/2018/08/Cat-Boarding-Singapore-Nekoya-Cat-Hotel-6.jpg', 'PETTY là một  địa chỉ khác cũng rất được các bạn trẻ tin tưởng và hay gửi gắm thú cưng của mình để chăm sóc. Sở hữu cho mình một hệ thống chuồng trại sạch đẹp, thoáng mát. Tại đây, thú cưng của bạn sẽ được theo dõi thường xuyên để nhân viên có thể dễ dàng chăm sóc cho sức khỏe  và bổ sung thêm các loại thực phẩm, dinh dưỡng tốt nhất.', 500000),
(2012, 'Khách sạn dành cho Vẹt', 'http://petmeshop.com/wp-content/uploads/2014/10/do-choi-trong-to-300x284.jpg', '- PETTY chuyên nhận chăm sóc vẹt cưng khi bạn vắng nhà với dịch vụ “khách sạn vẹt cưng”.\r\n\r\n- Với dịch vụ “khách sạn vẹt cưng”, bạn có thể yên tâm gửi vẹt cưng của bạn trong những lúc bận rộn hay đi du lịch, công tác. Với hệ thống chuồng thoáng mát, đảm bảo vệ sinh, thiết kế các gốc đứng chuyên nghiệp cho vẹt, không gian ấm cúng và thân thiện với nhiều loài vẹt được thuần hoá tốt, bạn có thể yên tâm với dịch vụ chăm sóc vẹt cưng của PETTY khi bạn vắng nhà.', 200000),
(2013, 'Dịch Vụ Trị Bệnh Cho Vẹt', 'https://www.thesprucepets.com/thmb/67tr2LlVG7KQFO5xd13B7G_nvIg=/2690x2690/smart/filters:no_upscale()/experienced-veterinarian-examining-young-ara-parrots-health--885602566-5b4c075346e0fb005bc165c6.jpg', 'CÁC BỆNH THƯỜNG GẶP Ở VẸT: \r\n– Ho, sổ mũi, cảm cúm, tiêu chảy (biểu hiện Sổ mũi, ho, sốt, tiêu chảy hoặc khi thấy chim bỏ ăn, biểu hiện buồn buồn không hoạt náo như bình thường, xệ cánh, xù lông, run rẩy)\r\n– Viêm phế quản, viêm phổi (thở khò khè, vẫn hoạt động bình thường hoặc ít vận động khi bệnh nặng)\r\n– Tiêu chảy, đường ruột – Tiêu ra máu \r\n– Sưng hạch \r\n– Sưng chân, viêm khớp, gãy chân, gãy cánh\r\n – Nấm, viêm da, rụng lông, ve rận, bọ chét\r\n – Đau mắt (mắt nhắm không mở được) ***Lưu ý: Để nước thuốc cho vẹt uống trong ngày, không để qua ngày. Nếu thấy chim không tự uống có thể bơm cho chim uống cách 2 tiếng/lần. Uống đến khi chim khỏe mạnh bình thường. Hiệu quả hơn khi dùng đèn sưởi 40 độ trong lúc trị bệnh', 250000),
(2014, 'Xét Nghiệm Giới Tính DNA trống mái cho Vẹt', 'https://lh3.googleusercontent.com/proxy/OjxaDz4Q13JtAouDNHij4saRfauE_q7kPGa-ewqHUup4u7YY_DsjUO_t7FJ_Fxti5PS4zsWferFOiMNaJyTrOjXTMo4WEtUYT3ZDnp8hhQ', '-Các bước tiến hành: \r\n+ B1: Gửi mẫu xét nghiệm (3 mẫu lông chim có chân hoặc mẫu trứng của chim con vừa nở)\r\n+ B2: Đợi kết quả sau 2 tuần (Giấy chứng nhận có có giá trị pháp kí toàn cầu)\r\n- Quy trình được thực hiện bởi: \r\n+ Máy 1 D-HPLC (máy sắc ký lỏng cao áp biến tính)\r\n+ Máy đọc trình tự gen ABI 3130, Applied Biosystems \r\n+ Máy nhân gen Real Time PCR_TaqMan®', 500000),
(2015, 'Dịch Vụ Ngừa Bệnh Cho Vẹt', 'https://i.pinimg.com/736x/90/7f/57/907f573616dda17ea71428dcf5db9319.jpg', 'CÁC LOẠI CHỦNG NGỪA: \r\n– Cảm cúm, bệnh đường ruột – Định kỳ hằng tháng (200.000đ/lần)\r\n– Sổ lãi – Định kỳ 3 tháng (200.000đ/lần) \r\n– Cầu trùng (Tiêu ra máu) – Định kỳ 3 tháng (300.000đ/lần) \r\n– NewCastle (Dịch tả) – Định kỳ 4 tháng, chim lưu trú tại Pet Me 3 ngày (500.000đ) \r\n– Nấm phổi – Định kỳ hằng tháng (100.000đ/lần) \r\n– Hen/ Thương Hàn/ Tụ huyết trùng – Định kỳ hằng tháng (100.000đ/lần) ***Lưu ý: Để nước thuốc cho vẹt uống trong ngày, không để qua ngày. Hiệu quả hơn khi dùng đèn sưởi 40 độ trong lúc chủng ngừa.', 300000),
(2016, 'Ký gửi Vẹt', 'data:image/jpeg;base64,/9j/4AAQSkZJRgABAQAAAQABAAD/2wCEAAkGBxITEhUTEhMVFRUWFRUVGBUXFRYVFRUSGBUWFhUVFRUYHSggGBolGxUVITEhJSkrLi4uFx8zODMtNygtLisBCgoKDg0OGhAQGy0mICYvLS8rLS0vLS0tLS8tLS0tLS0tLS0tLS0tLS0uKy0tLS0tLS0tLS0tLS0tLS0tLS0tLf/AABEIAOEA4QMBIgACEQEDEQH/xAAcAAACAgMBAQAAAAAAAAAAAAAEBQMGAAECBwj/xABEEAABAwIDBQYDBAcHAwUAAAABAAIRAyEEEjEFBkFRYRMicYGRoTKx8AdCUsEUI2JygqLRFTNzkrLh8Raz0hdDU4PC/8QAGwEAAgMBAQEAAAAAAAAAAAAAAgMBBAUABgf/xAAwEQACAgEDAwIDCAMBAQAAAAAAAQIRAwQSIQUxQRNhIlGxBjJxgZGh4fBCwdEzFf/aAAwDAQACEQMRAD8A9FaLqVzVGyyma5fP8kbNKDohc1B5ZKLxD1DQCGNpByfBLToqPE4YQjqei5rKYzaYllTxuFmUAaMKyYqndAV8PZaePOmqK7Qtp0rKSmxS5Vw9ysUcdPMBR8FqZK7yrkQDPaoahRTggqpuiIMBU4chA5TU3JcmSiZdArkFdMCiiQ7CBFhB4Z0I+kJQtDEaa1GUtFxTpyjqOHAF0KgmcxbiQUCad08xOHBFksp0rlInBqRDZMwWXLytOsg8TWKuYFQzHyRYirdSYeulGNxEKChj7rRXKGdmWj9IWJD/AGgsU0TZeWBdOWBbDV5tKwKogqNUDOaNqsQGIMJ0MFoiUvAUK626olFOujKVSUrLgoTvO3MlQ16NkawWUdRqrKe1kCDGUSEC5PMUzVKm0rrTw5tyBZlKnAUhapW01y4K0iALEmEBURta5QlRBKdHUQcURTCia1EUwgTsmiRoUy5YFKGo/BJumUzolLAjcK+UFhRGuGiQmRhLKBCKFWFVnm2cMekd1AgnsuUQ6tOi02mnYpKaFSXIFVbZItoVIKtVajZV/H4WZTI5NsqYePhlXx9VK2VTKZY6nEhK2tutbHygp9wjtisUcrEygbPZQFK1i0ApmheajGg5Mhe1KNqNKd1AluNZITY5NgE1aElMJjh2oPLBRuGKTknZXoMauKiwuUbyqM4kpgeKQhpwEW/VcOcCn6eTTJB1HidFKAoaoWspAC6qhqgRNbVDgSUmbCRtrVLTasDVKBCKCOZ01SgKJqlajZBjgicMoGrsVmsu4wPn0QVyNhFydRVsa0SiCVX/AO2rSxvr/QKWltR7uXsVEtBkyGkun5krfA4aUU0pJQ2jOoHuEww+IBvw+SKOmyYF8SKubTzx8yQxCHxeHkGynpPW6jkMlYgoO2cLclIHUbq77cpDVVTEU1o6afw0xlWgLItKaFtWtxG09gDVI1YuAbrz64JZ05B4kLjam2KVEd9wzROWbqq47fAGQy3KAJ90+OllkVrsP0+hz5+Yx4+Y1xjY8VrDVDyVZO13EyXTbn+Sl/TLZpjpxKZ/85VzL9i2+iy/yl+xbg5Rvcq1R2s7g4+EphT2lbvaqrl6dNfddlfJ0nLDlOwqq9QvdwCgfVm40UtC6rRhs7mdKLi6kuSWmxRYgI0CyGrhH6rBoUVmrhjFPU1WmhNXJJprVi7ctBsqxAFmmhdNuui1SU6aNxORvQSbAfJJW4PEYsvdRAyt0zGAYtlB4mDMJrjoIyHjc3jug/XoUx2DQYxjSO6GVC5ozQ3M5jmHQ96QTYjVoOqsabGm7Zs6WT0uB54r4m6V/L+SmYhmIoAdo0AHkQ4TGhjiLoIbcgwHeis2/bj2IDGHO94FhMuOgbfz04o3dzdCgxvfb2jngAl2gIGrQOMk3nkraXNI1IdTjHCp5Yptt9itUNvEXmZ87xHzT7YOOfUeWlpaWg5wQQQIgSDoZj1V4p7t4cC1NhIHFoM+J1Vbe3s8ZXAFjRpxPWoXOk8SC2P+FGaLWN7inl6hhzwnGEK4/wCf9D8PWi0qd1SyXNct9vaFhNu6MQB2w+bJBiGJntKpdLaj1oYOxYj2A+zW1LKxWrOo9WKidqi6dOVOzDhZ0dLOfYQ8iR45vLgMS/FVsjC4dprPdghpA9CJQW3t2q2GaypmDmOc0Gx/Vkj7xHCbA+AXtfZNDnEC5ifIR5IbE4UOB6i4IsRxkcVqQxVGma0OtZkoxXCX7nm26exWVHBz6jTB+CDcWAJnrNlfcPh2NcQ1oYD0+Ik3JMm0R6gWgKs7Aw9MYh9OmQ3K4uycS23epu1cJFxqDHO9vZ5HSIkniBpYDr1dxumwVd0Veoap58m5StfQjo4wVa9SicOQ2lk/WPYMlQOaSexdxykQfFIt5N12NBfQfBB/u3G0m4DXfdPR1uqs5dBt3SedjPnY+IzeBQ+Ob3CeJBEwZuLgCZBPGfOdA2STjyVdLnyYcicGed4HGFnceCDNwRbWLFWTB0g4Et1Bgjkh3VGmwiNNG+5XeGqCm8OmWu7p/ZPAzylY+rw7oNpcmzq8cM/O2mEvEIPEvTPFtsUmqlY+OpcmJkx7GDPWgV04LhXIijpolEU6S5oMR1Gmn4wGQMocV2GQjQ1RVyACToAT5BWHVExTbpFe2hiRmd0MAA3sL+5KZbFxLnUmNAMS6RdjjJB7jWS9w8IbcnNwFJxONlx4gkk8pJVy3SLHUCC4OvGQf3YmLubHeOpkyn4lXB6zXadYdLFfKvob26CcO9wEOIaxr5+HM6HFpHENBEiwzAAmJLrdsxh6QFh2bP8ASFX9/NrUqOFqhtSkaoa09mZL9QAHBvw2tlIAumm7uNbUoUXsMtcxpBtoRy8k9ppWefT3Oi70nW8lWttANdEXJLp6SRl9ifNO8O+1+HzCrm8Nf9e1oMtNMHUEB1yCOUtA9uqHUu8LFYsbcmvZgReonOXTguXtWG6IFGOKAKZ4yCgaTJV/C+CxDsQ5VpH9gsTdwVHqtFFMSqjigi6eLbzXaTUQa7lLJjkDh1yu5Q2HqAlzeIJ+ZUsxc8Lnw5q0vYJqu55xt5tOnWaWuLSyqwMeJJFUuMNEeB5yLHUr0MMc/UtzQMwve14E92T4jgQV4hvbhquJxgZTq92o4BuWHA5nE1Kgg96Gsm2obY3V72Z9o1EHJiacM0D2gOLf32C/mCT04p7gBusupEAk5miTYZx5/qyZv08gk+8NaKbsriWg3H6toB0EyQRe8G99U7wmJZUaKlF7ajCJa5hBBHLXwSPfLaIpUTYEuIbBvM9OPghnxEsaS5ZopK3ZUG1Y1I8cth5hSsxEamQY+gk1PFCCR6X9RC0zE3434T8lTpHs3p7PQG1g+mHDQj/YyldRiN2RS/UNA6/MqSrh151VCcor5nk9XCpNLxYoe1Yymin0VttNWIzsoHDGotjwBJIHihqzsonyHj9X8kFia7QBmJc5xMAaxF4A+rK5p8blz4Lel0nr8vsOw4HQg8dUr3mr5MO/rDfUyfYFDnaAgatcNAJPdHMT7Qku9W1u0hrT3AZjiTET4XKsShTVF/TdNa1EWuydv8iq4up7fJHbt7wOw9QguhjxlJ/CZEOP8w/i6JZXrId1IkWCfHg9FqorJBxZy6q+rUqsqavFQnT4mgvb4/CIPWVefst2qOxOHd8VJ/cPOm7vQfB2fygcF55RzMqNcNWuBE3FuB5hXjc/AU6L6lWlWa+nkByHN2lJweCBOjxGcZrTbWSrcqcKPGZIuGTk9Ox+MNPD1HjWIbzk6u8m5nfwlUSjjzUxIcbSYAmQBGVoPWI9E/3rxtMYZjSZe8ktbyaWlrnu6ZXOb4u6Kp4GM7TEXHt/wqmT7u02+mabdiyZGu/C/T+/oW4LC1csePzg6gafRU7AsTJcXTMRwcXTEu0GxKAwzk02q2ySUHXWhpuYhxGcrFDmW02hhcy9A42qQNVgrIeuZXn9NF2KyZKQx3fxc2J70kX9Ql/2lbQqUMBVcyRmeymbSezcSag8C0Fs/tIOnVNN2YeaM2xthtSiAcpLXgvaYILYIzQdRLh52XptJK1z4EJSyJUvY8lw22quJr1K5GUU8PlBbJDS8imDPBzi9x8M3JQPqSed/VWypXpNYaJYw0XFzopgNAqTciBMiBqSYgKoY5huWiBMBuvjJhXXli2Hj0mVtpLldy2fZ/twsrVGSRT7PNrID8wDY8czp5x0RO8G8X6RVewWYAGAH8QMlw6z7Dqq9syqW0zEDQd0auvck3MCfVDOb9cVVnK3wel6d070msk+X9BnTxZ0np4oqkTa38X5FLaFMxKLw9TkdUs36TR6DuhULqTp0DyB6CUw2hicthHjy5Kv7DxzaVI1MwDW/G3i48HN4SuMLtQV3vLHD4iWyIzAklongY+SzoaO9S5TXHdHmM2DdmlJrgdMrA62681shIcRjpNjpp465SmWBrl0g+I8OXWD8wu1OmUFvh+aM/W6LZBZI9gbaGMAqBkWbef23NcR6AfzIDF1g2kamaMp7xkD4iA250E280NtN5FWoD957ndQ1rGNsPDh1KIw1IVKL2ESHAt0OogtN+MgFaWlxfDGPsHnzx0mCKXfj+fqxfQxxqZchIBBzQ3W0jMSLAc1WqbXPgySTf6CsGALKbmNk5XhzZOl4OirWCrwSfwucI5QSPyRS5VlrpGZSj+pzi6JB7wylcCpPGOif4ZzKgPajMPrQ8EL+hYeXZZjQSZjzQqjQnqJRbTiJn0k1wVPJSL2slzg9k8W5mkEzyvJ6Aoarg3N4Txkck42bkNLKTF+H14o9zTRUlihkg5vz8u4ccPUqul5E90TfQDKPb81mDpObbU5oHQ/Uo/ZVFjZL3F0fCOkanzj1WbHoOMuGjnuFxfOI0vzJCVTb4LL1McOJvwkuOw1xxAY2qw/3bmGoOBpuhryP4ST4sam9KjAVb2dVIrVA8S2pTktOhyktd652+oVpaIp20FhNyQNJ6wlZ8SyJMwtQ7iprz/aEu2BZV6g3vJrtXFcEtouU4seyImIXlWLWdYipjB87VbyqZ1JbFNZGDG0UMshNtSu1kA6mT4DSfUqlbUx9oBk5STGhmdQdU03kxDu1rk3aHNpt6ZWgn+Z1X2VXw7DUc3Ul0g8zAt6SFuYYbYmtikseHHj+dN/qdbA2jlZVzsa9rcpl0nK4yIHU5fbotV2kyeBuPP6CUYoZKgbwPejqLCff1T2lXBaAbgSAOUkIsip2a2ijUpfj/ojpyLIx+GtJF1mGLT3SBz8kywpZrE2iDp1Sm2a0JUqoBbTdExA/qisPh7aa3TWniGBmUtGXwmOqFdixHdNhpH5ITo5ZNtUL9sPc2g4DSNPr6sgN2dohtF0ie9rEkRAn0I9FvbtcPbBAmPi4oTde1OvYZgWFvycPl6J+NJxMfqM5Qn7UyyYDacOLyMzTGbjI4mOdwnNGu4ZHAzka6erMzmuEnxY7+AKu4KmQwOeYJOaCIEHWT4KyUMMcjY+Asa6ebXwInwdP8KiUVO1+TMzDqoTioS88f39RZgaoqMpv1Lm5p6nIYvqm9N+UxwsfI6/mqnsDFSxjPvNDZbNxDY04iRHiFZHVBLHHQgt/MfM+ivYKin/AHgwerZnPLV8JC+rs0PZUDwDBqBnR0ua0z6Kj0XEF3VxnqZN16O0ZmEO1mbcw4QfUSvP6LwXOJ4ucfUkodXBY2kl4X+zX+z0vUxu/En9EF4WqQI4KSq4gyOPBRiidQRCnp9Vns9Ts3GxXkGeUIehXcD/AERraTZsiKmEiCLc/DgosYsVcogr7WcxhdBsPVNNzNrVKgpsy2DXVC4/iLpgDlcear+2vgI4c0++yuCL/he3/tmPmrWmx7rruee+0OaUIV4/ksuMpOMPpWe1pgcHlxByHxhonoOSsNFs0m/4bHTzzN184J80Bh8OxjyG/jo2kxd50Hl7Jy0ZQW/hysB/ZFNhHzKU9O8WNSv+/wBR57BqN3wHn23SWPuljcYnG+A70qpUpLlEOUX06Q6/TVpCdkViLadZ6uymsLbredcOcqkIJIpS5KNvNhRlrA8ar3ebnk/IhV2pg3030n0gT3wI6yD5AwFY96XGa2sNOby7psoqREAC5a6/hb8le0yeWcY+ObFZtVODbvt2KHvZSLcVcQcgPq55HzXWDpHqZjRSb8tjFj/BpH0BB+S4wNeI8R80WZUqPUdOnudrzyNG0JMMEI07OqNAOYcJ59AucAS+oAwSZ+vyHiQiX7Rv9eP14KrzZ6BTTdIGbnAI1UuCZeXSIg2MEHgQpe0zcAucVWa0w0zYeXT5+q589hsufh+Yk23QgmNNZiPYLNxaLKleoyoJGXMLkd7MOS52lWkayotyKsYwD8TXe0FWtMraT9jB638OPj5P6Fy2rgD2MNBcWtI8QBr7qx7MMsDXfdo0/DMWukewS3E1opmdCI8JEfkmWxcRTdna17HOuXBrgcg+FoI4WATpw9HJNrszwcc0pRj7Hn+Cp9lXqTq2q9p6NIBMdJkp/ALC0k2IMjlNyPIlBbXpAY6s0feZTqeeXKfkp6DAYkmBYjxtPumYU5UztXNOTkvxD6Lg0kch8gvOXUwx72gyA9wB5gOIB9Ff6zu94tIjkRYrz6qf1j/8R/8AqKd1D7sfzNX7MyfqTX4MOoVNQL6KYtIul7XFpsVI6sSNVjs95CQ1w1QFGOqyLJO2pp1Ura5QUWE7QPt091PPsyvSBBgis4erBb3VU2tXlWr7LrU/HEO/7YC1enx+JWeK+02S069vqj0Og6S7pWpAHoCz/wAnepTjaNgDzn1AA/okuxyDTzHQvL56Z4b7R6Jrtc91o6E+sFD1aO3Gq9jzfTpXk5KJvO6UhwNG6fbdbJhB4DDwVn4Pum8+ES9gsTHs1idtB3FlNdQVMQoXuUUqgpcFcX7SympB1eB7EXQbGxAHT5wjdr0z3XDQEE+RBA84IQld12nrrzm/9Vt9N4xGPrPvFD39YRXpO4OpET1FR5j0c1L8G/RMt/akjDm0jtPH/wBvXzn3STDusg1MfiZ6npGV7Y/ghq2qQQ5pIIIIPIgyD6phUxmcZhabxyJ5JMxyla+FRaPTQSk1LyNRjTH19cVheHX4pY0qVj4KGi4p33ONoWCH3Yef02lH7Y/kd/RdY+pIUe7boxVGfxkeZY4D5q1p+HZ57rUri4nqDTYzf4m+N4Xe7uKpUsOSIzZ35o+Jz8xa3N5DwF0Mx4BM6Ak+rQ4+5KNwuFHYNEXcJ04wCfdx9CtTNjWRtM+fRnsRVt7q3Z7SaeBo0QfCDf3CJr5rFomY9iD8kDvqM2NJ5gs/yktH+lF7MrZmCdRbzCr6d9/xY3N2T9grEGcp6j+h/wDyvOy+7j+0T7leg1vhP19f7Lz557z4/E7/AFFdq3aRs/Zzic/y/wBhTCu4Q1N6mY5ZjR7nE7JwbALsOsoiQtVHWUD3KkL9oFXL7ODFEkfde93mGW+YVJxrpKvH2dNJpBouXVPSzTfmJA9VqaLiaPDdfe6En7noVGnFKlT0L6lFgA/BTIe/yhhE/tJnth2nWfSwHyKAjNXYGRFEkDxDCHmecuA/+srNq1+9M27w/wAjjTd/MxyjqqcsVe6MLpn/AK/qV/aDJcoKDYRFZ0koeoYWdijXBvTfBPnW0D2qxWKElkqEFcZV01YXLJapAguOYXU3Aa5Tl/eF2lIzVDmSNBDh+6bj0uPJONp1Xim40/jAzNHBxBnKeh081VsFjRUDoBAElvVjrmDx4O/iAWv02XwNe5na3H/kIN9qc0qbrd2oWz0IP/gPVV6hayf71EmkWzpWHhMT6Q/2SJ1OADOifnVs0unZXCMWE0nqYOQtJyma5UJLk9lhyEugld5rqMuWpQllSNVncShdnVctemeVRl+hcAfYlTVSiNn7AxVQh1Ok43BBAEazKdi4MfqXKLztF1so1qNY3wzuLCfST5KxU6wzvn4aFKXDrlL/AFg/JcUd16znMeSAG5Zbzy5yPd/spdrbvYj9GrMpEGrWfLjpDLaG94axvqtT1oW3Z4J6TK2lR57t7E569M82udPH45+RKNwrslSODgD56fXiuNr7DrjFMa6m4N+HPq2IYNfHMVasTuY5zWObUGZoOuhBifkFUhKMbXuyxLTznVLwJcTWDYLtCQPM2n5Kg1GZXuB/E4e5XpO0dg4ltN0szQJBbeY6LzralJzX94ETe4jofkgz5NzpG30TT+lCU5cO6r9yJhUraiFDlt9RV3E9NHMooKD1yXocPTHZex69Z0Mpu5AkEDxnkuUQM2pikk33AKzS6GNaSSbAakr177M91KtGmKlWzolreTiACSfJRbp7mjDntq5DnAWtYeCurNt0tGEE6JsMri7R57WQx5Lj3R1gNktojUk8SeJkuJPi4k+a27Y1M3N/9ySfck+aLFQOapZACmeSU1UmVIYIYncVQtq7DoxGWEuxG7jS0gHwMfmnT8UCYUmWeKV27DqvuU7/AKVqfiHotq4ZOqxdvO2HnzNpTZT/AKRKrzHxcrl+0TwsFSaTFMeVsRCpDZo4upSExPaU/wBx0vgeEuHlCdNxU9Uu2/hy5ja7ZD6JiR/8ZJcD1yun/MrekuLor5qfcA2+0EG0SBbwkt/MeDRzSptOaZPomeOxLKlFlRlpJa5n4XgSR+6cp9G9V1s/BGtLWxIaSB+QVnNOnwaHStNvwvfwk+WV2iefBTNKk2rSNN+UtiLTzQgqJMomxpcyqr7BAdr4T5LjOoXvI4rgVVCiWZajmguizO5rZiSBPJez7r0amHY0FwcyOV/VeFuqEaar0HYG3yWMa92gGv8AVTJbUZurn6kqXg9fZj2EIbEY0yMseKr2E2qwixEgaSkn9utNctNuiHmrKNK6PQqzGPEOgoVuCFMG5Lfkq5UxrmjM1xRmD2ySIcQui7OcaLDh8S0iPmk+8e7uGxAiqwdHCxHgQii5tQd0wei1h8U4AsqQeR5o6oBSfg8k3s3FrYbv0Zq0+l3t8uIVOgzEGeREXX0PV2pTacr229Qsp08FVMFjJPQKFLwW1qZJcnne4e476oFaoQBwC9UwWAbSZDWi3RRUiKbxTpwGx6Jq6zZUXzRXnNydsp+Px7gSKgge0KEbRoZR2cF35ove7FM7BzrSFRcHt9jKV2975qDqPTKDX9kOcSkeP3u7I5Xi491Uqe/9ewDBAtqtV8T25z1AAiIosuG3oa85gFvam+fZN5qkVsexktaq/tbHuqWmyFRcmS2ki5f+olRbXm3ZlYm+l7ifU9j0cU0NWEJgUrx1XksvHbYqzVGrCYYBwfLDo9pYfPT3g+Srjq1092QNFej8NMRNXwVbDsLadVpA7tfKehykyOWv0E2ovFOmC0EPNyZ9B0XO1aAGIrtkNDn0asnS9N4P8zV1g39m4h4Dhlc2DpewTtR3TRt9KluwSXy8LyKd5ahJa6Z09eIKSTdMcaLuB0JI8DwSpwixUx5Qbj6TokK4Wg5bL5CKiXOzpvMprs4kgddEpJV43FpgUi5wLs/caAA42cZdDrQCefDoYicbVCYZ445ty59gdmJNNxadRF+hUeOfmh7TDhxTXaW7T8rnUD2vcIjuh7SHS0WcQ/u5rjlppNcOem7K8EHkUtwcUmIlOMpyUe3gdbK284d1xTfEHtBmYYKqZohwlpup8JinCLwRwQKvBzvyXTYm3Sw5X6+x8FZa1dtVsg+mqoVOqyoIJh3PqtUtovoOgm3Pp1R2DQ+xW0H0TFQZ2H73EeKJwu0KToykJHXxlp1Y7Uawq/inmm7Mw903HRLcObQanxTPU8Q5zG9o0yQJSR2+tQ03ZgBqEt2JvowMNOtyseapm3dqdo93ZyGyipyBtRJdp7eqvBYXWJS8VDEcEEwzqsDjKJQSAcwmlXylMRjTl1hJnHiuXViVLhZCnSphVV5PFRsauaTZRQbawlS+Dlyc9m1YtQ/8KxRbCpfItVaudEVsTYzsQ64OTiRx6IPZ2G7Ws1kxJ9l7FsnZraTAGi0clVxQsTGK8ldobr4VgALBPUT7lEU9jYcGzQEx23RktI4IFj8ps0my6bd0XoY4bboyvuhhqrhUc0TAE9GkkehJ9UDtDcLDPnKS1x4h3noVYNn4zOPhLehC1i8c2lcnyTXJUgcUp429nB5Nt/cLE02OLYqRJtYny5qjvoEmHiCOeoX0JT2612oseYSvaW5uFxD+0cy/QloPjGqOGRLgNzbdzPCRhybNlx5AEn0Cb7O3LxtQBwpZQfxuDTHPL8XsvWsNuq6lLaTgB93JTbIMjW17TqrGdmPcLty+OvmG266onlkuwmTTaPE37qdhH6Q6SQTlZrliMxdJgTfyVh3GwDHHshLg0EtuwOf3yYk90QXE8V6R/wBNUgcxaHPgAHK2fl8lG7demSHnM1wm7S5p48Q7TS3RD6r8i3FPmxLsOtSmtTfUh9Oo6kDOmVxaDa14lQbX3Tq4wOqVGhr7hsODrAmJdGmtuEq2f2bgWEOfSotd+JzWza8ybko+rjABDGz7DpcBRKdoGKpnz3tLZtfCvyVWkHgfuuHQoZxzdCvdN4Nj08TTLXtEnQkmxnUf8LyHeDYVTC1Mrgcp+F0RI5HqgUhy5F9DFcHa8CpquJkZXIRzRx1UQ1ujVEMY4PaJb3HXC5xreINuSBc4Gy2KhbqjQEgWoLyu6ju7ZSVWzdDhH3F9uDgiy5dZbfZRuKigrJWgcVqpRnRcU3LdaoVKuwWuCWnTI4ollR4sAhqElG5CBJQSDh2O5qcwsUXbLEN+wf5m8J8Y8VZ26LFitR7FIhqLimsWIB67GBCYzULSxSwUQUdPNMqWgWLFxzJaWqnctrEQBocFzU08lixQcLsT8Y8H/JFM4+XyW1i5krsdUfh+uiU7a+Fq0sQnCZy5W1iYjjQW36LFikjwYuCtrFwJyVpYsXI4wLHLFi7yT4JKa7csWKGT4OVixYuBP//Z', 'PETTY nhận chăm sóc ký gửi vẹt két, giúp bạn tìm được ngôi nhà mới cho chú vẹt cưng Bạn không đủ thời gian để chăm sóc chú vẹt (két) của bạn? Bạn cần tìm một gia đình mới cho vẹt cưng nhưng không biết phải làm sao vì bạn quá bận và cũng vì vẹt là một loại thú nuôi khá riêng biệt? Hãy đem vẹt đến PETTY vì chúng tôi có dịch vụ ký gửi vẹt. Chúng tôi sẽ tìm kiếm những khách hàng thích hợp với mong muốn sở hữu một chú vẹt thông minh đáng yêu để trở thành bạn đồng hành mới cho vẹt cưng của bạn.', 100000),
(2017, 'Làm đẹp cho Vẹt', 'https://www.thesprucepets.com/thmb/aTYzWacWg5mTEDfF7gXIT2q2lgY=/3168x3168/smart/filters:no_upscale()/pet-parrot-on-human-hand-1022424278-5c3ded0ac9e77c00016e6e2b.jpg', 'PETTY chuyên cung cấp các dịch vụ cắt tỉa lông cánh, móng và tắm cho vẹt (két). Dịch vụ được thực hiện bởi người huấn luyện và chăm sóc vẹt chuyên nghiệp, kinh nghiệm lâu năm và yêu vẹt, Pet Me shop đảm bảo mang lại cho chú vẹt của bạn sự sạch sẽ, thơm mát, dáng dấp xinh đẹp với bộ cánh cắt tỉa gọn gàng và những bộ móng được cắt dũa đẹp đẽ. Đặt biệt hơn, trong quá trình cắt tỉa lông cánh, móng chân và tắm mát, các bé vẹt của bạn sẽ được các chuyên viên lành nghề của PETTY kiểm tra tình hình sức khỏe chung về lông cánh và móng của vẹt. Trong trường hợp có những bất thường về sức khoẻ lông cánh và móng, Pet Me Shop sẽ tư vấn những phương pháp hỗ trợ. Việc kiểm tra và tư vấn được thực hiện hoàn toàn miễn phí với mục đích giúp bạn chăm sóc tốt hơn nữa chú vẹt cưng của mình.', 150000);

-- --------------------------------------------------------

--
-- Table structure for table `userdetails`
--

CREATE TABLE `userdetails` (
  `ID` int(10) NOT NULL,
  `customerName` varchar(30) NOT NULL,
  `preferName` varchar(50) NOT NULL,
  `gender` varchar(5) NOT NULL,
  `dateOfBirth` date NOT NULL,
  `address` varchar(20) NOT NULL,
  `employeeNumber` int(10) DEFAULT NULL
) ENGINE=InnoDB DEFAULT CHARSET=utf8mb4;

--
-- Dumping data for table `userdetails`
--

INSERT INTO `userdetails` (`ID`, `customerName`, `preferName`, `gender`, `dateOfBirth`, `address`, `employeeNumber`) VALUES
(10000, 'Trần Đức Anh', 'Trần Đức Anh', 'Nam', '2000-01-28', 'Nghệ An', 100),
(10001, 'Vũ Duy Ánh', 'Vũ Duy Ánh', 'Nam', '2000-02-05', 'Nam Định', 101),
(10002, 'Nguyễn Phương Bắc', 'Nguyễn Phương Bắc', 'Nam', '2000-01-18', 'Bắc Giang', 102),
(10003, 'Nguyễn Thành Công', 'Nguyễn Thành Công', 'Nam', '2000-09-24', 'Bắc Ninh', 103),
(10004, 'Vũ Tiến Dũng', 'Vũ Tiến Dũng', 'Nam', '2000-07-01', 'Hà Nội', 104),
(10005, 'Phạm Văn Duy', 'Phạm Văn Duy', 'Nam', '2000-08-27', 'Hải Dương', 105),
(10006, 'Trần Quang Đạt', 'Trần Quang Đạt', 'Nam', '2000-08-12', 'Hà Tây', 106),
(10007, 'Nguyễn Tuấn Đức', 'Nguyễn Tuấn Đức', 'Nam', '2000-09-17', 'Hưng Yên', 107),
(10008, 'Nguyễn Văn Đức', 'Nguyễn Văn Đức', 'Nam', '2000-10-14', 'Bắc Giang', NULL),
(10009, 'Nguyễn Văn Hà', 'Nguyễn Văn Hà', 'Nam', '2000-03-08', 'Nghệ An', 109),
(10010, 'Trương Ngọc Hải', 'Trương Ngọc Hải', 'Nam', '2000-05-02', 'Hà Nam', 110),
(10011, 'Nguyễn Văn Hiệu', 'Nguyễn Văn Hiệu', 'Nam', '1999-10-19', 'Bắc Giang', 111),
(10012, 'Trịnh Minh Hoàng', 'Trịnh Minh Hoàng', 'Nam', '2000-01-02', 'Hà Nội', 112),
(10013, 'Trần Công Mạnh Hùng', 'Trần Công Mạnh Hùng', 'Nam', '2000-01-22', 'Nghệ An', 113),
(10014, 'Lê Đình Huy', 'Lê Đình Huy', 'Nam', '1999-09-11', 'Thanh Hóa', 114),
(10015, 'Trần Đăng Huy', 'Trần Đăng Huy', 'Nam', '2000-10-29', 'Hà Nam', NULL),
(10016, 'Đàm Tuấn Khanh', 'Đàm Tuấn Khanh', 'Nam', '2000-08-18', 'Hà Nội', 116),
(10017, 'Nguyễn Đức Khánh', 'Nguyễn Đức Khánh', 'Nam', '2000-06-02', 'Hưng Yên', 117),
(10018, 'Chu Đình Khởi', 'Chu Đình Khởi', 'Nam', '2000-04-02', 'Hải Dương', 118),
(10019, 'Lê Ngọc Linh', 'Lê Ngọc Linh', 'Nam', '2000-09-19', 'Vĩnh Phúc', 119),
(10020, 'Lê Ngọc Long', 'Lê Ngọc Long', 'Nam', '2000-11-16', 'Hà Nội', 120),
(10021, 'Nghiêm Hoàng Long', 'Nghiêm Hoàng Long', 'Nam', '2000-12-02', 'Hà Nội', 121),
(10022, 'Trần Thị Ngọc Ly', 'Trần Thị Ngọc Ly', 'Nữ', '2000-10-07', 'Hà Nội', NULL),
(10023, 'Bùi Xuân Mạnh', 'Bùi Xuân Mạnh', 'Nam', '2000-09-30', 'Bắc Giang', 123),
(10024, 'Lương Thị Na', 'Lương Thị Na', 'Nữ', '1999-03-30', 'Thái Bình', 124),
(10025, 'Nguyễn Thị Nguyệt', 'Nguyễn Thị Nguyệt', 'Nữ', '2000-02-17', 'Bắc Ninh', 125),
(10026, 'Đỗ Lê Hồng Nhung', 'Đỗ Lê Hồng Nhung', 'Nữ', '2000-01-04', 'Hà Nội', 126),
(10027, 'Trần Lệ Quỳnh', 'Trần Lệ Quỳnh', 'Nữ', '1999-08-21', 'Quảng Ninh', NULL),
(10028, 'Nguyễn Đặng Thái Sơn', 'Nguyễn Đặng Thái Sơn', 'Nam', '2000-12-06', 'Hải Phòng', 128),
(10029, 'Nguyễn Văn Thanh', 'Nguyễn Văn Thanh', 'Nam', '2000-09-26', 'Bắc Giang', 129),
(10030, 'Nguyễn Trí Thành', 'Nguyễn Trí Thành', 'Nam', '2000-11-24', 'Hải Dương', 130),
(10031, 'Tạ Đức Thịnh', 'Tạ Đức Thịnh', 'Nam', '1997-03-05', 'Bắc Giang', 131),
(10032, 'Ngô Trung Thực', 'Ngô Trung Thực', 'Nam', '2000-02-19', 'Thái Bình', 132),
(10033, 'Nguyễn Thị Thủy Tiên', 'Nguyễn Thị Thủy Tiên', 'Nữ', '2000-09-26', 'Thái Bình', 133),
(10034, 'Lê Văn Tiến', 'Lê Văn Tiến', 'Nam', '1998-01-26', 'Hải Phòng', 134),
(10035, 'Lê Anh Tuấn', 'Lê Anh Tuấn', 'Nam', '2000-10-09', 'Ninh Bình', 135),
(10036, 'Trần Tuấn Anh', 'Trần Tuấn Anh', 'Nam', '2000-06-21', 'Bắc Ninh', 136),
(10037, 'Lê Minh Bình', 'Lê Minh Bình', 'Nam', '2000-12-19', 'Sơn La', 137),
(10038, 'Lê Hữu Chung', 'Lê Hữu Chung', 'Nam', '2000-04-15', 'Hưng Yên', 138),
(10039, 'Nguyễn Mạnh Dũng', 'Nguyễn Mạnh Dũng', 'Nam', '2000-11-20', 'Lào Cai', 139),
(10040, 'Nguyễn Tất Đạt', 'Nguyễn Tất Đạt', 'Nam', '2000-01-02', 'Hải Phòng', NULL),
(10041, 'Vũ Thành Đạt', 'Vũ Thành Đạt', 'Nam', '2000-06-09', 'Nam Định', 141),
(10042, 'Nguyễn Minh Đức', 'Nguyễn Minh Đức', 'Nam', '2000-01-30', 'Hà Nội', 142),
(10043, 'Lê Bằng Giang', 'Lê Bằng Giang', 'Nam', '2000-10-20', 'Hòa Bình', 143),
(10044, 'Nguyễn Trường Giang', 'Nguyễn Trường Giang', 'Nam', '2000-05-05', 'Hòa Bình', 144),
(10045, 'Phạm Trường Giang', 'Phạm Trường Giang', 'Nam', '2000-11-12', 'Hà Nội', 145),
(10046, 'Nguyễn Phúc Hải', 'Nguyễn Phúc Hải', 'Nam', '2000-03-29', 'Hưng Yên', 146),
(10047, 'Võ Thanh Hải', 'Võ Thanh Hải', 'Nam', '2000-05-03', 'Hà Tĩnh', 147),
(10048, 'Nguyễn Thị Bích Hằng', 'Nguyễn Thị Bích Hằng', 'Nữ', '2000-05-26', 'Bắc Ninh', 148),
(10049, 'Nguyễn Xuân Hiếu', 'Nguyễn Xuân Hiếu', 'Nam', '2000-08-01', 'Hòa Bình', NULL),
(10050, 'Phạm Văn Hiếu', 'Phạm Văn Hiếu', 'Nam', '2000-09-15', 'Bắc Ninh', 150),
(10051, 'Trần Mạnh Hiếu', 'Trần Mạnh Hiếu', 'Nam', '2000-01-01', 'Hải Dương', 100),
(10052, 'Bạch Quang Hiệu', 'Bạch Quang Hiệu', 'Nam', '2000-09-15', 'Nghệ An', 101),
(10053, 'Nguyễn Huy Hoàng', 'Nguyễn Huy Hoàng', 'Nam', '1999-11-22', 'Vĩnh Phúc', 102),
(10054, 'Nguyễn Xuân Hoàng', 'Nguyễn Xuân Hoàng', 'Nam', '2000-09-22', 'Hà Nội', 103),
(10055, 'Phan Quang Hùng', 'Phan Quang Hùng', 'Nam', '2000-07-28', 'Hà Nội', 104),
(10056, 'Vũ Quang Huy', 'Vũ Quang Huy', 'Nam', '2000-09-10', 'Hà Nội', 105),
(10057, 'Đặng Quốc Khánh', 'Đặng Quốc Khánh', 'Nam', '2000-08-31', 'Hưng Yên', 106),
(10058, 'Nguyễn Quốc Khánh', 'Nguyễn Quốc Khánh', 'Nam', '2000-08-23', 'Hà Nội', NULL),
(10059, 'Nguyễn Văn Khiêm', 'Nguyễn Văn Khiêm', 'Nam', '2000-07-04', 'Nam Định', 108),
(10060, 'Phạm Trung Kiên', 'Phạm Trung Kiên', 'Nam', '2000-06-08', 'Ninh Bình', 109),
(10061, 'Phùng Thị Khánh Linh', 'Phùng Thị Khánh Linh', 'Nam', '1999-06-08', 'Hà Nội', 110),
(10062, 'Lê Kim Long', 'Lê Kim Long', 'Nam', '2000-02-06', 'Thanh Hóa', 111),
(10063, 'Nguyễn Thăng Long', 'Nguyễn Thăng Long', 'Nam', '2000-02-09', 'Bắc Ninh', 112),
(10064, 'Nông Hồng Long', 'Nông Hồng Long', 'Nam', '2000-12-07', 'Cao Bằng', 113),
(10065, 'Trần Quỳnh Mai', 'Trần Quỳnh Mai', 'Nam', '2000-12-29', 'Hà Nội', 114),
(10066, 'Nguyễn Đức Minh', 'Nguyễn Đức Minh', 'Nam', '2000-10-07', 'Hải Dương', 115),
(10067, 'Trần Công Minh', 'Trần Công Minh', 'Nam', '2000-06-30', 'Thái Bình', 116),
(10068, 'Tần Lê Nghĩa', 'Tần Lê Nghĩa', 'Nam', '2000-03-06', 'Nghệ An', 117),
(10069, 'Lê Huy Ngọ', 'Lê Huy Ngọ', 'Nam', '2000-02-14', 'Hà Nam', 118),
(10070, 'Nguyễn Đình Ngọc', 'Nguyễn Đình Ngọc', 'Nam', '2000-06-24', 'Nghệ An', 119),
(10071, 'Lê Quang Nhật', 'Lê Quang Nhật', 'Nam', '2000-12-06', 'Hà Nội', 120),
(10072, 'Nguyễn Đình Phan', 'Nguyễn Đình Phan', 'Nam', '2000-03-28', 'Hà Nội', 121),
(10073, 'Nguyễn Văn Quang', 'Nguyễn Văn Quang', 'Nam', '2000-02-20', 'Thái Bình', NULL),
(10074, 'Trần Vinh Quang', 'Trần Vinh Quang', 'Nam', '2000-11-23', 'Hà Nam', 123),
(10075, 'Lê Anh Quân', 'Lê Anh Quân', 'Nam', '2000-05-23', 'Hà Nội', 124),
(10076, 'Nguyễn Kiến Quốc', 'Nguyễn Kiến Quốc', 'Nam', '2000-11-22', 'Nghệ An', 125),
(10077, 'Trần Trung Thành', 'Trần Trung Thành', 'Nam', '2000-09-18', 'Hà Nội', 126),
(10078, 'Phạm Hải Thắng', 'Phạm Hải Thắng', 'Nam', '2000-07-02', 'Hà Nội', 127),
(10079, 'Vũ Khánh Trình', 'Vũ Khánh Trình', 'Nam', '2000-11-30', 'Hải Phòng', 128),
(10080, 'Đinh Thành Trung', 'Đinh Thành Trung', 'Nam', '2000-01-10', 'Hà Nội', 129),
(10081, 'Nguyễn Xuân Trường', 'Nguyễn Xuân Trường', 'Nam', '2000-12-14', 'Quảng Ninh', 130),
(10082, 'Nguyễn Anh Tuấn', 'Nguyễn Anh Tuấn', 'Nam', '2000-03-30', 'Hà Nội', 131),
(10083, 'Nguyễn Quốc Việt', 'Nguyễn Quốc Việt', 'Nam', '2000-04-30', 'Nghệ An', NULL),
(10084, 'Phạm Dương Vũ', 'Phạm Dương Vũ', 'Nam', '2000-07-03', 'Hà Nội', 133),
(10085, 'Đoàn Đình An', 'Đoàn Đình An', 'Nam', '2000-11-16', 'Hà Nội', 134),
(10086, 'Nguyễn Đăng An', 'Nguyễn Đăng An', 'Nam', '2000-06-22', 'Thái Bình', 135),
(10087, 'Nguyễn Quốc An', 'Nguyễn Quốc An', 'Nam', '2000-01-16', 'Hà Nội', 136),
(10088, 'Đinh Vĩnh Anh', 'Đinh Vĩnh Anh', 'Nam', '2000-08-05', 'Bắc Ninh', 137),
(10089, 'Trịnh Xuân Bách', 'Trịnh Xuân Bách', 'Nam', '2000-12-13', 'Ninh Bình', 138),
(10090, 'Lê An Bình', 'Lê An Bình', 'Nam', '2000-11-30', 'Hà Nội', 139),
(10091, 'Lương Tuấn Dương', 'Lương Tuấn Dương', 'Nam', '2000-06-14', 'Ninh Bình', 140),
(10092, 'Nguyễn Đức Dương', 'Nguyễn Đức Dương', 'Nam', '2000-09-01', 'Hà Nội', NULL),
(10093, 'Lê Anh Đức', 'Lê Anh Đức', 'Nam', '2000-02-08', 'Thanh Hóa', 142),
(10094, 'Nguyễn Phú Đức', 'Nguyễn Phú Đức', 'Nam', '2000-08-01', 'Bắc Ninh', 143),
(10095, 'Phan Bá Đức', 'Phan Bá Đức', 'Nam', '2000-02-23', 'Nghệ An', 144),
(10096, 'Nguyễn Ngọc Hiếu', 'Nguyễn Ngọc Hiếu', 'Nam', '2000-05-13', 'Thái Bình', 145),
(10097, 'Vũ Chí Hiếu', 'Vũ Chí Hiếu', 'Nam', '2000-05-10', 'Nam Định', 146),
(10098, 'Nguyễn Duy Hòa', 'Nguyễn Duy Hòa', 'Nam', '2000-10-25', 'Phú Thọ', 147),
(10099, 'Đào Huy Hoàng', 'Đào Huy Hoàng', 'Nam', '2000-08-21', 'Nam Định', 148),
(10100, 'Đặng Huy Hoàng', 'Đặng Huy Hoàng', 'Nam', '1997-11-09', 'Hải Phòng', 149),
(10101, 'Nguyễn Lê Hoàng', 'Nguyễn Lê Hoàng', 'Nam', '2000-10-29', 'Quảng Ninh', 150),
(10102, 'Nguyễn Việt Hoàng', 'Nguyễn Việt Hoàng', 'Nam', '2000-03-30', 'Lào Cai', 100),
(10103, 'Dương Quốc Hưng', 'Dương Quốc Hưng', 'Nam', '2000-11-30', 'Lâm Đồng', 101),
(10104, 'Bùi Đức Khải', 'Bùi Đức Khải', 'Nam', '2000-11-29', 'Lào Cai', 102),
(10105, 'Nguyễn Gia Khánh', 'Nguyễn Gia Khánh', 'Nam', '2000-07-16', 'Hà Nội', 103),
(10106, 'Nguyễn Quốc Khánh', 'Nguyễn Quốc Khánh', 'Nam', '2000-12-02', 'Quảng Bình', 104),
(10107, 'Trần Trung Kiên', 'Trần Trung Kiên', 'Nam', '2000-01-03', 'Hà Nội', 105),
(10108, 'Hoàng Phương Linh', 'Hoàng Phương Linh', 'Nữ', '2000-01-09', 'Hà Nội', 106),
(10109, 'Hồ Tuấn Long', 'Hồ Tuấn Long', 'Nam', '2000-04-17', 'Hải Phòng', 107),
(10110, 'Nguyễn Duy Long', 'Nguyễn Duy Long', 'Nam', '2000-07-27', 'Bắc Ninh', 108),
(10111, 'Nguyễn Phi Long', 'Nguyễn Phi Long', 'Nam', '2000-09-21', 'Hà Nội', 109),
(10112, 'Nguyễn Hữu Lộc', 'Nguyễn Hữu Lộc', 'Nam', '2000-12-04', 'Hà Nội', NULL),
(10113, 'Mai Xuân Minh', 'Mai Xuân Minh', 'Nam', '2000-03-09', 'Nam Định', 111),
(10114, 'Vũ Minh Ngọc', 'Vũ Minh Ngọc', 'Nam', '2000-10-16', 'Ninh Bình', 112),
(10115, 'Trần Quang Nguyên', 'Trần Quang Nguyên', 'Nam', '2000-11-28', 'Hà Nội', 113),
(10116, 'Vũ Đức Nguyên', 'Vũ Đức Nguyên', 'Nam', '2000-02-22', 'Hà Nội', 114),
(10117, 'Trần Phan Nguyễn', 'Trần Phan Nguyễn', 'Nam', '2000-11-24', 'Hà Tĩnh', 115),
(10118, 'Nguyễn Trung Phong', 'Nguyễn Trung Phong', 'Nam', '2000-12-22', 'Thanh Hoá', 116),
(10119, 'Nguyễn Quang Phúc', 'Nguyễn Quang Phúc', 'Nam', '2000-07-30', 'Tuyên Quang', 117),
(10120, 'Hồ Công Phùng', 'Hồ Công Phùng', 'Nam', '2000-09-17', 'Nghệ An', 118),
(10121, 'Lê Thị Phương', 'Lê Thị Phương', 'Nữ', '2000-09-02', 'Thanh Hóa', 119),
(10122, 'Tạ Đình Quý', 'Tạ Đình Quý', 'Nam', '2000-03-15', 'Nghệ An', NULL),
(10123, 'Hoàng Như Quỳnh', 'Hoàng Như Quỳnh', 'Nữ', '2000-08-19', 'Hà Nội', 121),
(10124, 'Nguyễn Hoàng Sơn', 'Nguyễn Hoàng Sơn', 'Nam', '2000-02-11', 'Hà Nội', 122),
(10125, 'Dương Văn Tân', 'Dương Văn Tân', 'Nam', '2000-09-01', 'Bắc Giang', 123),
(10126, 'Nguyễn Minh Tân', 'Nguyễn Minh Tân', 'Nam', '2000-02-08', 'Hà Nội', 124),
(10127, 'Nguyễn Xuân Thành', 'Nguyễn Xuân Thành', 'Nam', '2000-01-24', 'Hà Nội', 125),
(10128, 'Đỗ Trịnh Quốc Thắng', 'Đỗ Trịnh Quốc Thắng', 'Nam', '2000-06-05', 'Thanh Hóa', 126),
(10129, 'Hồ Văn Thép', 'Hồ Văn Thép', 'Nam', '2000-05-19', 'Nghệ An', 127),
(10130, 'Nguyễn Xương Thìn', 'Nguyễn Xương Thìn', 'Nam', '2000-10-02', 'Hải Dương', 128),
(10131, 'Lê Thái Thịnh', 'Lê Thái Thịnh', 'Nam', '2000-04-24', 'Quảng Ninh', 129),
(10132, 'Phan Bùi Phúc Thịnh', 'Phan Bùi Phúc Thịnh', 'Nam', '2000-06-05', 'Hà Tĩnh', 130),
(10133, 'Lộc Phi Trưởng', 'Lộc Phi Trưởng', 'Nam', '2000-07-24', 'Vĩnh Phúc', 131),
(10134, 'Nguyễn Đình Anh Tuấn', 'Nguyễn Đình Anh Tuấn', 'Nam', '2000-12-08', 'Hà Nội', NULL),
(10135, 'Hàn Tiến Khánh An', 'Hàn Tiến Khánh An', 'Nam', '2000-09-18', 'Hà Nội', 133),
(10136, 'Nguyễn Trường An', 'Nguyễn Trường An', 'Nam', '1999-08-10', 'Hà Nội', 134),
(10137, 'Đinh Tiến Anh', 'Đinh Tiến Anh', 'Nam', '2000-09-04', 'Hà Nội', 135),
(10138, 'Hoàng Đức Anh', 'Hoàng Đức Anh', 'Nam', '2000-09-17', 'Hải Phòng', 136),
(10139, 'Hoàng Việt Anh', 'Hoàng Việt Anh', 'Nam', '2000-02-26', 'Thanh Hóa', 137),
(10140, 'Nguyễn Minh Anh', 'Nguyễn Minh Anh', 'Nữ', '2000-12-31', 'Nam Định', NULL),
(10141, 'Trần Đức Anh', 'Trần Đức Anh', 'Nam', '2000-02-03', 'Hà Nội', 139),
(10142, 'Dương Đình Bình', 'Dương Đình Bình', 'Nam', '2000-02-14', 'Hà Nội', 140),
(10143, 'Trần Công Chiến', 'Trần Công Chiến', 'Nam', '2000-10-11', 'Nam Định', 141),
(10144, 'Nguyễn Đức Công', 'Nguyễn Đức Công', 'Nam', '2000-10-28', 'Thái Bình', 142),
(10145, 'Nguyễn Đỗ Dương', 'Nguyễn Đỗ Dương', 'Nam', '2000-10-18', 'Hải Phòng', 143),
(10146, 'Nguyễn Tiến Đạt', 'Nguyễn Tiến Đạt', 'Nam', '2000-08-22', 'Phú Thọ', 144),
(10147, 'Nguyễn Tiến Đạt', 'Nguyễn Tiến Đạt', 'Nam', '2000-11-04', 'Bắc Giang', NULL),
(10148, 'Nguyễn Đăng Hà', 'Nguyễn Đăng Hà', 'Nam', '2000-11-26', 'Hà Nội', 146),
(10149, 'Nguyễn Việt Hảo', 'Nguyễn Việt Hảo', 'Nam', '2000-11-27', 'Bắc Ninh', 147),
(10150, 'Trần Minh Hiếu', 'Trần Minh Hiếu', 'Nam', '2000-01-15', 'Bắc Kạn', 148),
(10151, 'Vũ Minh Hiếu', 'Vũ Minh Hiếu', 'Nam', '2000-12-24', 'Hải Phòng', 149),
(10152, 'Thạch Minh Hoàn', 'Thạch Minh Hoàn', 'Nam', '2000-09-11', 'Hà Nội', 150),
(10153, 'Nguyễn Việt Hoàng', 'Nguyễn Việt Hoàng', 'Nam', '2000-12-01', 'Nam Định', NULL),
(10154, 'Phạm Việt Hoàng', 'Phạm Việt Hoàng', 'Nam', '2000-09-11', 'Thái Bình', 101),
(10155, 'Trần Long Hoàng', 'Trần Long Hoàng', 'Nam', '2000-10-26', 'Lào Cai', 102),
(10156, 'Đinh Xuân Hùng', 'Đinh Xuân Hùng', 'Nam', '2000-01-03', 'Ninh Bình', 103),
(10157, 'Trần Đức Hoàng Hùng', 'Trần Đức Hoàng Hùng', 'Nam', '2000-04-09', 'Thái Bình', 104),
(10158, 'Đỗ Quang Huy', 'Đỗ Quang Huy', 'Nam', '2000-04-08', 'Nam Định', 105),
(10159, 'Nguyễn Quang Huy', 'Nguyễn Quang Huy', 'Nam', '2000-01-08', 'Nam Định', 106),
(10160, 'Nguyễn Tiến Hoàng Huy', 'Nguyễn Tiến Hoàng Huy', 'Nam', '2000-03-21', 'Cao Bằng', 107),
(10161, 'Trần Quốc Khánh', 'Trần Quốc Khánh', 'Nam', '2000-09-02', 'Lâm Đồng', 108),
(10162, 'Hoàng Tuấn Kiệt', 'Hoàng Tuấn Kiệt', 'Nam', '2000-03-23', 'Thái Bình', 109),
(10163, 'Nguyễn Văn Linh', 'Nguyễn Văn Linh', 'Nam', '2000-12-17', 'Hà Nội', NULL),
(10164, 'Hồ Đức Long', 'Hồ Đức Long', 'Nam', '2000-04-20', 'Nghệ An', 111),
(10165, 'Mai Hoàng Long', 'Mai Hoàng Long', 'Nam', '2000-03-15', 'Bắc Ninh', 112),
(10166, 'Nguyễn Hải Long', 'Nguyễn Hải Long', 'Nam', '2000-07-17', 'Hải Phòng', 113),
(10167, 'Nguyễn Hải Long', 'Nguyễn Hải Long', 'Nam', '2000-07-21', 'Hà Nội', 114),
(10168, 'Nguyễn Hoàng Long', 'Nguyễn Hoàng Long', 'Nam', '2000-02-12', 'Hải Phòng', 115),
(10169, 'Nguyễn Kim Long', 'Nguyễn Kim Long', 'Nam', '2000-04-19', 'Hải Dương', 116),
(10170, 'Nguyễn Thành Long', 'Nguyễn Thành Long', 'Nam', '2000-05-08', 'Hải Dương', 117),
(10171, 'Nguyễn Tuấn Long', 'Nguyễn Tuấn Long', 'Nam', '2000-08-24', 'Hà Nội', NULL),
(10172, 'Nguyễn Việt Long', 'Nguyễn Việt Long', 'Nam', '2000-03-28', 'Hà Nội', 119),
(10173, 'Kiều Xuân Lộc', 'Kiều Xuân Lộc', 'Nam', '2000-12-12', 'Hà Nội', 120),
(10174, 'Đàm Tuấn Minh', 'Đàm Tuấn Minh', 'Nam', '2000-12-12', 'Vĩnh Phúc', 121),
(10175, 'Phương Anh Mỹ', 'Phương Anh Mỹ', 'Nữ', '2000-12-26', 'Hà Nội', 122),
(10176, 'Bùi Hải Nam', 'Bùi Hải Nam', 'Nam', '2000-08-19', 'Nam Định', 123),
(10177, 'Cao Cẩm Nhung', 'Cao Cẩm Nhung', 'Nam', '2000-12-13', 'Thái Nguyên', 124),
(10178, 'Nguyễn Thế Phan', 'Nguyễn Thế Phan', 'Nam', '2000-01-14', 'Hà Nội', NULL),
(10179, 'Bùi Khánh Phương', 'Bùi Khánh Phương', 'Nữ', '2000-07-22', 'Hà Nội', 126),
(10180, 'Nguyễn Thị Quyên', 'Nguyễn Thị Quyên', 'Nữ', '2000-12-15', 'Bắc Giang', 127),
(10181, 'Công Minh Sơn', 'Công Minh Sơn', 'Nam', '2000-02-08', 'Hà Nội', 128),
(10182, 'Nguyễn Huy Sơn', 'Nguyễn Huy Sơn', 'Nam', '2000-10-18', 'Thanh Hóa', 129),
(10183, 'Lê Văn Sỹ', 'Lê Văn Sỹ', 'Nam', '2000-04-22', 'Nghệ An', 130),
(10184, 'Nguyễn Thị Minh Tâm', 'Nguyễn Thị Minh Tâm', 'Nữ', '2000-08-04', 'Hà Nội', 131),
(10185, 'Nguyễn Ngọc Thắng', 'Nguyễn Ngọc Thắng', 'Nam', '2000-11-01', 'Nghệ An', 132),
(10186, 'Chu Quang Thế', 'Chu Quang Thế', 'Nam', '2000-11-17', 'Bắc Giang', 133),
(10187, 'Nguyễn Quang Thiện', 'Nguyễn Quang Thiện', 'Nam', '2000-09-26', 'Hà Nội', 134),
(10188, 'Ngô Doãn Thịnh', 'Ngô Doãn Thịnh', 'Nam', '2000-06-21', 'Thanh Hóa', NULL),
(10189, 'Ngô Công Thức', 'Ngô Công Thức', 'Nam', '2000-05-11', 'Bắc Giang', 136),
(10190, 'Trần Sách Tỉnh', 'Trần Sách Tỉnh', 'Nam', '2000-05-26', 'Thái Bình', 137),
(10191, 'Phạm Ngọc Toàn', 'Phạm Ngọc Toàn', 'Nam', '2000-04-10', 'Thái Bình', 138),
(10192, 'Nguyễn Ngọc Tú', 'Nguyễn Ngọc Tú', 'Nữ', '2000-08-24', 'Nam Định', 139),
(10193, 'Trịnh Tuấn Tú', 'Trịnh Tuấn Tú', 'Nam', '2000-04-19', 'Hà Nội', 140),
(10194, 'Nguyễn Mạnh Tuấn', 'Nguyễn Mạnh Tuấn', 'Nam', '2000-12-16', 'Hà Nam', 141),
(10195, 'Nguyễn Thị Huyền', 'Nguyễn Thị Huyền', 'Nữ', '0000-00-00', 'Nam Định', NULL),
(10196, 'Cao Tiến Anh', 'Cao Tiến Anh', 'Nam', '2000-06-05', 'Vĩnh Phúc', 100),
(10197, 'Lưu Tuấn Anh', 'Lưu Tuấn Anh', 'Nam', '2000-11-06', 'Vĩnh Phúc', 101),
(10198, 'Nguyễn Việt Anh', 'Nguyễn Việt Anh', 'Nam', '2000-08-07', 'Hà Tĩnh', 102),
(10199, 'Phạm Thế Bảo', 'Phạm Thế Bảo', 'Nam', '2000-01-30', 'Nam Định', 103),
(10200, 'Trần Việt Bắc', 'Trần Việt Bắc', 'Nam', '1999-05-23', 'Yên Bái', 104),
(10201, 'Phạm Công Chính', 'Phạm Công Chính', 'Nam', '2000-08-28', 'Hà Nội', 105),
(10202, 'Nguyễn Trọng Dũng', 'Nguyễn Trọng Dũng', 'Nam', '2000-10-10', 'Nghệ An', 106),
(10203, 'Tạ Đình Dũng', 'Tạ Đình Dũng', 'Nam', '2000-08-28', 'Nghệ An', 107),
(10204, 'Đinh Tiến Dương', 'Đinh Tiến Dương', 'Nam', '2000-07-20', 'Bắc Kạn', 108),
(10205, 'Hoàng Văn Dương', 'Hoàng Văn Dương', 'Nam', '1998-07-12', 'Bắc Ninh', 109),
(10206, 'Phạm Đăng Đang', 'Phạm Đăng Đang', 'Nam', '2000-11-29', 'Bắc Ninh', NULL),
(10207, 'Nguyễn Minh Đạt', 'Nguyễn Minh Đạt', 'Nam', '2000-10-25', 'Vĩnh Phúc', 111),
(10208, 'Trần Văn Đạt', 'Trần Văn Đạt', 'Nam', '2000-09-22', 'Thái Bình', 112),
(10209, 'Đỗ Viết Đoàn', 'Đỗ Viết Đoàn', 'Nam', '2000-04-01', 'Nam Định', 113),
(10210, 'Hà Duyên Đức', 'Hà Duyên Đức', 'Nam', '2000-08-28', 'Thanh Hoá', 114),
(10211, 'Nguyễn Văn Đức', 'Nguyễn Văn Đức', 'Nam', '2000-01-27', 'Hà Nội', 115),
(10212, 'Trần Đức Đức', 'Trần Đức Đức', 'Nam', '2000-12-11', 'Bắc Giang', 116),
(10213, 'Nguyễn Danh Hào', 'Nguyễn Danh Hào', 'Nam', '2000-11-03', 'Bắc Giang', 117),
(10214, 'Trần Nguyên Hiệp', 'Trần Nguyên Hiệp', 'Nam', '1999-04-27', 'Thái Bình', 118),
(10215, 'Đặng Trung Hiếu', 'Đặng Trung Hiếu', 'Nam', '2000-12-09', 'Quảng Ninh', 119),
(10216, 'Nguyễn Minh Hiếu', 'Nguyễn Minh Hiếu', 'Nam', '2000-06-14', 'Hà Nội', NULL),
(10217, 'Vũ Sỹ Hiếu', 'Vũ Sỹ Hiếu', 'Nam', '2000-01-09', 'Hà Nội', 121),
(10218, 'Lê Phan Xuân Hòa', 'Lê Phan Xuân Hòa', 'Nam', '2000-09-26', 'Hà Tĩnh', 122),
(10219, 'Đặng Minh Hoàng', 'Đặng Minh Hoàng', 'Nam', '2000-04-08', 'Hà Nội', 123),
(10220, 'Nguyễn Lê Việt Hoàng', 'Nguyễn Lê Việt Hoàng', 'Nam', '2000-03-15', 'Hà Tĩnh', 124),
(10221, 'Nguyễn Việt Hoàng', 'Nguyễn Việt Hoàng', 'Nam', '2000-07-20', 'Thái Bình', 125),
(10222, 'Nguyễn Mạnh Hùng', 'Nguyễn Mạnh Hùng', 'Nam', '2000-01-01', 'Hải Dương', 126),
(10223, 'Nguyễn Nghĩa Hùng', 'Nguyễn Nghĩa Hùng', 'Nam', '2000-09-30', 'Bắc Ninh', 127),
(10224, 'Nguyễn Hoàng Huy', 'Nguyễn Hoàng Huy', 'Nam', '2000-08-27', 'Thanh Hoá', 128),
(10225, 'Nguyễn Hữu Hưng', 'Nguyễn Hữu Hưng', 'Nam', '2000-02-03', 'Hà Tây', 129),
(10226, 'Tống Đức Khải', 'Tống Đức Khải', 'Nam', '2000-04-17', 'Ninh Bình', 130),
(10227, 'Ngô Minh Khánh', 'Ngô Minh Khánh', 'Nam', '2000-08-19', 'Hưng Yên', 131),
(10228, 'Võ Gia Khánh', 'Võ Gia Khánh', 'Nam', '2000-03-08', 'Hà Nội', NULL),
(10229, 'Phạm Hoàng Lâm', 'Phạm Hoàng Lâm', 'Nam', '2000-01-06', 'Nam Định', 133),
(10230, 'Phạm Thị Linh', 'Phạm Thị Linh', 'Nữ', '2000-05-26', 'Thái Bình', 134),
(10231, 'Nguyễn Lê Long', 'Nguyễn Lê Long', 'Nam', '2000-06-28', 'Phú Thọ', 135),
(10232, 'Trần Bảo Long', 'Trần Bảo Long', 'Nam', '2000-11-10', 'Thái Bình', 136),
(10233, 'Võ Nguyễn Trọng Luân', 'Võ Nguyễn Trọng Luân', 'Nam', '2000-04-26', 'Thanh Hóa', 137),
(10234, 'Lưu Bá Ngọc Minh', 'Lưu Bá Ngọc Minh', 'Nam', '2000-08-15', 'Hà Nội', NULL),
(10235, 'Nguyễn Quang Minh', 'Nguyễn Quang Minh', 'Nam', '2000-09-09', 'Hà Tĩnh', 139),
(10236, 'Nguyễn Quang Minh', 'Nguyễn Quang Minh', 'Nam', '2000-09-11', 'Bắc Ninh', 140),
(10237, 'Nguyễn Đắc Nam', 'Nguyễn Đắc Nam', 'Nam', '2000-03-14', 'Bắc Ninh', 141),
(10238, 'Trần Hữu Nam', 'Trần Hữu Nam', 'Nam', '2000-02-23', 'Hà Nam', 142),
(10239, 'Mai Xuân Ngọc', 'Mai Xuân Ngọc', 'Nam', '2000-04-21', 'Ninh Bình', 143),
(10240, 'Nguyễn Thị Kim Oanh', 'Nguyễn Thị Kim Oanh', 'Nữ', '2000-09-02', 'Lạng Sơn', 144),
(10241, 'Dương Đăng Phi', 'Dương Đăng Phi', 'Nam', '2000-03-12', 'Hải Dương', NULL),
(10242, 'Nguyễn Văn Phong', 'Nguyễn Văn Phong', 'Nam', '2000-09-01', 'Bắc Giang', 146),
(10243, 'Nguyễn Văn Quang', 'Nguyễn Văn Quang', 'Nam', '2000-06-26', 'Bắc Giang', 147),
(10244, 'Đỗ Văn Quảng', 'Đỗ Văn Quảng', 'Nam', '2000-01-06', 'Hà Nam', 148),
(10245, 'Nguyễn Anh Quân', 'Nguyễn Anh Quân', 'Nam', '2000-02-19', 'Hà Nội', 149),
(10246, 'Chu Ngọc Sơn', 'Chu Ngọc Sơn', 'Nam', '2000-09-03', 'Hưng Yên', 150),
(10247, 'Trần Thế Sơn', 'Trần Thế Sơn', 'Nam', '2000-10-29', 'Hà Tĩnh', NULL),
(10248, 'Nguyễn Tiến Thái', 'Nguyễn Tiến Thái', 'Nam', '2000-03-06', 'Hà Nội', 101),
(10249, 'Đỗ Tiến Thành', 'Đỗ Tiến Thành', 'Nam', '2000-06-03', 'Hải Phòng', 102),
(10250, 'Nguyễn Hữu Thành', 'Nguyễn Hữu Thành', 'Nam', '2000-10-21', 'Bắc Ninh', 103),
(10251, 'Lê Thị Hồng Thắm', 'Lê Thị Hồng Thắm', 'Nữ', '2000-09-07', 'Hà Nam', 104),
(10252, 'Lê Đình Thiệu', 'Lê Đình Thiệu', 'Nam', '2000-08-22', 'Thanh Hóa', 105),
(10253, 'Viên Văn Thoại', 'Viên Văn Thoại', 'Nam', '2000-03-09', 'Lạng Sơn', 106),
(10254, 'Đỗ Hữu Toàn', 'Đỗ Hữu Toàn', 'Nam', '2000-04-19', 'Ninh Bình', 107),
(10255, 'Trần Mỹ Hiền Trang', 'Trần Mỹ Hiền Trang', 'Nữ', '2000-11-09', 'Hà Nội', 108),
(10256, 'Đặng Chí Trung', 'Đặng Chí Trung', 'Nam', '2000-08-07', 'Hà Nội', 109),
(10257, 'Trần Thành Trung', 'Trần Thành Trung', 'Nam', '2000-03-26', 'Hà Nội', NULL),
(10258, 'Đinh Nam Trường', 'Đinh Nam Trường', 'Nam', '2000-09-09', 'Thái Bình', 111),
(10259, 'Phí Văn Tuân', 'Phí Văn Tuân', 'Nam', '2000-08-24', 'Hà Nội', 112),
(10260, 'Nguyễn Anh Tuấn', 'Nguyễn Anh Tuấn', 'Nam', '2000-05-13', 'Hà Nội', 113),
(10261, 'Nguyễn Hữu Tuấn', 'Nguyễn Hữu Tuấn', 'Nam', '2000-07-16', 'Hà Nội', 114),
(10262, 'Vũ Đức Văn', 'Vũ Đức Văn', 'Nam', '2000-12-20', 'Ninh Bình', 115),
(10263, 'Nguyễn Quang Vinh', 'Nguyễn Quang Vinh', 'Nam', '2000-12-14', 'Hải Phòng', 116),
(10264, 'Nguyễn Hữu Vũ', 'Nguyễn Hữu Vũ', 'Nam', '2000-09-15', 'Bắc Giang', 117),
(10265, 'Dương Văn Xô', 'Dương Văn Xô', 'Nam', '2000-01-25', 'Nghệ An', NULL),
(10266, 'Dương Minh Hoàng Anh', 'Dương Minh Hoàng Anh', 'Nam', '2000-06-07', 'Ninh Bình', 119),
(10267, 'Đào Đức Anh', 'Đào Đức Anh', 'Nam', '2000-12-01', 'Hà Nội', 120),
(10268, 'Đào Ngọc Việt Anh', 'Đào Ngọc Việt Anh', 'Nam', '2000-09-19', 'Thái Bình', 121),
(10269, 'Nguyễn Hải Anh', 'Nguyễn Hải Anh', 'Nam', '2000-10-23', 'Hà Nội', 122),
(10270, 'Phạm Tuấn Anh', 'Phạm Tuấn Anh', 'Nam', '2000-05-23', 'Hà Nội', 123),
(10271, 'Nguyễn Quang Bách', 'Nguyễn Quang Bách', 'Nam', '2000-06-17', 'Hà Nội', 124),
(10272, 'Vương Trí Thiên Công', 'Vương Trí Thiên Công', 'Nam', '2000-04-14', 'Hà Nội', NULL),
(10273, 'Dương Quốc Cường', 'Dương Quốc Cường', 'Nam', '2000-03-10', 'Nam Định', 126),
(10274, 'Lại Trung Dũng', 'Lại Trung Dũng', 'Nam', '2000-02-29', 'Hà Nam', 127),
(10275, 'Phạm Ngọc Dũng', 'Phạm Ngọc Dũng', 'Nam', '2000-07-17', 'Thái Bình', 128),
(10276, 'Uông Việt Dũng', 'Uông Việt Dũng', 'Nam', '2000-06-20', 'Hà Nội', 129),
(10277, 'Đỗ Đăng Dương', 'Đỗ Đăng Dương', 'Nam', '2000-09-14', 'Hà Nội', 130),
(10278, 'Nguyễn Thành Đạt', 'Nguyễn Thành Đạt', 'Nam', '2000-04-27', 'Hà Nội', 131),
(10279, 'Hà Xuân Đăng', 'Hà Xuân Đăng', 'Nam', '2000-12-01', 'Vĩnh Phúc', 132),
(10280, 'Vũ Văn Định', 'Vũ Văn Định', 'Nam', '2000-03-06', 'Nam Định', 133),
(10281, 'Lê Tiến Đoàn', 'Lê Tiến Đoàn', 'Nam', '2000-02-22', 'Hà Nam', 134),
(10282, 'Hồng Nghĩa Đức', 'Hồng Nghĩa Đức', 'Nam', '2000-12-12', 'Nghệ An', NULL),
(10283, 'Tăng Minh Đức', 'Tăng Minh Đức', 'Nam', '2000-01-10', 'Thanh Hóa', 136),
(10284, 'Nguyễn Trọng Hải', 'Nguyễn Trọng Hải', 'Nam', '2000-12-12', 'Bắc Ninh', 137),
(10285, 'Phạm Văn Hệ', 'Phạm Văn Hệ', 'Nam', '2000-02-07', 'Nam Định', 138),
(10286, 'Đặng Trung Hiếu', 'Đặng Trung Hiếu', 'Nam', '2000-07-20', 'Hải Phòng', 139),
(10287, 'Nguyễn Duy Hiếu', 'Nguyễn Duy Hiếu', 'Nam', '2000-01-20', 'Hà Nội', 140),
(10288, 'Trần Quang Hiếu', 'Trần Quang Hiếu', 'Nam', '2000-03-15', 'Hưng Yên', 141),
(10289, 'Nguyễn Ngọc Hoa', 'Nguyễn Ngọc Hoa', 'Nữ', '2000-09-02', 'Thanh Hóa', NULL),
(10290, 'Nguyễn Huy Hoàn', 'Nguyễn Huy Hoàn', 'Nam', '2000-12-08', 'Hà Nội', 126),
(10291, 'Lê Minh Hoàng', 'Lê Minh Hoàng', 'Nam', '2000-06-17', 'Hà Tây', 127),
(10292, 'Phan Nho Hoàng', 'Phan Nho Hoàng', 'Nam', '2000-02-16', 'Bắc Ninh', 128),
(10293, 'Nguyễn Duy Huân', 'Nguyễn Duy Huân', 'Nam', '2000-05-19', 'Hà Nội', 129),
(10294, 'Nguyễn Mạnh Hùng', 'Nguyễn Mạnh Hùng', 'Nam', '2000-04-14', 'Ninh Bình', 130),
(10295, 'Phạm Văn Hùng', 'Phạm Văn Hùng', 'Nam', '2000-03-07', 'Thái Bình', 131),
(10296, 'Nguyễn Văn Huy', 'Nguyễn Văn Huy', 'Nam', '2000-05-17', 'Bắc Ninh', 132),
(10297, 'Vũ Thị Thu Hương', 'Vũ Thị Thu Hương', 'Nữ', '2000-07-01', 'Thanh Hóa', 133),
(10298, 'Lồ Văn Khang', 'Lồ Văn Khang', 'Nam', '2000-09-24', 'Lào Cai', 134),
(10299, 'Nguyễn Ngọc Khánh', 'Nguyễn Ngọc Khánh', 'Nam', '2000-11-05', 'Hà Tây', 135);

-- --------------------------------------------------------

--
-- Table structure for table `users`
--

CREATE TABLE `users` (
  `ID` int(10) NOT NULL,
  `username` varchar(50) NOT NULL,
  `password` varchar(255) NOT NULL,
  `email` varchar(255) DEFAULT NULL,
  `phonenumber` varchar(20) NOT NULL
) ENGINE=InnoDB DEFAULT CHARSET=utf8mb4;

--
-- Dumping data for table `users`
--

INSERT INTO `users` (`ID`, `username`, `password`, `email`, `phonenumber`) VALUES
(10000, 'Wtdyfl62', 'Ratyaj8772', 'nhokt33a@gmail.com', '0902006206'),
(10001, 'Chywyb07', 'Ralyrt2188', 'hanguyen192@gmail.com', '0902410729'),
(10002, 'Ueyvxt51', 'Vhovbj1099', 'tho_elite@gmail.com', '0902709090'),
(10003, 'Tmqsth51', 'Leyhkl8418', 'thuytrangkt168@gmail.com', '0902772878'),
(10004, 'Znyxzd82', 'Upkbjl9033', 'hothidieukta@gmail.com', '0903000761'),
(10005, 'Vjrhez81', 'Ieeseg4311', 'nhunguyet040595@gmail.com', '0903001435'),
(10006, 'Pjictm31', 'Tygjsr2871', 'huynhlien.bhxh@gmail.com', '0903002734'),
(10007, 'Vsutvz72', 'Hnmjul5183', 'vietht4@fpt.com.vn', '0903004640'),
(10008, 'Ltogsm45', 'Mltpuy9834', 'letuanvn1988@gmail.com', '0903005501'),
(10009, 'Wtntww84', 'Teamik8789', 'phamthiyenazlaw@gmail.com', '0903009877'),
(10010, 'Ctdxxh96', 'Whhhss9708', 'nhap@nhapre.com', '0903010904'),
(10011, 'Soiagv40', 'Tqbhyp2513', 'honghoa0105@gmail.com', '0903011438'),
(10012, 'Vzoecp89', 'Iwhxra2796', 'nguyenthimai.dhtm@gmail.com', '0903013046'),
(10013, 'Hcgndz47', 'Csqkxk5019', 'lethicam2304@gmail.com', '0903013949'),
(10014, 'Kvatpl50', 'Fmbqhr6246', 'lamgiang@unicovina.com', '0903019433'),
(10015, 'Hlikii83', 'Lklopj3486', 'abc@gmail.com', '0903030687'),
(10016, 'Rmnrcx79', 'Jzldvd3105', 'baibang89@gmail.com', '0903030888'),
(10017, 'Rewvhr17', 'Ofzkdl3526', 'tongdasa@gmail.com', '0903031965'),
(10018, 'Gyuiwl22', 'Smmifa4482', 'quyentra081292@gmail.com', '0903034545'),
(10019, 'Nsniwt62', 'Uoncpn8827', 'quocminh211@gmail.com', '0903036096'),
(10020, 'Psilxu09', 'Lbnhxq6954', 'le.ngoc.linh@vnn.vn', '0903039093'),
(10021, 'Zveeea23', 'Frezfw3643', 'giadungaloma@gmail.com', '0903045027'),
(10022, 'Pnjawp59', 'Vteqwe4445', 'ngocptm.kt@gmail.com', '0903056263'),
(10023, 'Zgtlfp63', 'Derocs1594', 'nhansudaithang@gmail.com', '0903100078'),
(10024, 'Lnjhoe70', 'Sdzfpo4265', 'buidangtuyen1994@gmail.com', '0903106882'),
(10025, 'Sektxc39', 'Izdvud7336', 'tuyendung8@jobe.vn', '0903112279'),
(10026, 'Qssuhd96', 'Yyhzen1053', 'photoocpyanthinh@gmail.com', '0903129149'),
(10027, 'Khczmi64', 'Npnwzj3577', 'photocopyanthinh@gmail.com', '0903136489'),
(10028, 'Wbllau18', 'Ogqfyn1134', 'chanhleockt@gmail.com', '0903154814'),
(10029, 'Dfmktf59', 'Qeebeq6384', 'nguyenhthuy297@gmail.com', '0903164885'),
(10030, 'Rffkdb13', 'Jbfpyj2168', 'khoinguonsangtaovn@gmail.com', '0903173514'),
(10031, 'Urwdfi13', 'Sbkyfo4677', 'dinhquang.vvn@gmail.com', '0903189318'),
(10032, 'Bmslvi64', 'Puqswm8018', 'nguyenhien93.hitech@gmail.com', '0903199009'),
(10033, 'Ylwqjr48', 'Dmachv4386', 'dbloan33@gmail.com', '0903199992'),
(10034, 'Uietqx86', 'Hwzmbj9058', 'nguyenbabangviet@gmail.com', '0903207803'),
(10035, 'Kgysae15', 'Brsldg1652', 'hoa11977@gmail.com.c', '0903288727'),
(10036, 'Vqseib19', 'Wbsmth3914', 'trandangkhoa06591@gmail.com.em', '0903302480'),
(10037, 'Abovgk32', 'Pkzefs9176', 'truongnguyenacc@gmail.com', '0903302993'),
(10038, 'Kfujrc68', 'Urnbbn7889', 'bemap142@gmail.com', '0903303578'),
(10039, 'Ohmevb50', 'Bqtaoa3981', 'thaophan1109@gmail.com', '0903304403'),
(10040, 'Xsxyxq36', 'Kwdkbk2501', 'huong.wfc@gmail.com', '0903306363'),
(10041, 'Qcjyhj83', 'Zbyuxx4185', 'vuninh7292@gmail.com', '0903307403'),
(10042, 'Bqbmbf79', 'Nqokry4281', 'yenphanngoc93@gmail.com', '0903308612'),
(10043, 'Zsusbp22', 'Hvsaqg4387', 'hanh.ib1010@gmail.com', '0903311511'),
(10044, 'Ixkauy13', 'Ouxgqf1630', 'thuyngashushi@gmail.com', '0903322137'),
(10045, 'Pykgto16', 'Itbabn8115', 'chudinhxinh@gmail.com', '0903322507'),
(10046, 'Sqczir29', 'Ozcvcv2526', 'kientruc07tn@gmail.com', '0903323744'),
(10047, 'Bwlrft54', 'Umxbkv2630', 'phungthehung84@gmail.com', '0903330054'),
(10048, 'Gkxprt72', 'Qowddu7497', 'lethihuong.mss@gmail.com', '0903330056'),
(10049, 'Aftmpx05', 'Lwkpwv1892', 'nguyenthikimly0411@gmail.com', '0903331021'),
(10050, 'Dqyxxt89', 'Zpuvqo9694', 'nguyenthi189@gmail.com.vn', '0903331999'),
(10051, 'Uhqkqb41', 'Klzlqq6658', 'hoaiduong321@gmail.com', '0903333470'),
(10052, 'Cmtlcw93', 'Flnxzd4391', 'haiantran209@gmail.com', '0903333771'),
(10053, 'Apqyrz39', 'Apstge9396', 'ngocha90cd12k11@gmail.com', '0903335650'),
(10054, 'Jxzabs59', 'Opeaqj2592', 'ketnoiphamhieu@gmail.com', '0903336036'),
(10055, 'Lzwxrf48', 'Vswflo9947', 'kimthuyk8kt1@gmail.com', '0903336868'),
(10056, 'Rfokng98', 'Hsooyf4070', 'nhh205@gmail.com', '0903338188'),
(10057, 'Xgnhmf13', 'Qiwore1769', 'giangiu212@gmail.com', '0903338545'),
(10058, 'Wvkopd49', 'Hhsmye7353', 'lethimyhanh1995@gmail.com', '0903338601'),
(10059, 'Fntjup24', 'Camlxd6034', 'tbhuong1993@gmail.com', '0903339895'),
(10060, 'Tquxhx32', 'Kgiuzv3562', 'phanlananhvn@gmail.com', '0903344350'),
(10061, 'Lesffc15', 'Kfoqgc2307', 'nmngoc.sh@gmail.com', '0903345076'),
(10062, 'Ldgrnr96', 'Vvujop8379', 'hanhung6286@gmail.com', '0903345357'),
(10063, 'Cefhin57', 'Dfslfi6681', 'tuyennguyen2105@gmail.com', '0903347211'),
(10064, 'Vmulcb22', 'Rnsmth3523', 'liennguyen1393@gmail.com', '0903348212'),
(10065, 'Mfdnuw76', 'Gfncrb9923', 'huongvcu@gmail.com', '0903352234'),
(10066, 'Upclbz89', 'Mmxcbi8331', 'phanthilieu888@gmail.com', '0903353868'),
(10067, 'Egvjfe80', 'Kgwtyf3966', 'vuoanh1306@gmail.com', '0903357772'),
(10068, 'Fouxla51', 'Civlmw3230', 'truong.thaoly1988@gmail.com', '0903364222'),
(10069, 'Rvemil31', 'Swiskh5081', 'lienpt1008@gmail.com', '0903368112'),
(10070, 'Bovsww18', 'Amnijp8012', 'letuyen.asenco@gmail.com', '0903375985'),
(10071, 'Bsmiyj67', 'Ttqfym2715', 'sybinhqt@gmail.com', '0903377119'),
(10072, 'Exqpts55', 'Kxivsn1809', 'mytrinh2205@gmail.com', '0903377700'),
(10073, 'Uleivj92', 'Xqblcj3766', 'quachhaitho5000@gmail.com', '0903380808'),
(10074, 'Wnuxno81', 'Fvunvt7155', 'nam.hvtc28@gmail.com', '0903381522'),
(10075, 'Pcgczc24', 'Lqlygx9238', 'bichvuongkt@gmail.com.vn', '0903382279'),
(10076, 'Owgvhu20', 'Tadjoy3410', 'hathuytb@gmail.com', '0903382774'),
(10077, 'Tzrdei57', 'Yzgdif7633', 'hale_anthanh@gmail.com.vn', '0903383030'),
(10078, 'Fxzdit74', 'Czlhvt3440', 'ngocthao6893@gmail.com', '0903387655'),
(10079, 'Vqlkho03', 'Vduliy5133', 'tuananhtd84@gmail.com', '0903388146'),
(10080, 'Nrpqmy12', 'Ccberm8786', 'yenphan11@gmail.com', '0903388158'),
(10081, 'Mqkubq06', 'Sfhokx4863', 'sontc34@gmail.com', '0903388777'),
(10082, 'Cbsqeb27', 'Mfvcrh8441', 'vusangtrang@gmail.com', '0903390557'),
(10083, 'Gscgdl05', 'Keuqqv2169', 'trandainghia250883@gmail.com', '0903390596'),
(10084, 'Naztvl94', 'Mvyate4003', 'ggh_2015@gmail.com', '0903393938'),
(10085, 'Ovdltf25', 'Dnnsvm6492', 'tathinhiem@gmail.com', '0903394489'),
(10086, 'Culgwo59', 'Bdgicv8698', '1c.in.vietnam@gmail.com', '0903395159'),
(10087, 'Bkpxbi10', 'Hllaxy4736', 'ketoangiathanh.vn@gmail.com', '0903398797'),
(10088, 'Rbnyky38', 'Nabesh1948', 'thaodownloadtailieu@gmail.com', '0903399913'),
(10089, 'Mnaxpn28', 'Zvsuas6075', 'zaixom2@gmail.com', '0903402126'),
(10090, 'Fsrnqz77', 'Mztxtd9668', 'dangkhoa.hua@gmail.com', '0903404226'),
(10091, 'Fklejl85', 'Oyzfes9288', 'ntth12.9.1991@gmail.com', '0903439911'),
(10092, 'Fpolfm75', 'Msbfbp1773', 'tamnv2209@gmail.com', '0903444169'),
(10093, 'Ssaoub16', 'Boehms5454', 'hoangmaihuong91@gmail.com', '0903448628'),
(10094, 'Beoovo30', 'Tzpquw8996', 'diepns@gmail.com', '0903502148'),
(10095, 'Ceovlt81', 'Fgyehq1373', 'nguyentrangtb86@gmail.com', '0903521458'),
(10096, 'Fqzskv38', 'Xcigci7520', 'huynhchau5987@gmail.com', '0903554355'),
(10097, 'Pdtiyy94', 'Shcrsh1181', 'tranthuhien2606@gmail.com', '0903554442'),
(10098, 'Gkdoxt57', 'Zuqalh6297', 'jennyitcnguyen@gmail.com', '0903609823'),
(10099, 'Uimdta80', 'Dmvbdq8468', 'toan.ngo88@gmail.com', '0903612133'),
(10100, 'Tyeiba20', 'Bncvwy8848', 'ngohuyen.fighting@gmail.com', '0903615761'),
(10101, 'Ymlect13', 'Xlsozl1769', 'tranmaitrinh81@gmail.com', '0903618203'),
(10102, 'Btkmso19', 'Sxrrwc6487', 'ngannguyenulis@gmail.com', '0903619308'),
(10103, 'Qhczti24', 'Unilul9687', 'buiphuong3105@gmail.com', '0903620220'),
(10104, 'Azlnwd27', 'Jacneh1060', 'tuan.tran@vinatas.com.vn', '0903620831'),
(10105, 'Gickso84', 'Zieryi7380', 'tuan.tran@vinataxcorp.com', '0903622717'),
(10106, 'Ieitvv06', 'Lquhaz6693', 'tuantvm@gmail.com', '0903622844'),
(10107, 'Vboxhx96', 'Fwdqru7749', 'quanphung_trat@ymail.com', '0903624047'),
(10108, 'Zhxhkg40', 'Lebgxr6513', 'nguyentanlanh@gmail.com', '0903624811'),
(10109, 'Yyerlm77', 'Vplcbj6884', 'ngoducminh17@gmail.com', '0903624920'),
(10110, 'Ngbood45', 'Nsfnrp1755', 'tr_hang@stvn.vn', '0903624992'),
(10111, 'Mpgqba87', 'Cqxntj7131', 'phuongmai062@gmail.com', '0903626960'),
(10112, 'Btfmiz50', 'Kmjgei5943', 'minhxuyen88@gmail.com', '0903627299'),
(10113, 'Azgaga34', 'Krites9352', 'trainee_cupid.kent@gmail.com', '0903633544'),
(10114, 'Ffqbsj10', 'Rwylpl1527', 'duoc.t.dang@dalatresorts.com', '0903641149'),
(10115, 'Txluni80', 'Sqssqe4326', 'chitai@cavn.vn', '0903641737'),
(10116, 'Ckyoeu59', 'Hqsifq2302', 'd_xd2@hotmail.com', '0903646554'),
(10117, 'Xibzbf67', 'Kotqdk9046', 'chukyso24@gmail.com', '0903646893'),
(10118, 'Tcqdzg43', 'Temqcs5376', 'rosemallowquangnam@gmail.com', '0903648461'),
(10119, 'Fyqrxc20', 'Qxcyma4366', 'giaiphapthue.vat@gmail.com', '0903652320'),
(10120, 'Whvzcu07', 'Vxlfzx5373', 'hienvivn@gmail.com.th', '0903653468'),
(10121, 'Kqqnfl28', 'Kxdbgi7793', 'huyle.vpa@gmail.com', '0903654225'),
(10122, 'Aomefl47', 'Vomcly5630', 'ktdn.dtsof@gmail.com', '0903656851'),
(10123, 'Viopkg01', 'Xyatqh9440', 'ktdn.dtsoft@gmail.com', '0903658505'),
(10124, 'Gvpsza43', 'Vzprjh9648', 'gargamel3101@gmail.com', '0903659496'),
(10125, 'Goakmb99', 'Rqhhkz3314', 'gargamrel3101@gmail.com', '0903662046'),
(10126, 'Unnilm11', 'Ctyslp5115', 'phiyen_hcp@gmail.com.vn', '0903663363'),
(10127, 'Qnjgye60', 'Ybegit6385', 'hoangthao10021990@gmail.com', '0903664410'),
(10128, 'Jazuwl28', 'Blimii5812', 'tuantran@clevercfo.com', '0903664469'),
(10129, 'Kutrgt36', 'Cpzikx6595', 'muatuyetroi_vt@gmail.com', '0903666057'),
(10130, 'Wjtqro54', 'Yalemq4483', 'tuvanthue68@gmail.com', '0903666144'),
(10131, 'Eiykty23', 'Vmovso3145', 'hanhmt@ckca.vn', '0903666217'),
(10132, 'Gjrnpr39', 'Yagmcv5619', 'nguyenngocchi37@gmail.com', '0903673480'),
(10133, 'Fudozr85', 'Lsusts9756', 'timeshuong@gmail.com', '0903675187'),
(10134, 'Ydmyeq31', 'Xvwzpv5572', 'yenmac90@gmail.com', '0903676097'),
(10135, 'Sjmwpw14', 'Ausfou3981', 'nguyenquy.bj@gmail.com', '0903677114'),
(10136, 'Ltyrnt25', 'Yobcgm6947', 'tran_ngoc1171@gmail.com.vn', '0903678331'),
(10137, 'Ghiluf55', 'Itcjpr9077', 'hoanguyen0601@gmail.com', '0903679863'),
(10138, 'Liqoaa87', 'Vaoznc8802', 'luongthitu2002@gmail.com.......th', '0903679880'),
(10139, 'Fanqae41', 'Sichce9183', 'daotrankhanh_1@gmail.com', '0903679959'),
(10140, 'Gohxuc44', 'Mjmbfd5474', 'hamaitanphat@gmail.com', '0903679989'),
(10141, 'Rrzilr23', 'Dtuwrp2891', 'thiendinh71@gmail.com.vn', '0903680550'),
(10142, 'Ojvlty89', 'Ugvrgk7372', 'nhatlinhbg@gmail.com', '0903681750'),
(10143, 'Apxhtb54', 'Zxemgq2407', 'dinhhaktdn@gmail.com', '0903683231'),
(10144, 'Qelpqy08', 'Fskdgu4601', 'congtychutiendat@gmail.com', '0903684037'),
(10145, 'Yuubnr44', 'Cmwgsr5957', 'dung.ho@shdvietnam.com', '0903685239'),
(10146, 'Vcbqkk96', 'Wltymf8907', 'contact@ketoanhongtrang.vn', '0903691472'),
(10147, 'Itguvu06', 'Nkrgiw5456', 'chungtran076@gmail.com', '0903691885'),
(10148, 'Hvluxt87', 'Wszogr8081', 'hoainam2q@gmail.com', '0903692980'),
(10149, 'Nysrvb94', 'Vvkqky1658', 'hgoodmuch@gmail.com', '0903693224'),
(10150, 'Otostn80', 'Asupvs2212', 'hoangthanhhangconic@gmail.com', '0903695409'),
(10151, 'Lzqihi44', 'Otjoab6334', 'giacquanthusau_9999@gmail.com.vn', '0903697687'),
(10152, 'Uhcmea59', 'Tyaknx2211', 'lantk85@gmail.com', '0903700148'),
(10153, 'Adcucb41', 'Jznopk2955', 'huuhoadhcl@gmail.com', '0903700289'),
(10154, 'Zstytu71', 'Lhpbvj9836', 'lucky_day_18@gmail.com', '0903700776'),
(10155, 'Primuz05', 'Vugyqq8813', 'hoa5789@gmail.com', '0903700914'),
(10156, 'Dgubom83', 'Ovahhe9431', 'fambichha@gmail.com', '0903701177'),
(10157, 'Oqeqyo24', 'Qqhjyy4456', 'thuyduong231995@gmail.com', '0903701431'),
(10158, 'Ejqcjv81', 'Clrutm8336', 'tranxuanmai88@gmail.com', '0903701713'),
(10159, 'Xfbuwl06', 'Khnqbk8462', 'tranthingocnhu2909@gmail.com', '0903701754'),
(10160, 'Qricge93', 'Lkfnee8773', 'thanhdanpt700@gmail.com', '0903702421'),
(10161, 'Gtyxxu90', 'Nhrdkp3222', 'chuyenthuylien@gmail.com', '0903702559'),
(10162, 'Ozialj84', 'Wjtqlf6393', 'doanvanphudhcl@gmail.com', '0903702671'),
(10163, 'Mgfhaw10', 'Qhkdzs9139', 'vankhoi29k@gmail.com', '0903702760'),
(10164, 'Uqciec63', 'Wojijq4789', 'phamha979090@gmail.com', '0903703463'),
(10165, 'Crbgcc79', 'Fudlxw5060', 'ngocbich94z@gmail.com', '0903703529'),
(10166, 'Nhyebe90', 'Xyfrmz2270', 'ngotuvien@gmail.com', '0903703962'),
(10167, 'Amunnp43', 'Sllisu4397', 'thoang3nam@gmail.com', '0903704497'),
(10168, 'Pbryqb88', 'Jebjbd3368', 'dieuqt81@gmail.com', '0903704759'),
(10169, 'Cacppe33', 'Xikboz5996', 'ktkthuong87@gmail.com', '0903704902'),
(10170, 'Kwnpzt03', 'Wunjji2586', 'hongngoc10041991@gmail.com', '0903704925'),
(10171, 'Jlxrxs07', 'Hmkcju5973', 'ptxmducnhung@gmail.com', '0903704975'),
(10172, 'Ddfbtq48', 'Rarena1207', 'kimnga1412@gmail.com', '0903705779'),
(10173, 'Ncdhsg17', 'Kohbfo3435', 'tranxuanmai88@gmail.com.ec', '0903706883'),
(10174, 'Lapvjv91', 'Ixbyzz9886', 'co_be_ko_tim@gmail.com.vn', '0903707050'),
(10175, 'Psfbjb48', 'Ixhata4639', 'huonglien001@gmail.com', '0903707324'),
(10176, 'Hqvkml23', 'Neeivs1686', 'mozartnht@gmail.com', '0903707428'),
(10177, 'Ovkvuu57', 'Muvyiu4154', 'tanvle2804@gmail.com', '0903707839'),
(10178, 'Jwkptj39', 'Knwgxe2152', 'vnvananhnguyen91@gmail.com', '0903707919'),
(10179, 'Ffbvrm26', 'Jivzaw7148', 'vuthuhang1811@gmail.com', '0903709257'),
(10180, 'Sphinv33', 'Mecohh1452', 'tran780@gmail.com.vn', '0903709278'),
(10181, 'Cqjkzl50', 'Rppgei8761', 'sallomon2008@gmail.com', '0903709346'),
(10182, 'Xtabir49', 'Nczlmm1125', 'ngocphuong2908@gmail.com', '0903710503'),
(10183, 'Mahuej39', 'Hxgygx7788', 'bichphuongnshd@gmail.com', '0903710704'),
(10184, 'Gkxfal67', 'Kvtyjq2158', 'nguyennhu991994@gmail.com.e<', '0903711543'),
(10185, 'Tuyiry46', 'Pnqqsz1591', 'ngohuyen546@gmail.com', '0903712271'),
(10186, 'Vphzmw35', 'Xeneru7116', 'minhnguyet0294@gmail.com', '0903712737'),
(10187, 'Jabsce68', 'Rmbwea4162', 'ducly79@gmail.com', '0903713054'),
(10188, 'Ixxuqn77', 'Zegool3575', 'thoank@clevercfo.com', '0903713472'),
(10189, 'Lyawoq34', 'Dbserk7195', 'datnguyen11@gmail.com', '0903713714'),
(10190, 'Wzeujo04', 'Zozsly8943', 'nguyen_duong278@gmail.com.vn', '0903714111'),
(10191, 'Egyrbs44', 'Syogau9337', 'habui1202@gmail.com', '0903715395'),
(10192, 'Rvpwbz66', 'Ysrati5599', 'lananh_162083@gmail.com.vn', '0903716111'),
(10193, 'Pugjtz07', 'Egfwfl1571', 'phamnamphuong.rb@gmail.com', '0903716589'),
(10194, 'Kzfvbr96', 'Jbgywd9586', 'nguyenuyen88vnvn@gmail.com', '0903717117'),
(10195, 'Bcjvbe57', 'Nfshfy4274', 'thithi1586@gmail.com', '0903717127'),
(10196, 'Pmimpb53', 'Qyvbkf8657', 'zendalovegood@gmail.com...ka', '0903717208'),
(10197, 'Idymfn77', 'Ibpvva4183', 'danghuongvt@gmail.com', '0903717459'),
(10198, 'Vspbts61', 'Opxoye4318', 'hatran300909@gmail.com', '0903721164'),
(10199, 'Iddggq63', 'Llasmt5634', 'nguyenhanh.econano.vn@gmail.com', '0903722040'),
(10200, 'Xwebyd68', 'Veeuea7491', 'yennhattrang@gmail.com', '0903722094'),
(10201, 'Jhlvlv49', 'Ikllqu9500', 'myphamlioele2013@gmail.com', '0903722147'),
(10202, 'Qsxyec16', 'Kfgmbz9230', 'tuanvudaklak@gmail.com', '0903722207'),
(10203, 'Fwmflv65', 'Zcogoj3562', 'hungyb90@gmail.com', '0903722263'),
(10204, 'Tqlxhs99', 'Vgklgd4477', 'mypvh169@gmail.com', '0903722291'),
(10205, 'Jgoqla85', 'Gequzj1345', 'hoangoclan1088h@gmail.com', '0903722380'),
(10206, 'Mzsoka34', 'Haervj6376', 'datnguyen11@gmail.comchominhxinfilenayluonnha.em', '0903723518'),
(10207, 'Ryanoc24', 'Fuxwez8892', 'nguyenhuyen89.kt@gmail.com', '0903723725'),
(10208, 'Etvyur16', 'Hqbglt8296', 'luotvu89@gmail.com', '0903723931'),
(10209, 'Oujzug25', 'Lwnlgo5751', 'thisam1308@gmail.com', '0903724347'),
(10210, 'Puyawb52', 'Hwxgsd1146', 'lienpham142@gmail.com', '0903724397'),
(10211, 'Wlghmr26', 'Ktcghr3406', 'tieuthuy2110@gmail.com', '0903725487'),
(10212, 'Gagtfa92', 'Spwfnc3130', 'ntlai.blpn@gmail.com', '0903725683'),
(10213, 'Nkezeq59', 'Vwmswv4231', 'udutran.0972425875@gmail.com', '0903726785'),
(10214, 'Kgvxmp66', 'Wokdjk8978', 'lamnga112@gmail.com', '0903727330'),
(10215, 'Jrdvcb68', 'Pjbxlm1335', 'tuthihoa52@gmail.com.vn', '0903728459'),
(10216, 'Hesvpj99', 'Juopmi8434', 'trymybest0106@gmail.com', '0903728666'),
(10217, 'Hiulaj59', 'Nagxqv8492', 'habui1990hn@gmail.com', '0903728871'),
(10218, 'Osykgf06', 'Aiiawr7051', 'kimphinguyen@gmail.com', '0903728941'),
(10219, 'Bzxvpx82', 'Jsxmxr4137', 'thuytien9219@gmail.com', '0903729111'),
(10220, 'Kysznh50', 'Idrkod5838', 'trungdung1188@gmail.com', '0903729134'),
(10221, 'Ulaoky96', 'Xphuwx6508', 'ga_info@nidec-tosok.com.vn', '0903729595'),
(10222, 'Vtlgyf07', 'Tdbaji9326', 'vananh_sv@gmail.com', '0903731186'),
(10223, 'Zskvbx70', 'Zodvse1847', 'loanduongvu@gmail.com', '0903731828'),
(10224, 'Grfenj24', 'Zrlboz1818', 'phanhquyen@gmail.com', '0903732095'),
(10225, 'Ermcha23', 'Tkqcdj6670', 'anhntl6@msb.com.vn', '0903733650'),
(10226, 'Sctcep60', 'Kqhodh9011', 'dohagl86@gmail.com.th', '0903733755'),
(10227, 'Lzgucx40', 'Qkcnwp1833', 'thutam1811@gmail.com', '0903734457'),
(10228, 'Bvzomx53', 'Gqcsft4485', 'caoben3010@gmail.com', '0903734545'),
(10229, 'Zgmovy29', 'Ghqxdh6340', 'cuong181089@gmail.com', '0903735522'),
(10230, 'Zbhhlk48', 'Lzikpr3424', 'dinhthanhtrang92tn@gmail.com', '0903736273'),
(10231, 'Vzpgfr85', 'Sdobxl6720', 'hangthuydao09@gmail.com', '0903736754'),
(10232, 'Yexntq89', 'Xhtxap2071', 'havy0208@gmail.com', '0903737500'),
(10233, 'Wvlxhe91', 'Rluvtk4562', 'thanh0967825925@gmail.com', '0903737859'),
(10234, 'Ryopxx72', 'Vfzzjn7152', 'thutran.kt82@gmail.com', '0903739174'),
(10235, 'Vzxhsk58', 'Gdmuxq7490', 'honglucbinh@gmail.com', '0903739341'),
(10236, 'Htslcv99', 'Rrzygl5622', 'nguyengiabaolong@gmail.com', '0903739702'),
(10237, 'Hdfgpl34', 'Xhpunq5038', 'thai_trinh080412@gmail.com.vn', '0903739783'),
(10238, 'Dfmiui80', 'Hrialf4461', 'octobushm@gmail.com', '0903740171'),
(10239, 'Wlfbpt11', 'Iqyjcm9368', 'diemthuyulsa@gmail.com', '0903740327'),
(10240, 'Rkygcm38', 'Cfhrca2822', 'trang.nguyen@mytalents.com.vn', '0903740796'),
(10241, 'Tpbzxj35', 'Cxquzy7578', 'huongshop195@gmail.com', '0903742626'),
(10242, 'Jczvsx15', 'Tjgamb2048', 'pqhung091965@gmail.com', '0903744174'),
(10243, 'Xoilgc76', 'Vquynr2048', 'pqhung0919652@gmail.com', '0903744860'),
(10244, 'Wobovz14', 'Yjeyjl1963', 'giapthihienanh@gmail.com', '0903745820'),
(10245, 'Xijaum61', 'Mbgmmu3242', 'khanhi.xinh@gmail.com.vn', '0903746077'),
(10246, 'Wjuyru48', 'Lvpugi7445', 'dungpk@davilaw.vn', '0903746208'),
(10247, 'Gqraiz66', 'Mgorqr9097', 'huongduong291@gmail.com', '0903746699'),
(10248, 'Abasrt18', 'Wqdvxl9720', 'duyennd.@gmail.com', '0903748696'),
(10249, 'Nrejzb24', 'Qphjvq6224', 'mamamia_0991@gmail.com', '0903749370'),
(10250, 'Kpmaqv58', 'Btfzbn1741', 'tuvan3.bbcenglishcenter@gmail.com.c', '0903750240'),
(10251, 'Ydbiiy21', 'Yircva4002', 'thamketoan85@gmail.com', '0903751599'),
(10252, 'Gnwojn00', 'Hbukdx7630', 'thanhhang910@gmail.com.m<', '0903752277'),
(10253, 'Uhoaht10', 'Bckrjg3202', 'cobe_dethuong_dn1402@gmail.com', '0903752736'),
(10254, 'Detzgv52', 'Ueecuv5657', 'huongkt206@gmail.com', '0903753497'),
(10255, 'Awsazh36', 'Lgcpxg2304', 'ngtho2@gmail.com', '0903754320'),
(10256, 'Jorymk75', 'Eldvun5036', 'thainguyen1119@gmail.com.m', '0903754925'),
(10257, 'Yhkyua94', 'Jpuydp8393', 'thanhhhungttd08@gmail.com', '0903755258'),
(10258, 'Zfdqyv43', 'Qjsjfc2588', 'nhuhuynhkt@gmail.com.vn', '0903755420'),
(10259, 'Kdvwbq62', 'Awtauk5583', 'phamthidonggl@gmail.com', '0903755506'),
(10260, 'Xrvwan98', 'Jxyreh5657', 'thuy2909_0608@gmail.comnha.m', '0903755629'),
(10261, 'Ecikfb94', 'Wzaocl9936', 'tini_beauty@gmail.com.mÃ', '0903755807'),
(10262, 'Masmzc93', 'Lpmazy4755', 'nhamnhung@gmail.com.em', '0903755901'),
(10263, 'Rsenma57', 'Btiewj5698', 'ybishopxinh@gmail.com.em', '0903758018'),
(10264, 'Mcjreu99', 'Hknmnd5014', 'thutranhbmc2008@gmail.com', '0903758757'),
(10265, 'Oqcltv86', 'Qrtarp1402', 'hodungkt2@gmail.com', '0903758768'),
(10266, 'Lrdibl17', 'Zlwpkv3390', 'leha.26891@gmail.com', '0903759795'),
(10267, 'Olutpx63', 'Ybpawi3732', 'long104606@student.ctu.edu.vn', '0903760489'),
(10268, 'Edsnpb13', 'Nxaobs9525', 'phamtrang.pttt@gmail.com', '0903763418'),
(10269, 'Lzzwvo06', 'Pskfth8315', 'nhuquynh16790@gmail.com', '0903764343'),
(10270, 'Drdqaf19', 'Dbgakx9600', 'nhithanhle@gmail.com', '0903768234'),
(10271, 'Zmlvre72', 'Xkcpyy1396', 'tumykambingkecil@gmail.com', '0903769602'),
(10272, 'Kkpeqf68', 'Knpnce3336', 'cucnt.photonics@gmail.com', '0903776911'),
(10273, 'Dbqehe46', 'Lqxszl6444', 'tranhaiha23391@gmail.com', '0903782579'),
(10274, 'Vfutxv28', 'Lbrhpj6495', 'phuong889092@gmail.com', '0903783076'),
(10275, 'Gvphud58', 'Ugvmwo3358', 'nga.nth710@gmail.com', '0903786772'),
(10276, 'Wrjzaw82', 'Covfwq1723', 'ngoclan@samland.com.vn', '0903788545'),
(10277, 'Nrzxxj78', 'Tylcod3365', 'duonghonganh123@gmail.com', '0903800272'),
(10278, 'Hkqpdg05', 'Ukhjxt6122', 'duongthanhcuong200193@gmail.com', '0903800572'),
(10279, 'Mpmuxe90', 'Qrhlqj2019', 'loiktkt@gmail.com', '0903801194'),
(10280, 'Xufeqd68', 'Clykxl1349', 'lanphuongn21@gmail.com', '0903801200'),
(10281, 'Lrodck64', 'Ikxxtr3383', 'mungvu4991@gmail.com', '0903801358'),
(10282, 'Uxpnyh73', 'Uzhnfq6824', 'thaonguyen.lion@gmail.com', '0903801375'),
(10283, 'Kjpkzm84', 'Wipizr7594', 'thuykt1511@gmail.com', '0903801493'),
(10284, 'Xybhwq39', 'Ihozmc9611', 'thutrangkthvtc@gmail.com', '0903801582'),
(10285, 'Trzkrv69', 'Dulsbf6332', 'lenavy87@gmail.com.th', '0903801771'),
(10286, 'Bshkee72', 'Xqcuoi7817', '.lenavy87@gmail.com', '0903802569'),
(10287, 'Fwbwvy06', 'Ckqghl4118', 'moon.lybaongoc@gmail.com', '0903802771'),
(10288, 'Exjxpu05', 'Wfsjxu3941', 'n2ngoc@gmail.com', '0903802996'),
(10289, 'Aqstft63', 'Oehozq1032', 'miss.hoanhaitrang@gmail.com', '0903803050'),
(10290, 'Yepckq03', 'Yxusqa8036', 'thanhvan412@gmail.com', '0903803139'),
(10291, 'Wvxmon36', 'Hnyzuq3052', 'tamnt1710@gmail.com', '0903803248'),
(10292, 'Yzmsdk29', 'Kfwydw5088', 'huutuyenamway@gmail.com', '0903803424'),
(10293, 'Kyawhz08', 'Cctgla4299', 'thuluyen_kt@gmail.com.b', '0903803437'),
(10294, 'Xlpywa24', 'Moltzk4674', 'thienthandianguc_dt@gmail.com', '0903803507'),
(10295, 'Kcuwzm59', 'Jkwgoq5555', 'thutrang7193@gmail.com', '0903803515'),
(10296, 'Ovwszk91', 'Wdolav6192', 'dinhvandinh123@gmail.com', '0903803596'),
(10297, 'Pqjwiw37', 'Tpclwa8370', 'viettamduc.truyenthong3@gmail.com', '0903803831'),
(10298, 'Valtgq05', 'Wbdwcd8251', 'tranmailan2010@gmail.com', '0903804221'),
(10299, 'Wbtgpm10', 'Ohgblo4292', 'vuongha111993@gmail.com', '0903804354');

--
-- Indexes for dumped tables
--

--
-- Indexes for table `discountproduct`
--
ALTER TABLE `discountproduct`
  ADD PRIMARY KEY (`discountID`),
  ADD KEY `discountProduct_ibfk_1` (`productCode`);

--
-- Indexes for table `employees`
--
ALTER TABLE `employees`
  ADD PRIMARY KEY (`employeeNumber`);

--
-- Indexes for table `orderproducts`
--
ALTER TABLE `orderproducts`
  ADD PRIMARY KEY (`orderNumber`),
  ADD KEY `fk1_orderproducts` (`ID`);

--
-- Indexes for table `orderservices`
--
ALTER TABLE `orderservices`
  ADD PRIMARY KEY (`orderNumber`),
  ADD KEY `fk1_orderservices` (`ID`),
  ADD KEY `fk2_orderservices` (`serviceID`);

--
-- Indexes for table `product`
--
ALTER TABLE `product`
  ADD PRIMARY KEY (`productCode`);

--
-- Indexes for table `productinvoice`
--
ALTER TABLE `productinvoice`
  ADD PRIMARY KEY (`orderNumber`) USING BTREE,
  ADD KEY `productCode` (`productCode`);

--
-- Indexes for table `services`
--
ALTER TABLE `services`
  ADD PRIMARY KEY (`serviceID`);

--
-- Indexes for table `userdetails`
--
ALTER TABLE `userdetails`
  ADD PRIMARY KEY (`ID`);

--
-- Indexes for table `users`
--
ALTER TABLE `users`
  ADD PRIMARY KEY (`ID`);

--
-- AUTO_INCREMENT for dumped tables
--

--
-- AUTO_INCREMENT for table `discountproduct`
--
ALTER TABLE `discountproduct`
  MODIFY `discountID` int(11) NOT NULL AUTO_INCREMENT, AUTO_INCREMENT=104;

--
-- AUTO_INCREMENT for table `employees`
--
ALTER TABLE `employees`
  MODIFY `employeeNumber` int(10) NOT NULL AUTO_INCREMENT, AUTO_INCREMENT=151;

--
-- AUTO_INCREMENT for table `orderproducts`
--
ALTER TABLE `orderproducts`
  MODIFY `orderNumber` int(10) NOT NULL AUTO_INCREMENT, AUTO_INCREMENT=1339;

--
-- AUTO_INCREMENT for table `orderservices`
--
ALTER TABLE `orderservices`
  MODIFY `orderNumber` int(11) NOT NULL AUTO_INCREMENT, AUTO_INCREMENT=100300;

--
-- AUTO_INCREMENT for table `product`
--
ALTER TABLE `product`
  MODIFY `productCode` int(10) NOT NULL AUTO_INCREMENT, AUTO_INCREMENT=10315;

--
-- AUTO_INCREMENT for table `productinvoice`
--
ALTER TABLE `productinvoice`
  MODIFY `orderNumber` int(11) NOT NULL AUTO_INCREMENT, AUTO_INCREMENT=1339;

--
-- AUTO_INCREMENT for table `services`
--
ALTER TABLE `services`
  MODIFY `serviceID` int(10) NOT NULL AUTO_INCREMENT, AUTO_INCREMENT=2018;

--
-- AUTO_INCREMENT for table `users`
--
ALTER TABLE `users`
  MODIFY `ID` int(10) NOT NULL AUTO_INCREMENT, AUTO_INCREMENT=10300;

--
-- Constraints for dumped tables
--

--
-- Constraints for table `discountproduct`
--
ALTER TABLE `discountproduct`
  ADD CONSTRAINT `discountProduct_ibfk_1` FOREIGN KEY (`productCode`) REFERENCES `product` (`productCode`) ON UPDATE CASCADE;

--
-- Constraints for table `orderproducts`
--
ALTER TABLE `orderproducts`
  ADD CONSTRAINT `fk1_orderproducts` FOREIGN KEY (`ID`) REFERENCES `users` (`ID`) ON DELETE CASCADE ON UPDATE CASCADE;

--
-- Constraints for table `orderservices`
--
ALTER TABLE `orderservices`
  ADD CONSTRAINT `fk1_orderservices` FOREIGN KEY (`ID`) REFERENCES `users` (`ID`) ON DELETE CASCADE ON UPDATE CASCADE,
  ADD CONSTRAINT `fk2_orderservices` FOREIGN KEY (`serviceID`) REFERENCES `services` (`serviceID`) ON DELETE CASCADE ON UPDATE CASCADE;

--
-- Constraints for table `productinvoice`
--
ALTER TABLE `productinvoice`
  ADD CONSTRAINT `fk1_productinvoice` FOREIGN KEY (`orderNumber`) REFERENCES `orderproducts` (`orderNumber`) ON DELETE CASCADE ON UPDATE CASCADE,
  ADD CONSTRAINT `fk2_productinvoice` FOREIGN KEY (`productCode`) REFERENCES `product` (`productCode`) ON DELETE CASCADE ON UPDATE CASCADE;

--
-- Constraints for table `userdetails`
--
ALTER TABLE `userdetails`
  ADD CONSTRAINT `fk1_userdetails` FOREIGN KEY (`ID`) REFERENCES `users` (`ID`) ON DELETE CASCADE ON UPDATE CASCADE;
COMMIT;

/*!40101 SET CHARACTER_SET_CLIENT=@OLD_CHARACTER_SET_CLIENT */;
/*!40101 SET CHARACTER_SET_RESULTS=@OLD_CHARACTER_SET_RESULTS */;
/*!40101 SET COLLATION_CONNECTION=@OLD_COLLATION_CONNECTION */;
