-- phpMyAdmin SQL Dump
-- version 5.0.1
-- https://www.phpmyadmin.net/
--
-- Máy chủ: 127.0.0.1
-- Thời gian đã tạo: Th4 15, 2020 lúc 06:17 PM
-- Phiên bản máy phục vụ: 10.4.11-MariaDB
-- Phiên bản PHP: 7.2.28

SET SQL_MODE = "NO_AUTO_VALUE_ON_ZERO";
SET AUTOCOMMIT = 0;
START TRANSACTION;
SET time_zone = "+00:00";


/*!40101 SET @OLD_CHARACTER_SET_CLIENT=@@CHARACTER_SET_CLIENT */;
/*!40101 SET @OLD_CHARACTER_SET_RESULTS=@@CHARACTER_SET_RESULTS */;
/*!40101 SET @OLD_COLLATION_CONNECTION=@@COLLATION_CONNECTION */;
/*!40101 SET NAMES utf8mb4 */;

--
-- Cơ sở dữ liệu: `petty`
--

-- --------------------------------------------------------

--
-- Cấu trúc bảng cho bảng `customers`
--

CREATE TABLE `customers` (
  `customerNumber` int(10) NOT NULL,
  `customerName` varchar(30) NOT NULL,
  `address` varchar(20) NOT NULL,
  `phoneNumber` varchar(11) NOT NULL,
  `cardNumber` int(20) DEFAULT NULL,
  `severEmployeeNumber` int(10) DEFAULT NULL
) ENGINE=InnoDB DEFAULT CHARSET=utf8mb4;

--
-- Đang đổ dữ liệu cho bảng `customers`
--

INSERT INTO `customers` (`customerNumber`, `customerName`, `address`, `phoneNumber`, `cardNumber`, `severEmployeeNumber`) VALUES
(10000, 'Trần Đức Anh', 'Nghệ An', '0372265100', 2147483647, 100),
(10001, 'Vũ Duy Ánh', 'Nam Định', '0372265102', 2147483647, 101),
(10002, 'Nguyễn Phương Bắc', 'Bắc Giang', '0372265104', 2147483647, 102),
(10003, 'Nguyễn Thành Công', 'Bắc Ninh', '0372265106', 2147483647, 103),
(10004, 'Vũ Tiến Dũng', 'Hà Nội', '0372265108', 2147483647, 104),
(10005, 'Phạm Văn Duy', 'Hải Dương', '0372265110', 2147483647, 105),
(10006, 'Trần Quang Đạt', 'Hà Tây', '0372265112', 2147483647, 106),
(10007, 'Nguyễn Tuấn Đức', 'Hưng Yên', '0372265114', 2147483647, 107),
(10008, 'Nguyễn Văn Đức', 'Bắc Giang', '0372265116', 2147483647, NULL),
(10009, 'Nguyễn Văn Hà', 'Nghệ An', '0372265118', 2147483647, 109),
(10010, 'Trương Ngọc Hải', 'Hà Nam', '0372265120', 2147483647, 110),
(10011, 'Nguyễn Văn Hiệu', 'Bắc Giang', '0372265122', 2147483647, 111),
(10012, 'Trịnh Minh Hoàng', 'Hà Nội', '0372265124', 2147483647, 112),
(10013, 'Trần Công Mạnh Hùng', 'Nghệ An', '0372265126', 2147483647, 113),
(10014, 'Lê Đình Huy', 'Thanh Hóa', '0372265128', 2147483647, 114),
(10015, 'Trần Đăng Huy', 'Hà Nam', '0372265130', 2147483647, NULL),
(10016, 'Đàm Tuấn Khanh', 'Hà Nội', '0372265132', 2147483647, 116),
(10017, 'Nguyễn Đức Khánh', 'Hưng Yên', '0372265134', 2147483647, 117),
(10018, 'Chu Đình Khởi', 'Hải Dương', '0372265136', 2147483647, 118),
(10019, 'Lê Ngọc Linh', 'Vĩnh Phúc', '0372265138', 2147483647, 119),
(10020, 'Lê Ngọc Long', 'Hà Nội', '0372265140', 2147483647, 120),
(10021, 'Nghiêm Hoàng Long', 'Hà Nội', '0372265142', 2147483647, 121),
(10022, 'Trần Thị Ngọc Ly', 'Hà Nội', '0372265144', 2147483647, NULL),
(10023, 'Bùi Xuân Mạnh', 'Bắc Giang', '0372265146', 2147483647, 123),
(10024, 'Lương Thị Na', 'Thái Bình', '0372265148', 2147483647, 124),
(10025, 'Nguyễn Thị Nguyệt', 'Bắc Ninh', '0372265150', 2147483647, 125),
(10026, 'Đỗ Lê Hồng Nhung', 'Hà Nội', '0372265152', 2147483647, 126),
(10027, 'Trần Lệ Quỳnh', 'Quảng Ninh', '0372265154', 2147483647, NULL),
(10028, 'Nguyễn Đặng Thái Sơn', 'Hải Phòng', '0372265156', 2147483647, 128),
(10029, 'Nguyễn Văn Thanh', 'Bắc Giang', '0372265158', 2147483647, 129),
(10030, 'Nguyễn Trí Thành', 'Hải Dương', '0372265160', 2147483647, 130),
(10031, 'Tạ Đức Thịnh', 'Bắc Giang', '0372265162', 2147483647, 131),
(10032, 'Ngô Trung Thực', 'Thái Bình', '0372265164', 2147483647, 132),
(10033, 'Nguyễn Thị Thủy Tiên', 'Thái Bình', '0372265166', 2147483647, 133),
(10034, 'Lê Văn Tiến', 'Hải Phòng', '0372265168', 2147483647, 134),
(10035, 'Lê Anh Tuấn', 'Ninh Bình', '0372265170', 2147483647, 135),
(10036, 'Trần Tuấn Anh', 'Bắc Ninh', '0372265172', 2147483647, 136),
(10037, 'Lê Minh Bình', 'Sơn La', '0372265174', 2147483647, 137),
(10038, 'Lê Hữu Chung', 'Hưng Yên', '0372265176', 2147483647, 138),
(10039, 'Nguyễn Mạnh Dũng', 'Lào Cai', '0372265178', 2147483647, 139),
(10040, 'Nguyễn Tất Đạt', 'Hải Phòng', '0372265180', 2147483647, NULL),
(10041, 'Vũ Thành Đạt', 'Nam Định', '0372265182', 2147483647, 141),
(10042, 'Nguyễn Minh Đức', 'Hà Nội', '0372265184', 2147483647, 142),
(10043, 'Lê Bằng Giang', 'Hòa Bình', '0372265186', 2147483647, 143),
(10044, 'Nguyễn Trường Giang', 'Hòa Bình', '0372265188', 2147483647, 144),
(10045, 'Phạm Trường Giang', 'Hà Nội', '0372265190', 2147483647, 145),
(10046, 'Nguyễn Phúc Hải', 'Hưng Yên', '0372265192', 2147483647, 146),
(10047, 'Võ Thanh Hải', 'Hà Tĩnh', '0372265194', 2147483647, 147),
(10048, 'Nguyễn Thị Bích Hằng', 'Bắc Ninh', '0372265196', 2147483647, 148),
(10049, 'Nguyễn Xuân Hiếu', 'Hòa Bình', '0372265198', 2147483647, NULL),
(10050, 'Phạm Văn Hiếu', 'Bắc Ninh', '0372265200', 2147483647, 150),
(10051, 'Trần Mạnh Hiếu', 'Hải Dương', '0372265202', 2147483647, 100),
(10052, 'Bạch Quang Hiệu', 'Nghệ An', '0372265204', 2147483647, 101),
(10053, 'Nguyễn Huy Hoàng', 'Vĩnh Phúc', '0372265206', 2147483647, 102),
(10054, 'Nguyễn Xuân Hoàng', 'Hà Nội', '0372265208', 2147483647, 103),
(10055, 'Phan Quang Hùng', 'Hà Nội', '0372265210', 2147483647, 104),
(10056, 'Vũ Quang Huy', 'Hà Nội', '0372265212', 2147483647, 105),
(10057, 'Đặng Quốc Khánh', 'Hưng Yên', '0372265214', 2147483647, 106),
(10058, 'Nguyễn Quốc Khánh', 'Hà Nội', '0372265216', 2147483647, NULL),
(10059, 'Nguyễn Văn Khiêm', 'Nam Định', '0372265218', 2147483647, 108),
(10060, 'Phạm Trung Kiên', 'Ninh Bình', '0372265220', 2147483647, 109),
(10061, 'Phùng Thị Khánh Linh', 'Hà Nội', '0372265222', 2147483647, 110),
(10062, 'Lê Kim Long', 'Thanh Hóa', '0372265224', 2147483647, 111),
(10063, 'Nguyễn Thăng Long', 'Bắc Ninh', '0372265226', 2147483647, 112),
(10064, 'Nông Hồng Long', 'Cao Bằng', '0372265228', 2147483647, 113),
(10065, 'Trần Quỳnh Mai', 'Hà Nội', '0372265230', 2147483647, 114),
(10066, 'Nguyễn Đức Minh', 'Hải Dương', '0372265232', 2147483647, 115),
(10067, 'Trần Công Minh', 'Thái Bình', '0372265234', 2147483647, 116),
(10068, 'Tần Lê Nghĩa', 'Nghệ An', '0372265236', 2147483647, 117),
(10069, 'Lê Huy Ngọ', 'Hà Nam', '0372265238', 2147483647, 118),
(10070, 'Nguyễn Đình Ngọc', 'Nghệ An', '0372265240', 2147483647, 119),
(10071, 'Lê Quang Nhật', 'Hà Nội', '0372265242', 2147483647, 120),
(10072, 'Nguyễn Đình Phan', 'Hà Nội', '0372265244', 2147483647, 121),
(10073, 'Nguyễn Văn Quang', 'Thái Bình', '0372265246', 2147483647, NULL),
(10074, 'Trần Vinh Quang', 'Hà Nam', '0372265248', 2147483647, 123),
(10075, 'Lê Anh Quân', 'Hà Nội', '0372265250', 2147483647, 124),
(10076, 'Nguyễn Kiến Quốc', 'Nghệ An', '0372265252', 2147483647, 125),
(10077, 'Trần Trung Thành', 'Hà Nội', '0372265254', 2147483647, 126),
(10078, 'Phạm Hải Thắng', 'Hà Nội', '0372265256', 2147483647, 127),
(10079, 'Vũ Khánh Trình', 'Hải Phòng', '0372265258', 2147483647, 128),
(10080, 'Đinh Thành Trung', 'Hà Nội', '0372265260', 2147483647, 129),
(10081, 'Nguyễn Xuân Trường', 'Quảng Ninh', '0372265262', 2147483647, 130),
(10082, 'Nguyễn Anh Tuấn', 'Hà Nội', '0372265264', 2147483647, 131),
(10083, 'Nguyễn Quốc Việt', 'Nghệ An', '0372265266', 2147483647, NULL),
(10084, 'Phạm Dương Vũ', 'Hà Nội', '0372265268', 2147483647, 133),
(10085, 'Đoàn Đình An', 'Hà Nội', '0372265270', 2147483647, 134),
(10086, 'Nguyễn Đăng An', 'Thái Bình', '0372265272', 2147483647, 135),
(10087, 'Nguyễn Quốc An', 'Hà Nội', '0372265274', 2147483647, 136),
(10088, 'Đinh Vĩnh Anh', 'Bắc Ninh', '0372265276', 2147483647, 137),
(10089, 'Trịnh Xuân Bách', 'Ninh Bình', '0372265278', 2147483647, 138),
(10090, 'Lê An Bình', 'Hà Nội', '0372265280', 2147483647, 139),
(10091, 'Lương Tuấn Dương', 'Ninh Bình', '0372265282', 2147483647, 140),
(10092, 'Nguyễn Đức Dương', 'Hà Nội', '0372265284', 2147483647, NULL),
(10093, 'Lê Anh Đức', 'Thanh Hóa', '0372265286', 2147483647, 142),
(10094, 'Nguyễn Phú Đức', 'Bắc Ninh', '0372265288', 2147483647, 143),
(10095, 'Phan Bá Đức', 'Nghệ An', '0372265290', 2147483647, 144),
(10096, 'Nguyễn Ngọc Hiếu', 'Thái Bình', '0372265292', 2147483647, 145),
(10097, 'Vũ Chí Hiếu', 'Nam Định', '0372265294', 2147483647, 146),
(10098, 'Nguyễn Duy Hòa', 'Phú Thọ', '0372265296', 2147483647, 147),
(10099, 'Đào Huy Hoàng', 'Nam Định', '0372265298', 2147483647, 148),
(10100, 'Đặng Huy Hoàng', 'Hải Phòng', '0372265300', 2147483647, 149),
(10101, 'Nguyễn Lê Hoàng', 'Quảng Ninh', '0372265302', 2147483647, 150),
(10102, 'Nguyễn Việt Hoàng', 'Lào Cai', '0372265304', 2147483647, 100),
(10103, 'Dương Quốc Hưng', 'Lâm Đồng', '0372265306', 2147483647, 101),
(10104, 'Bùi Đức Khải', 'Lào Cai', '0372265308', 2147483647, 102),
(10105, 'Nguyễn Gia Khánh', 'Hà Nội', '0372265310', 2147483647, 103),
(10106, 'Nguyễn Quốc Khánh', 'Quảng Bình', '0372265312', 2147483647, 104),
(10107, 'Trần Trung Kiên', 'Hà Nội', '0372265314', 2147483647, 105),
(10108, 'Hoàng Phương Linh', 'Hà Nội', '0372265316', 2147483647, 106),
(10109, 'Hồ Tuấn Long', 'Hải Phòng', '0372265318', 2147483647, 107),
(10110, 'Nguyễn Duy Long', 'Bắc Ninh', '0372265320', 2147483647, 108),
(10111, 'Nguyễn Phi Long', 'Hà Nội', '0372265322', 2147483647, 109),
(10112, 'Nguyễn Hữu Lộc', 'Hà Nội', '0372265324', 2147483647, NULL),
(10113, 'Mai Xuân Minh', 'Nam Định', '0372265326', 2147483647, 111),
(10114, 'Vũ Minh Ngọc', 'Ninh Bình', '0372265328', 2147483647, 112),
(10115, 'Trần Quang Nguyên', 'Hà Nội', '0372265330', 2147483647, 113),
(10116, 'Vũ Đức Nguyên', 'Hà Nội', '0372265332', 2147483647, 114),
(10117, 'Trần Phan Nguyễn', 'Hà Tĩnh', '0372265334', 2147483647, 115),
(10118, 'Nguyễn Trung Phong', 'Thanh Hoá', '0372265336', 2147483647, 116),
(10119, 'Nguyễn Quang Phúc', 'Tuyên Quang', '0372265338', 2147483647, 117),
(10120, 'Hồ Công Phùng', 'Nghệ An', '0372265340', 2147483647, 118),
(10121, 'Lê Thị Phương', 'Thanh Hóa', '0372265342', 2147483647, 119),
(10122, 'Tạ Đình Quý', 'Nghệ An', '0372265344', 2147483647, NULL),
(10123, 'Hoàng Như Quỳnh', 'Hà Nội', '0372265346', 2147483647, 121),
(10124, 'Nguyễn Hoàng Sơn', 'Hà Nội', '0372265348', 2147483647, 122),
(10125, 'Dương Văn Tân', 'Bắc Giang', '0372265350', 2147483647, 123),
(10126, 'Nguyễn Minh Tân', 'Hà Nội', '0372265352', 2147483647, 124),
(10127, 'Nguyễn Xuân Thành', 'Hà Nội', '0372265354', 2147483647, 125),
(10128, 'Đỗ Trịnh Quốc Thắng', 'Thanh Hóa', '0372265356', 2147483647, 126),
(10129, 'Hồ Văn Thép', 'Nghệ An', '0372265358', 2147483647, 127),
(10130, 'Nguyễn Xương Thìn', 'Hải Dương', '0372265360', 2147483647, 128),
(10131, 'Lê Thái Thịnh', 'Quảng Ninh', '0372265362', 2147483647, 129),
(10132, 'Phan Bùi Phúc Thịnh', 'Hà Tĩnh', '0372265364', 2147483647, 130),
(10133, 'Lộc Phi Trưởng', 'Vĩnh Phúc', '0372265366', 2147483647, 131),
(10134, 'Nguyễn Đình Anh Tuấn', 'Hà Nội', '0372265368', 2147483647, NULL),
(10135, 'Hàn Tiến Khánh An', 'Hà Nội', '0372265370', 2147483647, 133),
(10136, 'Nguyễn Trường An', 'Hà Nội', '0372265372', 2147483647, 134),
(10137, 'Đinh Tiến Anh', 'Hà Nội', '0372265374', 2147483647, 135),
(10138, 'Hoàng Đức Anh', 'Hải Phòng', '0372265376', 2147483647, 136),
(10139, 'Hoàng Việt Anh', 'Thanh Hóa', '0372265378', 2147483647, 137),
(10140, 'Nguyễn Minh Anh', 'Nam Định', '0372265380', 2147483647, NULL),
(10141, 'Trần Đức Anh', 'Hà Nội', '0372265382', 2147483647, 139),
(10142, 'Dương Đình Bình', 'Hà Nội', '0372265384', 2147483647, 140),
(10143, 'Trần Công Chiến', 'Nam Định', '0372265386', 2147483647, 141),
(10144, 'Nguyễn Đức Công', 'Thái Bình', '0372265388', 2147483647, 142),
(10145, 'Nguyễn Đỗ Dương', 'Hải Phòng', '0372265390', 2147483647, 143),
(10146, 'Nguyễn Tiến Đạt', 'Phú Thọ', '0372265392', 2147483647, 144),
(10147, 'Nguyễn Tiến Đạt', 'Bắc Giang', '0372265394', 2147483647, NULL),
(10148, 'Nguyễn Đăng Hà', 'Hà Nội', '0372265396', 2147483647, 146),
(10149, 'Nguyễn Việt Hảo', 'Bắc Ninh', '0372265398', 2147483647, 147),
(10150, 'Trần Minh Hiếu', 'Bắc Kạn', '0372265400', 2147483647, 148),
(10151, 'Vũ Minh Hiếu', 'Hải Phòng', '0372265402', 2147483647, 149),
(10152, 'Thạch Minh Hoàn', 'Hà Nội', '0372265404', 2147483647, 150),
(10153, 'Nguyễn Việt Hoàng', 'Nam Định', '0372265406', 2147483647, NULL),
(10154, 'Phạm Việt Hoàng', 'Thái Bình', '0372265408', 2147483647, 101),
(10155, 'Trần Long Hoàng', 'Lào Cai', '0372265410', 2147483647, 102),
(10156, 'Đinh Xuân Hùng', 'Ninh Bình', '0372265412', 2147483647, 103),
(10157, 'Trần Đức Hoàng Hùng', 'Thái Bình', '0372265414', 2147483647, 104),
(10158, 'Đỗ Quang Huy', 'Nam Định', '0372265416', 2147483647, 105),
(10159, 'Nguyễn Quang Huy', 'Nam Định', '0372265418', 2147483647, 106),
(10160, 'Nguyễn Tiến Hoàng Huy', 'Cao Bằng', '0372265420', 2147483647, 107),
(10161, 'Trần Quốc Khánh', 'Lâm Đồng', '0372265422', 2147483647, 108),
(10162, 'Hoàng Tuấn Kiệt', 'Thái Bình', '0372265424', 2147483647, 109),
(10163, 'Nguyễn Văn Linh', 'Hà Nội', '0372265426', 2147483647, NULL),
(10164, 'Hồ Đức Long', 'Nghệ An', '0372265428', 2147483647, 111),
(10165, 'Mai Hoàng Long', 'Bắc Ninh', '0372265430', 2147483647, 112),
(10166, 'Nguyễn Hải Long', 'Hải Phòng', '0372265432', 2147483647, 113),
(10167, 'Nguyễn Hải Long', 'Hà Nội', '0372265434', 2147483647, 114),
(10168, 'Nguyễn Hoàng Long', 'Hải Phòng', '0372265436', 2147483647, 115),
(10169, 'Nguyễn Kim Long', 'Hải Dương', '0372265438', 2147483647, 116),
(10170, 'Nguyễn Thành Long', 'Hải Dương', '0372265440', 2147483647, 117),
(10171, 'Nguyễn Tuấn Long', 'Hà Nội', '0372265442', 2147483647, NULL),
(10172, 'Nguyễn Việt Long', 'Hà Nội', '0372265444', 2147483647, 119),
(10173, 'Kiều Xuân Lộc', 'Hà Nội', '0372265446', 2147483647, 120),
(10174, 'Đàm Tuấn Minh', 'Vĩnh Phúc', '0372265448', 2147483647, 121),
(10175, 'Phương Anh Mỹ', 'Hà Nội', '0372265450', 2147483647, 122),
(10176, 'Bùi Hải Nam', 'Nam Định', '0372265452', 2147483647, 123),
(10177, 'Cao Cẩm Nhung', 'Thái Nguyên', '0372265454', 2147483647, 124),
(10178, 'Nguyễn Thế Phan', 'Hà Nội', '0372265456', 2147483647, NULL),
(10179, 'Bùi Khánh Phương', 'Hà Nội', '0372265458', 2147483647, 126),
(10180, 'Nguyễn Thị Quyên', 'Bắc Giang', '0372265460', 2147483647, 127),
(10181, 'Công Minh Sơn', 'Hà Nội', '0372265462', 2147483647, 128),
(10182, 'Nguyễn Huy Sơn', 'Thanh Hóa', '0372265464', 2147483647, 129),
(10183, 'Lê Văn Sỹ', 'Nghệ An', '0372265466', 2147483647, 130),
(10184, 'Nguyễn Thị Minh Tâm', 'Hà Nội', '0372265468', 2147483647, 131),
(10185, 'Nguyễn Ngọc Thắng', 'Nghệ An', '0372265470', 2147483647, 132),
(10186, 'Chu Quang Thế', 'Bắc Giang', '0372265472', 2147483647, 133),
(10187, 'Nguyễn Quang Thiện', 'Hà Nội', '0372265474', 2147483647, 134),
(10188, 'Ngô Doãn Thịnh', 'Thanh Hóa', '0372265476', 2147483647, NULL),
(10189, 'Ngô Công Thức', 'Bắc Giang', '0372265478', 2147483647, 136),
(10190, 'Trần Sách Tỉnh', 'Thái Bình', '0372265480', 2147483647, 137),
(10191, 'Phạm Ngọc Toàn', 'Thái Bình', '0372265482', 2147483647, 138),
(10192, 'Nguyễn Ngọc Tú', 'Nam Định', '0372265484', 2147483647, 139),
(10193, 'Trịnh Tuấn Tú', 'Hà Nội', '0372265486', 2147483647, 140),
(10194, 'Nguyễn Mạnh Tuấn', 'Hà Nam', '0372265488', 2147483647, 141),
(10195, 'Nguyễn Thị Huyền', 'Nam Định', '0372265490', 2147483647, NULL);

-- --------------------------------------------------------

--
-- Cấu trúc bảng cho bảng `employees`
--

CREATE TABLE `employees` (
  `employeeNumber` int(10) NOT NULL,
  `employeeName` varchar(50) NOT NULL,
  `gender` varchar(5) NOT NULL,
  `email` varchar(30) NOT NULL,
  `phoneNumber` varchar(11) NOT NULL,
  `address` varchar(20) NOT NULL,
  `jobTitle` varchar(50) DEFAULT NULL
) ENGINE=InnoDB DEFAULT CHARSET=utf8mb4;

--
-- Đang đổ dữ liệu cho bảng `employees`
--

INSERT INTO `employees` (`employeeNumber`, `employeeName`, `gender`, `email`, `phoneNumber`, `address`, `jobTitle`) VALUES
(100, 'Ngô Văn An', 'Nam', 'ngovanan182000@gmail.com', '0961031685', 'Hải Dương', 'Nhân viên'),
(101, 'Nguyễn Tấn Việt Anh', 'Nam', 'songokucadic1432@gmail.com', '0915418659', 'Nam Định', 'Quản lý'),
(102, 'Phạm Đức Anh', 'Nam', 'ducanhfo3888@gmail.com', '0335229871', 'Nam Định', 'Nhân viên'),
(103, 'Phan Bắc', 'Nam', 'phanbac3042000@gmail.com', '0374688825', 'Hà Nội', 'Nhân viên'),
(104, 'Đỗ Minh Bằng', 'Nam', 'cubangso1@gmail.com', '0868793800', 'Hải Dương', 'Nhân viên'),
(105, 'Nguyễn Ngọc Chi', 'Nữ', 'nguyenngocc0800@gmail.com', '0393008335', 'Hà Nội', 'Tổ trưởng'),
(106, 'Đỗ Văn Chinh', 'Nam', 'dochinhthtn@gmail.com', '0823688819', 'Thái Bình', 'Nhân viên'),
(107, 'Lê Văn Cường', 'Nam', 'levancuong1122000@gmail.com', '0911130699', 'Lào Cai', 'Nhân viên'),
(108, 'Lê Anh Dũng', 'Nam', 'ichiroukeita2910@gmail.com', '0354429302', 'Bắc Ninh', 'Giám đốc'),
(109, 'Nguyễn Mạnh Dũng', 'Nam', 'dungnht2209@gmail.com', '0366065647', 'Hải Phòng', 'Nhân viên'),
(110, 'Phạm Mạnh Dũng', 'Nam', 'manhdung22122000@gmail.com', '0386927715', 'Hải Phòng', 'Nhân viên'),
(111, 'Lương Thế Đại', 'Nam', 'luongdai246@gmail.com', '0975407559', 'Hà Nội', 'Nhân viên'),
(112, 'Nguyễn Thành Đạt', 'Nam', 'thanhdat262000@gmail.com', '0966998657', 'Hải Phòng', 'Nhân viên'),
(113, 'Bùi Đăng Đức', 'Nam', 'suytchetvigai1234@gmail.com', '0354830236', 'Thái Bình', 'Nhân viên'),
(114, 'Trần Mạnh Đức', 'Nam', 'lovemai16102000@gmail.com', '0964875742', 'Hà Nội', 'Nhân viên'),
(115, 'Hoàng Văn Giáp', 'Nam', 'giapdz104@gmail.com', '0168327189', 'Thái Bình', 'Nhân viên'),
(116, 'Nguyễn Xuân Hòa', 'Nam', 'hesheng1910@gmail.com', '0377423652', 'Quảng Ninh', 'Nhân viên'),
(117, 'Đào Minh Hoàn', 'Nữ', 'daominhhoanvbhp@gmail.com', '0352747988', 'Bắc Giang', 'Nhân viên'),
(118, 'Đinh Lê Hoàng', 'Nam', 'hoangchiena2k28@gmail.com', '0393400378', 'Thanh Hóa', 'Nhân viên'),
(119, 'Đoàn Văn Huy', 'Nam', 'doanvanhuy0907@gmail.com', '0368310864', 'Hà Nội', 'Nhân viên'),
(120, 'Bùi Xuân Khải', 'Nam', 'khaibui@gmail.com', '0355678986', 'Hà Nội', 'Nhân viên'),
(121, 'Cù Phúc Khang', 'Nam', 'phuckhang2k@gmail.com', '0872345678', 'Nam Định', 'Nhân viên'),
(122, 'Nguyễn Đức Khôi', 'Nam', 'duckhoi2000bg@gmail.com', '0962462692', 'Hà Nội', 'Nhân viên'),
(123, 'Đào Trung Kiên', 'Nam', 'rongconduoipho@gmail.com', '0793339936', 'Hà Nội', 'Nhân viên'),
(124, 'Nguyễn Xuân Lâm', 'Nam', 'nguyenxuanlam.nguyen2000@gmail', '0813823928', 'Nam Định', 'Nhân viên'),
(125, 'Nguyễn Tuấn Kiệt', 'Nam', 'ntk1527@gmail.com', '0949210315', 'Hà Nội', 'Nhân viên'),
(126, 'Phạm Ngọc Linh', 'Nữ', 'linhpn2402@gmail.com', '0941989326', 'Hà Nội', 'Nhân viên'),
(127, 'Ngô Xuân Long', 'Nam', 'ngoxuanlong2210@gmail.com', '0966643501', 'Nghệ An', 'Nhân viên'),
(128, 'Nguyễn Cao Bảo Long', 'Nam', 'baolongcao@gmail.com', '0252467394', 'Vĩnh Phúc', 'Nhân viên'),
(129, 'Nguyễn Ngọc Long', 'Nam', 'longk63uet@gmail.com', '0922372819', 'Ninh Bình', 'Nhân viên'),
(130, 'Nguyễn Xuân Lộc', 'Nam', 'nguyenxuanlocnt14071102@gmail.', '0376061278', 'Hà Nội', 'Nhân viên'),
(131, 'Nguyễn Đồng Lực', 'Nam', 'lucnguyenxk@gmail.com', '0337271359', 'Nam Định', 'Nhân viên'),
(132, 'Phùng Quốc Mạnh', 'Nam', 'kunpro1st@gmail.com', '0984789513', 'Hà Nội', 'Nhân viên'),
(133, 'Trần Khánh Minh', 'Nam', 'thevsd27@gmail.com', '0918292870', 'Bắc Ninh', 'Nhân viên'),
(134, 'Nguyễn Đăng Nam', 'Nam', 'Nguyendangnam257@gmail.com', '0868236239', 'Hà Tĩnh', 'Nhân viên'),
(135, 'Nguyễn Thành Nam', 'Nam', 'kidpooh2k@gmail.com', '0379900189', 'Hải Dương', 'Nhân viên'),
(136, 'Trịnh Thị Nga', 'Nữ', 'ttntrinhnga@gmail.com', '0975109203', 'Nghệ An', 'Quản lý'),
(137, 'Phạm Thị Bích Ngọc', 'Nữ', 'phamngoclyo2k@gmail.com', '0702052392', 'Hà Nội', 'Nhân viên'),
(138, 'Tạ Quang Ngọc', 'Nam', 'taquanngoc. hh3@gmail.com', '0969008527', 'Thái Bình', 'Nhân viên'),
(139, 'Vương Tuấn Sơn', 'Nam', 'tuansonvuong@gmail.com', '0972759616', 'Hải Dương', 'Nhân viên'),
(140, 'Phạm Như Thiên Tân', 'Nam', 'thientan0401@gmail.com', '0834106012', 'Hà Nam', 'Nhân viên'),
(141, 'Nguyễn Phương Thảo', 'Nữ', 'tabitabi305@gmail.com', '0355847056', 'Thanh Hóa', 'Tổ trưởng'),
(142, 'Phạm Quang Thịnh', 'Nam', 'pqthinh@gmail.com', '0866564502', 'Thái Bình', 'Nhân viên'),
(143, 'Nguyễn Trọng Thường', 'Nam', 'trongthuong@gmail.com', '0934672864', 'Thái Bình', 'Nhân viên'),
(144, 'Nguyễn Đức Tới', 'Nam', 'nguyenductoi8920@gmail.com', '0983298920', 'Nam Định', 'Nhân viên'),
(145, 'Vũ Thành Trung', 'Nam', 'trungvuthanhvip1991@gmail.com', '0799042118', 'Hà Nội', 'Nhân viên'),
(146, 'Đàm Anh Tuấn', 'Nam', 'tuandyniel@gmail.com', '0582173989', 'Thanh Hoá', 'Nhân viên'),
(147, 'Nguyễn Anh Tuấn', 'Nam', 'anhtuannbpl@gmail.com', '0387479643', 'Bắc Giang', 'Nhân viên'),
(148, 'Nguyễn Công Thuận', 'Nam', 'thuantl012@gmail.com', '0398866134', 'Hà Nội', 'Nhân viên'),
(149, 'Nguyễn Cẩm Tú', 'Nữ', 'camtun@gmail.com', '0326849368', 'Hà Nội', 'Nhân viên'),
(150, 'Nguyễn Tuấn Kiệt', 'Nam', 'ntk1527@gmail.com', '0949210315', 'Hà Nội', 'Nhân viên');

-- --------------------------------------------------------

--
-- Cấu trúc bảng cho bảng `orderdetails`
--

CREATE TABLE `orderdetails` (
  `orderNumber` int(11) NOT NULL,
  `productCode` varchar(15) NOT NULL,
  `quantityOrdered` int(10) NOT NULL,
  `priceEach` decimal(10,2) NOT NULL,
  `Total` int(10) NOT NULL
) ENGINE=InnoDB DEFAULT CHARSET=utf8mb4;

--
-- Đang đổ dữ liệu cho bảng `orderdetails`
--

INSERT INTO `orderdetails` (`orderNumber`, `productCode`, `quantityOrdered`, `priceEach`, `Total`) VALUES
(1000, 'DAC-01', 50, '1.00', 50),
(1001, 'DAC-02', 55, '2.00', 110),
(1002, 'DAC-03', 60, '3.00', 180),
(1003, 'DAC-04', 65, '4.00', 260),
(1004, 'DAC-05', 70, '5.00', 350),
(1005, 'DAC-06', 75, '6.00', 450),
(1006, 'DAC-07', 80, '7.00', 560),
(1007, 'DAC-08', 85, '8.00', 680),
(1008, 'DAC-09', 90, '9.00', 810),
(1009, 'DAC-10', 95, '10.00', 950),
(1010, 'DAC-11', 100, '11.00', 1100),
(1011, 'DAC-12', 105, '12.00', 1260),
(1012, 'DAC-13', 110, '13.00', 1430),
(1013, 'DAC-14', 115, '14.00', 1610),
(1014, 'DAC-15', 120, '15.00', 1800),
(1015, 'DAC-16', 125, '16.00', 2000),
(1016, 'DAC-17', 130, '17.00', 2210),
(1017, 'DAC-18', 135, '18.00', 2430),
(1018, 'DAC-19', 140, '19.00', 2660),
(1019, 'DAC-20', 145, '20.00', 2900),
(1020, 'DCC-01', 150, '1.00', 150),
(1021, 'DCC-02', 155, '2.00', 310),
(1022, 'DCC-03', 160, '3.00', 480),
(1023, 'DCC-04', 165, '4.00', 660),
(1024, 'DCC-05', 170, '5.00', 850),
(1025, 'DAM-01', 175, '6.00', 1050),
(1026, 'DAM-02', 180, '7.00', 1260),
(1027, 'DAM-03', 185, '8.00', 1480),
(1028, 'DAM-04', 190, '9.00', 1710),
(1029, 'DAM-05', 195, '10.00', 1950),
(1030, 'DAM-06', 200, '11.00', 2200),
(1031, 'DAM-07', 205, '12.00', 2460),
(1032, 'DAM-08', 210, '13.00', 2730),
(1033, 'DAM-09', 215, '14.00', 3010),
(1034, 'DAM-10', 220, '15.00', 3300),
(1035, 'DAM-11', 225, '16.00', 3600),
(1036, 'DCM-01', 230, '17.00', 3910),
(1037, 'DCM-02', 235, '18.00', 4230),
(1038, 'DCM-03', 240, '19.00', 4560),
(1039, 'DCM-04', 245, '20.00', 4900),
(1040, 'DCM-05', 250, '1.00', 250),
(1041, 'DCM-06', 255, '2.00', 510),
(1042, 'DCM-07', 260, '3.00', 780),
(1043, 'DAV-01', 265, '4.00', 1060),
(1044, 'DAV-02', 270, '5.00', 1350),
(1045, 'DAV-03', 275, '6.00', 1650),
(1046, 'DAV-04', 280, '7.00', 1960),
(1047, 'DAV-05', 285, '8.00', 2280),
(1048, 'DCV-01', 290, '9.00', 2610),
(1049, 'DCV-02', 295, '10.00', 2950),
(1050, 'DCV-03', 300, '11.00', 3300),
(1051, 'DCV-04', 305, '12.00', 3660),
(1052, 'DCV-05', 310, '13.00', 4030),
(1053, 'DCV-06', 315, '14.00', 4410),
(1054, 'DCV-07', 320, '15.00', 4800),
(1055, 'DCV-08', 325, '16.00', 5200),
(1056, 'DCV-09', 330, '17.00', 5610),
(1057, 'DCV-10', 335, '18.00', 6030),
(1058, 'DCV-11', 340, '19.00', 6460),
(1059, 'DCV-12', 345, '20.00', 6900),
(1060, 'DCV-13', 350, '1.00', 350),
(1061, 'DCV-14', 355, '2.00', 710),
(1062, 'DCV-15', 360, '3.00', 1080),
(1063, 'DCV-16', 365, '4.00', 1460),
(1064, 'DCV-17', 370, '5.00', 1850),
(1065, 'DCV-18', 375, '6.00', 2250),
(1066, 'DCV-19', 380, '7.00', 2660),
(1067, 'DCV-20', 385, '8.00', 3080),
(1068, 'DCV-21', 390, '9.00', 3510),
(1069, 'DCV-22', 395, '10.00', 3950),
(1070, 'DCV-23', 400, '11.00', 4400),
(1071, 'DCV-24', 405, '12.00', 4860),
(1072, 'DCV-25', 410, '13.00', 5330),
(1073, 'DCV-26', 415, '14.00', 5810),
(1074, 'DCV-27', 420, '15.00', 6300),
(1075, 'DCV-28', 425, '16.00', 6800),
(1076, 'DCV-29', 430, '17.00', 7310),
(1077, 'DAC-01', 50, '18.00', 900),
(1078, 'DAC-02', 55, '19.00', 1045),
(1079, 'DAC-03', 60, '20.00', 1200),
(1080, 'DAC-04', 65, '1.00', 65),
(1081, 'DAC-05', 70, '2.00', 140),
(1082, 'DAC-06', 75, '3.00', 225),
(1083, 'DAC-07', 80, '4.00', 320),
(1084, 'DAC-08', 85, '5.00', 425),
(1085, 'DAC-09', 90, '6.00', 540),
(1086, 'DAC-10', 95, '7.00', 665),
(1087, 'DAC-11', 100, '8.00', 800),
(1088, 'DAC-12', 105, '9.00', 945),
(1089, 'DAC-13', 110, '10.00', 1100),
(1090, 'DAC-14', 115, '11.00', 1265),
(1091, 'DAC-15', 120, '12.00', 1440),
(1092, 'DAC-16', 125, '13.00', 1625),
(1093, 'DAC-17', 130, '14.00', 1820),
(1094, 'DAC-18', 135, '15.00', 2025),
(1095, 'DAC-19', 140, '16.00', 2240),
(1096, 'DAC-20', 145, '17.00', 2465),
(1097, 'DCC-01', 150, '18.00', 2700),
(1098, 'DCC-02', 155, '19.00', 2945),
(1099, 'DCC-03', 160, '20.00', 3200),
(1100, 'DCC-04', 165, '1.00', 165),
(1101, 'DCC-05', 170, '2.00', 340),
(1102, 'DAM-01', 175, '3.00', 525),
(1103, 'DAM-02', 180, '4.00', 720),
(1104, 'DAM-03', 185, '5.00', 925),
(1105, 'DAM-04', 190, '6.00', 1140),
(1106, 'DAM-05', 195, '7.00', 1365),
(1107, 'DAM-06', 200, '8.00', 1600),
(1108, 'DAM-07', 205, '9.00', 1845),
(1109, 'DAM-08', 210, '10.00', 2100),
(1110, 'DAM-09', 215, '11.00', 2365),
(1111, 'DAM-10', 220, '12.00', 2640),
(1112, 'DAM-11', 225, '13.00', 2925),
(1113, 'DCM-01', 230, '14.00', 3220),
(1114, 'DCM-02', 235, '15.00', 3525),
(1115, 'DCM-03', 240, '16.00', 3840),
(1116, 'DCM-04', 245, '17.00', 4165),
(1117, 'DCM-05', 250, '18.00', 4500),
(1118, 'DCM-06', 255, '19.00', 4845),
(1119, 'DCM-07', 260, '20.00', 5200),
(1120, 'DAV-01', 265, '1.00', 265),
(1121, 'DAV-02', 270, '2.00', 540),
(1122, 'DAV-03', 275, '3.00', 825),
(1123, 'DAV-04', 280, '4.00', 1120),
(1124, 'DAV-05', 285, '5.00', 1425),
(1125, 'DCV-01', 290, '6.00', 1740),
(1126, 'DCV-02', 295, '7.00', 2065),
(1127, 'DCV-03', 300, '8.00', 2400),
(1128, 'DCV-04', 305, '9.00', 2745),
(1129, 'DCV-05', 310, '10.00', 3100),
(1130, 'DCV-06', 315, '11.00', 3465),
(1131, 'DCV-07', 320, '12.00', 3840),
(1132, 'DCV-08', 325, '13.00', 4225),
(1133, 'DCV-09', 330, '14.00', 4620),
(1134, 'DCV-10', 335, '15.00', 5025),
(1135, 'DCV-11', 340, '16.00', 5440),
(1136, 'DCV-12', 345, '17.00', 5865),
(1137, 'DCV-13', 350, '18.00', 6300),
(1138, 'DCV-14', 355, '19.00', 6745),
(1139, 'DCV-15', 360, '20.00', 7200),
(1140, 'DCV-16', 365, '1.00', 365),
(1141, 'DCV-17', 370, '2.00', 740),
(1142, 'DCV-18', 375, '3.00', 1125),
(1143, 'DCV-19', 380, '4.00', 1520),
(1144, 'DCV-20', 385, '5.00', 1925),
(1145, 'DCV-21', 390, '6.00', 2340),
(1146, 'DCV-22', 395, '7.00', 2765),
(1147, 'DCV-23', 400, '8.00', 3200),
(1148, 'DCV-24', 405, '9.00', 3645),
(1149, 'DCV-25', 410, '10.00', 4100),
(1150, 'DCV-26', 415, '11.00', 4565),
(1151, 'DCV-27', 420, '12.00', 5040),
(1152, 'DCV-28', 425, '13.00', 5525),
(1153, 'DCV-29', 430, '14.00', 6020),
(1154, 'DAC-01', 50, '15.00', 750),
(1155, 'DAC-02', 55, '16.00', 880),
(1156, 'DAC-03', 60, '17.00', 1020),
(1157, 'DAC-04', 65, '18.00', 1170),
(1158, 'DAC-05', 70, '19.00', 1330),
(1159, 'DAC-06', 75, '20.00', 1500),
(1160, 'DAC-07', 80, '1.00', 80),
(1161, 'DAC-08', 85, '2.00', 170),
(1162, 'DAC-09', 90, '3.00', 270),
(1163, 'DAC-10', 95, '4.00', 380),
(1164, 'DAC-11', 100, '5.00', 500),
(1165, 'DAC-12', 105, '6.00', 630),
(1166, 'DAC-13', 110, '7.00', 770),
(1167, 'DAC-14', 115, '8.00', 920),
(1168, 'DAC-15', 120, '9.00', 1080),
(1169, 'DAC-16', 125, '10.00', 1250),
(1170, 'DAC-17', 130, '11.00', 1430),
(1171, 'DAC-18', 135, '12.00', 1620),
(1172, 'DAC-19', 140, '13.00', 1820),
(1173, 'DAC-20', 145, '14.00', 2030),
(1174, 'DCC-01', 150, '15.00', 2250),
(1175, 'DCC-02', 155, '16.00', 2480),
(1176, 'DCC-03', 160, '17.00', 2720),
(1177, 'DCC-04', 165, '18.00', 2970),
(1178, 'DCC-05', 170, '19.00', 3230),
(1179, 'DAM-01', 175, '20.00', 3500),
(1180, 'DAM-02', 180, '1.00', 180),
(1181, 'DAM-03', 185, '2.00', 370),
(1182, 'DAM-04', 190, '3.00', 570),
(1183, 'DAM-05', 195, '4.00', 780),
(1184, 'DAM-06', 200, '5.00', 1000),
(1185, 'DAM-07', 205, '6.00', 1230),
(1186, 'DAM-08', 210, '7.00', 1470),
(1187, 'DAM-09', 215, '8.00', 1720),
(1188, 'DAM-10', 220, '9.00', 1980);

-- --------------------------------------------------------

--
-- Cấu trúc bảng cho bảng `orders`
--

CREATE TABLE `orders` (
  `orderNumber` int(10) NOT NULL,
  `orderDate` date NOT NULL,
  `customerNumber` int(10) NOT NULL,
  `requiredDate` date DEFAULT NULL,
  `shippedDate` date DEFAULT NULL,
  `status` text DEFAULT NULL,
  `comments` text DEFAULT NULL
) ENGINE=InnoDB DEFAULT CHARSET=utf8mb4;

--
-- Đang đổ dữ liệu cho bảng `orders`
--

INSERT INTO `orders` (`orderNumber`, `orderDate`, `customerNumber`, `requiredDate`, `shippedDate`, `status`, `comments`) VALUES
(1000, '2019-01-10', 18020109, '2019-01-14', '2019-01-13', 'Đã giao và đúng hạn', 'Sản phẩm tốt'),
(1001, '2019-07-03', 18020161, '2019-07-07', '2019-07-06', 'Đã giao và đúng hạn', 'Sản phẩm không như hình'),
(1002, '2019-01-15', 18020160, '2019-01-19', '2019-01-18', 'Đã giao và đúng hạn', 'Giao hàng nhanh nhưng sản phẩm chưa tốt'),
(1003, '2019-07-22', 18020125, NULL, NULL, NULL, 'Nhân viên nhiệt tình'),
(1004, '2019-04-30', 18020151, NULL, NULL, NULL, 'Nhân viên thô lỗ'),
(1005, '2019-11-06', 18020177, NULL, NULL, NULL, 'Dịch vụ kém'),
(1006, '2019-01-31', 18020182, NULL, NULL, NULL, 'Dịch vụ tốt'),
(1007, '2019-07-18', 18020219, '2019-07-22', '2019-07-21', 'Đã giao và quá hạn', 'Giao hàng chậm nhưng sản phẩm tốt'),
(1008, '2019-08-09', 18020223, '2019-08-13', '2019-08-12', 'Chưa giao và quá hạn', 'Shipper giao hàng quá chậm'),
(1009, '2019-07-09', 18020367, '2019-07-13', '2019-07-12', 'Chưa giao', NULL),
(1010, '2019-12-24', 18020412, NULL, NULL, NULL, 'Sản phẩm tốt'),
(1011, '2019-12-27', 18020387, NULL, NULL, NULL, 'Rất hài lòng'),
(1012, '2019-01-15', 18020327, NULL, NULL, NULL, 'Dịch vụ tốt'),
(1013, '2019-10-06', 18020451, NULL, NULL, NULL, 'Nhân viên nhiệt tình'),
(1014, '2019-08-24', 18020492, '2019-08-28', NULL, 'Chưa giao', 'Shipper giao hàng quá chậm'),
(1015, '2019-07-29', 18020522, '2019-08-02', '2019-08-01', 'Đã giao và đúng hạn', NULL),
(1016, '2019-01-26', 18020559, '2019-01-30', '2019-01-29', 'Đã giao và đúng hạn', NULL),
(1017, '2019-04-16', 18020591, NULL, NULL, NULL, 'Nhân viên nhiệt tình'),
(1018, '2019-09-09', 18020602, NULL, NULL, NULL, 'Nhân viên thô lỗ'),
(1019, '2019-09-29', 18020628, NULL, NULL, NULL, 'Dịch vụ tốt'),
(1020, '2019-03-28', 18020639, NULL, NULL, NULL, 'Dịch vụ tốt'),
(1021, '2019-04-07', 18020609, '2019-04-11', NULL, 'Chưa giao', 'Shipper giao hàng quá chậm'),
(1022, '2019-05-20', 18020605, '2019-05-24', '2019-05-23', 'Đã giao và đúng hạn', NULL),
(1023, '2019-04-22', 18020618, '2019-04-26', '2019-04-25', 'Đã giao và đúng hạn', NULL),
(1024, '2019-09-03', 18020690, NULL, NULL, NULL, 'Sản phẩm tốt'),
(1025, '2019-08-23', 18020719, NULL, NULL, NULL, 'Sản phẩm tốt'),
(1026, '2019-07-25', 18020775, NULL, NULL, NULL, 'Sản phẩm tốt'),
(1027, '2019-05-16', 18020820, NULL, NULL, NULL, 'Sản phẩm tốt'),
(1028, '2019-09-30', 18020849, '2019-10-04', NULL, 'Chưa giao', 'Shipper giao hàng quá chậm'),
(1029, '2019-12-20', 18020791, '2019-12-24', '2019-12-23', 'Đã giao và đúng hạn', NULL),
(1030, '2019-04-02', 18020844, '2019-04-06', '2019-04-05', 'Đã giao và đúng hạn', NULL),
(1031, '2019-06-04', 18020875, NULL, NULL, NULL, 'Nhân viên nhiệt tình'),
(1032, '2019-10-26', 18020934, NULL, NULL, NULL, 'Nhân viên nhiệt tình'),
(1033, '2019-04-06', 18020984, NULL, NULL, NULL, 'Nhân viên nhiệt tình'),
(1034, '2019-11-17', 18020987, NULL, NULL, NULL, 'Nhân viên nhiệt tình'),
(1035, '2019-04-11', 18021055, '2019-04-15', NULL, 'Chưa giao', 'Shipper giao hàng quá chậm'),
(1036, '2019-12-10', 18021065, '2019-12-14', '2019-12-13', 'Đã giao và đúng hạn', NULL),
(1037, '2019-01-22', 18021101, '2019-01-26', '2019-01-25', 'Đã giao và đúng hạn', NULL),
(1038, '2019-03-16', 18021188, NULL, NULL, NULL, 'Dịch vụ tốt'),
(1039, '2019-01-15', 18021190, NULL, NULL, NULL, 'Dịch vụ tốt'),
(1040, '2019-12-11', 18021137, NULL, NULL, NULL, 'Nhân viên thô lỗ'),
(1041, '2019-10-07', 18021157, NULL, NULL, NULL, 'Nhân viên thô lỗ'),
(1042, '2019-05-30', 18021155, '2019-06-03', NULL, 'Chưa giao', NULL),
(1043, '2019-08-17', 18021209, '2019-08-21', '2019-08-20', 'Đã giao và đúng hạn', NULL),
(1044, '2019-09-01', 18021243, '2019-09-05', '2019-09-04', 'Đã giao và đúng hạn', NULL),
(1045, '2019-10-08', 18021251, NULL, NULL, NULL, 'Rất hài lòng'),
(1046, '2019-06-19', 18021249, NULL, NULL, NULL, 'Rất hài lòng'),
(1047, '2019-06-01', 18021285, NULL, NULL, NULL, 'Rất hài lòng'),
(1048, '2019-09-17', 18021291, NULL, NULL, NULL, 'Rất hài lòng'),
(1049, '2019-12-21', 18021316, '2019-12-25', NULL, 'Chưa giao', NULL),
(1050, '2019-12-13', 18021321, '2019-12-17', '2019-12-16', 'Đã giao và đúng hạn', NULL),
(1051, '2019-09-27', 18021342, '2019-10-01', '2019-09-30', 'Đã giao và đúng hạn', NULL),
(1052, '2019-09-09', 18021349, NULL, NULL, NULL, 'Nhân viên nhiệt tình'),
(1053, '2019-03-04', 18021369, NULL, NULL, NULL, 'Nhân viên thô lỗ'),
(1054, '2019-09-09', 18021368, NULL, NULL, NULL, 'Sản phẩm tốt'),
(1055, '2019-05-29', 18021398, NULL, NULL, NULL, 'Rất hài lòng'),
(1056, '2019-10-25', 18021392, '2019-10-29', NULL, 'Chưa giao', NULL),
(1057, '2019-01-15', 18021409, '2019-01-19', '2019-01-18', 'Đã giao và đúng hạn', NULL),
(1058, '2019-03-02', 18020155, '2019-03-06', '2019-03-05', 'Đã giao và đúng hạn', NULL),
(1059, '2019-04-02', 18020190, NULL, NULL, NULL, 'Sản phẩm tốt'),
(1060, '2019-03-03', 18020229, NULL, NULL, NULL, 'Rất hài lòng'),
(1061, '2019-09-28', 18020225, NULL, NULL, NULL, 'Dịch vụ kém'),
(1062, '2019-12-17', 18020375, NULL, NULL, NULL, 'Dịch vụ tốt'),
(1063, '2019-04-27', 18020401, '2019-05-01', NULL, 'Chưa giao', NULL),
(1064, '2019-03-11', 18020273, '2019-03-15', '2019-03-14', 'Đã giao và đúng hạn', NULL),
(1065, '2019-12-02', 18020277, '2019-12-06', '2019-12-05', 'Đã giao và đúng hạn', NULL),
(1066, '2019-11-19', 18020336, NULL, NULL, NULL, 'Sản phẩm tốt'),
(1067, '2019-09-11', 18020339, NULL, NULL, NULL, 'Rất hài lòng'),
(1068, '2019-04-12', 18020344, NULL, NULL, NULL, 'Dịch vụ kém'),
(1069, '2019-05-18', 18020356, NULL, NULL, NULL, 'Dịch vụ tốt'),
(1070, '2019-05-01', 18020324, '2019-05-05', NULL, 'Chưa giao', NULL),
(1071, '2019-07-10', 18020431, '2019-07-14', '2019-07-13', 'Đã giao và đúng hạn', NULL),
(1072, '2019-05-17', 18020436, '2019-05-21', '2019-05-20', 'Đã giao và đúng hạn', NULL),
(1073, '2019-10-23', 18020501, NULL, NULL, NULL, 'Nhân viên nhiệt tình'),
(1074, '2019-10-04', 18020475, NULL, NULL, NULL, 'Nhân viên thô lỗ'),
(1075, '2019-09-23', 18020503, NULL, NULL, NULL, 'Sản phẩm tốt'),
(1076, '2019-09-02', 18020552, NULL, NULL, NULL, 'Rất hài lòng'),
(1077, '2019-07-23', 18020561, '2019-07-27', NULL, 'Chưa giao', NULL),
(1078, '2019-01-18', 18020548, '2019-01-22', '2019-01-21', 'Đã giao và đúng hạn', NULL),
(1079, '2019-02-21', 18020647, '2019-02-25', '2019-02-24', 'Đã giao và đúng hạn', NULL),
(1080, '2019-02-02', 18020615, NULL, NULL, NULL, 'Sản phẩm tốt'),
(1081, '2019-11-20', 18020606, NULL, NULL, NULL, 'Rất hài lòng'),
(1082, '2019-01-16', 18020608, NULL, NULL, NULL, 'Dịch vụ kém'),
(1083, '2019-09-07', 18020619, NULL, NULL, NULL, 'Dịch vụ tốt'),
(1084, '2019-11-16', 18020706, '2019-11-20', NULL, 'Chưa giao', NULL),
(1085, '2019-09-04', 18020735, '2019-09-08', '2019-09-07', 'Đã giao và đúng hạn', NULL),
(1086, '2019-05-19', 18020744, '2019-05-23', '2019-05-22', 'Đã giao và đúng hạn', NULL),
(1087, '2019-11-08', 18020743, NULL, NULL, NULL, 'Nhân viên nhiệt tình'),
(1088, '2019-11-28', 18020757, NULL, NULL, NULL, 'Nhân viên thô lỗ'),
(1089, '2019-04-15', 18020774, NULL, NULL, NULL, 'Sản phẩm tốt'),
(1090, '2019-11-16', 18020830, NULL, NULL, NULL, 'Rất hài lòng'),
(1091, '2019-06-10', 18020829, '2019-06-14', NULL, 'Chưa giao', NULL),
(1092, '2019-09-18', 18020041, '2019-09-22', '2019-09-21', 'Đã giao và đúng hạn', NULL),
(1093, '2019-02-18', 18020894, '2019-02-22', '2019-02-21', 'Đã giao và đúng hạn', NULL),
(1094, '2019-01-04', 18020903, NULL, NULL, NULL, 'Sản phẩm tốt'),
(1095, '2019-12-07', 18020939, NULL, NULL, NULL, 'Rất hài lòng'),
(1096, '2019-05-10', 18020933, NULL, NULL, NULL, 'Dịch vụ kém'),
(1097, '2019-12-28', 18020974, NULL, NULL, NULL, 'Dịch vụ tốt'),
(1098, '2019-06-02', 18021007, '2019-06-06', NULL, 'Chưa giao', NULL),
(1099, '2019-04-20', 18021039, '2019-04-24', '2019-04-23', 'Đã giao và đúng hạn', NULL),
(1100, '2019-05-09', 18021059, '2019-05-13', '2019-05-12', 'Đã giao và đúng hạn', NULL),
(1101, '2019-05-04', 18021072, NULL, NULL, NULL, 'Sản phẩm tốt'),
(1102, '2019-10-14', 18021084, NULL, NULL, NULL, 'Rất hài lòng'),
(1103, '2019-12-23', 18021082, NULL, NULL, NULL, 'Dịch vụ kém'),
(1104, '2019-06-03', 18021165, NULL, NULL, NULL, 'Dịch vụ tốt'),
(1105, '2019-08-08', 18021225, '2019-08-12', NULL, 'Chưa giao', NULL),
(1106, '2019-02-16', 18021260, '2019-02-20', '2019-02-19', 'Đã giao và đúng hạn', NULL),
(1107, '2019-05-20', 18021244, '2019-05-24', '2019-05-23', 'Đã giao và đúng hạn', NULL),
(1108, '2019-09-22', 18021325, NULL, NULL, NULL, 'Nhân viên nhiệt tình'),
(1109, '2019-08-02', 18021339, NULL, NULL, NULL, 'Nhân viên thô lỗ'),
(1110, '2019-05-03', 18021397, NULL, NULL, NULL, 'Sản phẩm tốt'),
(1111, '2019-06-24', 18021416, NULL, NULL, NULL, 'Rất hài lòng'),
(1112, '2019-04-05', 18021422, '2019-04-09', NULL, 'Chưa giao', NULL),
(1113, '2019-06-16', 18021440, '2019-06-20', '2019-06-19', 'Đã giao và đúng hạn', NULL),
(1114, '2019-06-11', 18021444, '2019-06-15', '2019-06-14', 'Đã giao và đúng hạn', NULL),
(1115, '2019-03-26', 18021447, NULL, NULL, NULL, 'Sản phẩm tốt'),
(1116, '2019-06-05', 18020192, NULL, NULL, NULL, 'Rất hài lòng'),
(1117, '2019-07-15', 18020136, NULL, NULL, NULL, 'Dịch vụ kém'),
(1118, '2019-11-17', 18020117, NULL, NULL, NULL, 'Dịch vụ tốt'),
(1119, '2019-12-20', 18020127, '2019-12-24', NULL, 'Chưa giao', NULL),
(1120, '2019-11-22', 18020146, '2019-11-26', '2019-11-25', 'Đã giao và đúng hạn', NULL),
(1121, '2019-12-08', 18020140, '2019-12-12', '2019-12-11', 'Đã giao và đúng hạn', NULL),
(1122, '2019-05-07', 18020199, NULL, NULL, NULL, 'Sản phẩm tốt'),
(1123, '2019-09-02', 18020196, NULL, NULL, NULL, 'Rất hài lòng'),
(1124, '2019-10-18', 18020198, NULL, NULL, NULL, 'Dịch vụ kém'),
(1125, '2019-10-19', 18020210, NULL, NULL, NULL, 'Dịch vụ tốt'),
(1126, '2019-08-13', 18020258, '2019-08-17', NULL, 'Chưa giao', NULL),
(1127, '2019-09-02', 18020262, '2019-09-06', '2019-09-05', 'Đã giao và đúng hạn', NULL),
(1128, '2019-07-16', 18020267, '2019-07-20', '2019-07-19', 'Đã giao và đúng hạn', NULL),
(1129, '2019-07-16', 18020305, NULL, NULL, NULL, 'Nhân viên nhiệt tình'),
(1130, '2019-12-29', 18020365, NULL, NULL, NULL, 'Nhân viên thô lỗ'),
(1131, '2019-10-03', 18020013, NULL, NULL, NULL, 'Sản phẩm tốt'),
(1132, '2019-10-02', 18020417, NULL, NULL, NULL, 'Rất hài lòng'),
(1133, '2019-07-09', 18020405, '2019-07-13', NULL, 'Chưa giao', NULL),
(1134, '2019-09-28', 18020264, '2019-10-02', '2019-10-01', 'Đã giao và đúng hạn', NULL),
(1135, '2019-05-18', 18020287, '2019-05-22', '2019-05-21', 'Đã giao và đúng hạn', NULL),
(1136, '2019-10-19', 18020281, NULL, NULL, NULL, 'Sản phẩm tốt'),
(1137, '2019-09-17', 18020348, NULL, NULL, NULL, 'Rất hài lòng'),
(1138, '2019-11-17', 18020453, NULL, NULL, NULL, 'Dịch vụ kém'),
(1139, '2019-07-28', 18020442, NULL, NULL, NULL, 'Dịch vụ tốt'),
(1140, '2019-08-16', 18020460, '2019-08-20', NULL, 'Chưa giao', NULL),
(1141, '2019-12-11', 18020459, '2019-12-15', '2019-12-14', 'Đã giao và đúng hạn', NULL),
(1142, '2019-09-24', 18020538, '2019-09-28', '2019-09-27', 'Đã giao và đúng hạn', NULL),
(1143, '2019-02-13', 18020583, NULL, NULL, NULL, 'Sản phẩm tốt'),
(1144, '2019-07-11', 18020584, NULL, NULL, NULL, 'Rất hài lòng'),
(1145, '2019-01-01', 18020659, NULL, NULL, NULL, 'Dịch vụ kém'),
(1146, '2019-11-26', 18020644, NULL, NULL, NULL, 'Dịch vụ tốt'),
(1147, '2019-10-11', 18020651, '2019-10-15', NULL, 'Chưa giao', NULL),
(1148, '2019-03-12', 18020663, '2019-03-16', '2019-03-15', 'Đã giao và đúng hạn', NULL),
(1149, '2019-11-25', 18020626, '2019-11-29', '2019-11-28', 'Đã giao và đúng hạn', NULL),
(1150, '2019-02-28', 18020675, NULL, NULL, NULL, 'Nhân viên nhiệt tình'),
(1151, '2019-12-28', 18020688, NULL, NULL, NULL, 'Nhân viên thô lỗ'),
(1152, '2019-09-22', 18020074, NULL, NULL, NULL, 'Sản phẩm tốt'),
(1153, '2019-07-18', 18020731, NULL, NULL, NULL, 'Rất hài lòng'),
(1154, '2019-02-18', 18020855, '2019-02-22', NULL, 'Chưa giao', NULL),
(1155, '2019-05-27', 18020847, '2019-05-31', '2019-05-30', 'Đã giao và đúng hạn', NULL),
(1156, '2019-02-10', 18020856, '2019-02-14', '2019-02-13', 'Đã giao và đúng hạn', NULL),
(1157, '2019-03-03', 18020837, NULL, NULL, NULL, 'Sản phẩm tốt'),
(1158, '2019-08-24', 18020885, NULL, NULL, NULL, 'Rất hài lòng'),
(1159, '2019-07-11', 18020881, NULL, NULL, NULL, 'Dịch vụ kém'),
(1160, '2019-08-11', 18020916, NULL, NULL, NULL, 'Dịch vụ tốt'),
(1161, '2019-10-30', 18020895, '2019-11-03', NULL, 'Chưa giao', NULL),
(1162, '2019-01-28', 18020941, '2019-02-01', '2019-01-31', 'Đã giao và đúng hạn', NULL),
(1163, '2019-08-19', 18020920, '2019-08-23', '2019-08-22', 'Đã giao và đúng hạn', NULL),
(1164, '2019-06-01', 18020979, NULL, NULL, NULL, 'Sản phẩm tốt'),
(1165, '2019-11-09', 18020988, NULL, NULL, NULL, 'Rất hài lòng'),
(1166, '2019-12-16', 18020998, NULL, NULL, NULL, 'Dịch vụ kém'),
(1167, '2020-12-04', 18021054, NULL, NULL, NULL, 'Dịch vụ tốt'),
(1168, '2019-03-31', 18021086, '2019-04-04', NULL, 'Chưa giao', NULL),
(1169, '2019-06-15', 18021079, '2019-06-19', '2019-06-18', 'Đã giao và đúng hạn', NULL),
(1170, '2019-09-18', 18021087, '2019-09-22', '2019-09-21', 'Đã giao và đúng hạn', NULL),
(1171, '2019-08-16', 18021089, NULL, NULL, NULL, 'Rất hài lòng'),
(1172, '2019-03-20', 18021118, NULL, NULL, NULL, 'Rất hài lòng'),
(1173, '2019-01-04', 18021195, NULL, NULL, NULL, 'Rất hài lòng'),
(1174, '2019-08-01', 18021217, NULL, NULL, NULL, 'Rất hài lòng'),
(1175, '2019-08-18', 18021240, '2019-08-22', NULL, 'Chưa giao', NULL),
(1176, '2019-01-21', 18021245, '2019-01-25', '2019-01-24', 'Đã giao và đúng hạn', NULL),
(1177, '2019-03-24', 18021269, '2019-03-28', '2019-03-27', 'Đã giao và đúng hạn', NULL),
(1178, '2019-02-06', 18021273, NULL, NULL, NULL, 'Sản phẩm tốt'),
(1179, '2019-06-20', 18021277, NULL, NULL, NULL, 'Rất hài lòng'),
(1180, '2019-10-01', 18021279, NULL, NULL, NULL, 'Dịch vụ kém'),
(1181, '2019-01-06', 18021294, NULL, NULL, NULL, 'Dịch vụ tốt'),
(1182, '2019-10-01', 18021359, '2019-10-05', NULL, 'Chưa giao', NULL),
(1183, '2019-02-21', 18021367, '2019-02-25', '2019-02-24', 'Đã giao và đúng hạn', NULL),
(1184, '2019-12-21', 18021412, '2019-12-25', '2019-12-24', 'Đã giao và đúng hạn', NULL),
(1185, '2019-07-29', 18021414, NULL, NULL, NULL, 'Rất hài lòng'),
(1186, '2019-02-05', 18020063, NULL, NULL, NULL, 'Rất hài lòng'),
(1187, '2019-12-24', 18020065, NULL, NULL, NULL, 'Rất hài lòng'),
(1188, '2019-02-05', 18021451, NULL, NULL, NULL, 'Rất hài lòng');

-- --------------------------------------------------------

--
-- Cấu trúc bảng cho bảng `products`
--

CREATE TABLE `products` (
  `productCode` varchar(15) NOT NULL,
  `keywords` varchar(50) NOT NULL,
  `productLine` varchar(50) NOT NULL,
  `productName` varchar(30) NOT NULL,
  `image` text NOT NULL,
  `productQuantity` int(10) UNSIGNED NOT NULL,
  `price` int(10) UNSIGNED NOT NULL,
  `producer` varchar(30) NOT NULL,
  `productDescription` text DEFAULT NULL
) ENGINE=InnoDB DEFAULT CHARSET=utf8mb4;

--
-- Đang đổ dữ liệu cho bảng `products`
--

INSERT INTO `products` (`productCode`, `keywords`, `productLine`, `productName`, `image`, `productQuantity`, `price`, `producer`, `productDescription`) VALUES
('DAC-01', 'Đồ ăn, chăm sóc, sức khỏe, chó', 'Đồ ăn cho chó', 'Smartheart puppy', 'https://drive.google.com/open?id=1MpROsX8sVTXK6ozLJbSqCbHqcS_sYDWf', 100, 50, 'PetInc', 'Sản phẩm dành cho chó từ 1 đến 2 năm tuổi'),
('DAC-02', 'Đồ ăn, chăm sóc, sức khỏe, chó', 'Đồ ăn cho chó', 'King\' pet', 'https://drive.google.com/open?id=19c6ETLQT4El9McAgpH9akQbw9QJ3lgD2', 100, 55, 'PetInc', 'Đồ ăn phù hợp cho chó ở mọi lứa tuổi'),
('DAC-03', 'Đồ ăn, chăm sóc, sức khỏe, chó', 'Đồ ăn cho chó', 'Bánh quy chó hình xương ', 'https://drive.google.com/open?id=1VLC6i4N9Vv_-5LQlvp6PveyyHHuueT3w', 100, 60, 'PetInc', 'Có hương vị và hình dáng giống xương thật giúp chó ngon miệng'),
('DAC-04', 'Đồ ăn, chăm sóc, sức khỏe, chó', 'Đồ ăn cho chó', 'Gel dinh dưỡng ', 'https://drive.google.com/open?id=1VLoyOA6EE9h6fYAbRoL7VwUO5veQxe-o', 100, 65, 'PetInc', 'Bổ sung dinh dưỡng nhanh cho chó'),
('DAC-05', 'Đồ ăn, chăm sóc, sức khỏe, chó', 'Đồ ăn cho chó', 'Taotaopet', 'https://drive.google.com/open?id=17hpLTIDukCDzGVNWHP6cBzkTzbvcYf7g', 100, 70, 'PetInc', 'Xúc xích ngon cho chó'),
('DAC-06', 'Đồ ăn, chăm sóc, sức khỏe, chó', 'Đồ ăn cho chó', 'Immupact', 'https://drive.google.com/open?id=1pEWdsircM9kH4vdbigPt6PxKVALBfDpY', 100, 75, 'PetInc', 'Tăng cường khả năng miễn dịch cho chó'),
('DAC-07', 'Đồ ăn, chăm sóc, sức khỏe, chó', 'Đồ ăn cho chó', 'Kitedog ', 'https://drive.google.com/open?id=1vvo0G9-J6mnwANqDDj_c0s72zwTlbrDY', 100, 80, 'PetInc', 'Socola đặc chế dành cho chó'),
('DAC-08', 'Đồ ăn, chăm sóc, sức khỏe, chó', 'Đồ ăn cho chó', 'Jerky ', 'https://drive.google.com/open?id=1WmbuxN6DBSs9xUPr0eyJG4i9F4tl0EbU', 100, 85, 'PetInc', 'Có giá trị dinh dưỡng cao và nhiều tính năng như: Kiểm sốt mùi hôi răng miệng. bổ sung vitamin và dưỡng chất cho thú cưng, tốt cho hệ miễn dịch và tiêu hóa'),
('DAC-09', 'Đồ ăn, chăm sóc, sức khỏe, chó', 'Đồ ăn cho chó', 'Đồ thưởng cho chó', 'https://drive.google.com/open?id=1XnRwK095xyg2mZkrApvopWAye8mnvDoY', 100, 90, 'PetInc', NULL),
('DAC-10', 'Đồ ăn, chăm sóc, sức khỏe, chó', 'Đồ ăn cho chó', 'Ganador vị sữa Ganador sữa ', 'https://drive.google.com/open?id=1dCbYmHZ-PqnHvWgpFkMlGdpy8DttE2Yw', 100, 95, 'PetInc', 'Với DHA phù hợp cho nhu cầu tăng trưởng của Chó con nhiều giống loài và kích cỡ trong giai đoạn những năm đầu đời.'),
('DAC-11', 'Đồ ăn, chăm sóc, sức khỏe, chó', 'Đồ ăn cho chó', 'Ganador vị cá hồi', 'https://drive.google.com/open?id=1ib73_3A_n0aoB69aqqdyO7XWRx5wBHxi', 100, 100, 'PetInc', 'Thức ăn cho chó trưởng thành vị cá hồi và gạo Ganador Adult Salmon and Rice được làm từ cá hồi thật, giàu vitamin B tự nhiên, tham gia sản xuất năng lượng. Bổ sung Omega 3 và 6 cho làn da và bộ lông khỏe mạnh. Thành phần gạo/cơm và yucca cho tiêu hóa tốt và giảm mùi. Canxi, phốt pho và đạm cân đối giúp xương và cơ khỏe mạnh'),
('DAC-12', 'Đồ ăn, chăm sóc, sức khỏe, chó', 'Đồ ăn cho chó', 'Dental Gum ', 'https://drive.google.com/open?id=13d2Y3rvlaeTEfrEBbEMv1lmJFVwnSp0Q', 100, 105, 'PetInc', 'Đồ Ăn Vặt Xương Gặm Sạch Răng Thơm Miệng Nha Khoa Vị Sữa Milk & Dental Gum Denteal EffEcts 160g'),
('DAC-13', 'Đồ ăn, chăm sóc, sức khỏe, chó', 'Đồ ăn cho chó', 'Hạt Hàn Quốc', 'https://drive.google.com/open?id=1ajLI-fgivCjTcZjFxGa7FDZOnXrfz1z9', 100, 110, 'PetInc', 'Đồ cao cấp xuất xứ từ Hàn Quốc'),
('DAC-14', 'Đồ ăn, chăm sóc, sức khỏe, chó', 'Đồ ăn cho chó', 'Pure and Nature', 'https://drive.google.com/open?id=1qYsKnvyOXFhk7H8Q6DtogTEsaJC0O7kR', 100, 115, 'PetInc', 'Nguyên liệu hoàn toàn tự nhiên tốt cho sức khỏe'),
('DAC-15', 'Đồ ăn, chăm sóc, sức khỏe, chó', 'Đồ ăn cho chó', 'Fineset', 'https://drive.google.com/open?id=1QPpUOu5pWQVT50bu5vaWL8RRvuGoomuq', 100, 120, 'PetInc', 'Thực phẩm giảm cân dành cho chó'),
('DAC-16', 'Đồ ăn, chăm sóc, sức khỏe, chó', 'Đồ ăn cho chó', 'Royal Canin Puppy', 'https://drive.google.com/open?id=1K2euruUmmzYGmmCx_8YYyrj6mZa50V3f', 100, 125, 'PetInc', 'Hạt khô cao cấp đang bán chạy nhất hiện nay'),
('DAC-17', 'Đồ ăn, chăm sóc, sức khỏe, chó', 'Đồ ăn cho chó', 'Pro Plan', 'https://drive.google.com/open?id=1wDV0DzgRBZGSD7KyD0QtUNl22m7N0mXj', 100, 130, 'PetInc', 'Với DHA phù hợp cho nhu cầu tăng trưởng của Chó con nhiều giống loài và kích cỡ trong giai đoạn những năm đầu đời.'),
('DAC-18', 'Đồ ăn, chăm sóc, sức khỏe, chó', 'Đồ ăn cho chó', 'Buzz', 'https://drive.google.com/open?id=1T9_ggdZ9z79rjD2deItc09QgbFVAAlnU', 100, 135, 'PetInc', 'Thức tỉnh mọi giác quan'),
('DAC-19', 'Đồ ăn, chăm sóc, sức khỏe, chó', 'Đồ ăn cho chó', 'Hạt Hàn Quốc vị dâu', 'https://drive.google.com/open?id=1-48tISKpGVdDcOHS8r3dwd2TWv2jtr5t', 100, 140, 'PetInc', 'Đồ cao cấp xuất xứ từ Hàn Quốc'),
('DAC-20', 'Đồ ăn, chăm sóc, sức khỏe, chó', 'Đồ ăn cho chó', 'Máy cho ăn tự động', 'https://drive.google.com/open?id=1RgUMsUKhYfK0vVUKe0N5UPkCgIwFAnUy', 100, 145, 'PetInc', 'Boss sẽ được ăn uống đúng giờ ngay cả khi bạn không có ở nhà'),
('DAM-01', 'Đồ ăn, chăm sóc, sức khỏe, mèo', 'Đồ ăn cho mèo', 'Cateye - Thức ăn Hàn Quốc cho ', 'https://drive.google.com/open?id=1WrLosEpjvHdVsmkWIbr2oLSH8HwhvA7_', 150, 175, 'Dog&Cat Corp', 'Thức ăn Hàn Quốc cho mèo'),
('DAM-02', 'Đồ ăn, chăm sóc, sức khỏe, mèo', 'Đồ ăn cho mèo', 'Whiskas', 'https://drive.google.com/open?id=1PhSWkvLCyGt9L9xT66lZVc8PYPW4hjWa', 150, 180, 'Dog&Cat Corp', 'Thức ăn cho mèo gồm các vị Cá thu, Cá biển'),
('DAM-03', 'Đồ ăn, chăm sóc, sức khỏe, mèo', 'Đồ ăn cho mèo', 'Me-O ', 'https://drive.google.com/open?id=1sW59-yI0CIXIaETgp-LSLVMuQzLqET4i', 150, 185, 'Dog&Cat Corp', 'Sản phẩm dành cho mèo trưởng thành đang bán chạy nhất trên thị trường'),
('DAM-04', 'Đồ ăn, chăm sóc, sức khỏe, mèo', 'Đồ ăn cho mèo', 'Máy cho ăn tự động', 'https://drive.google.com/open?id=1bIi6DEU7bS1tGNAHjM0KKEZlcbHhrAYW', 150, 190, 'Dog&Cat Corp', 'Boss sẽ được ăn uống đúng giờ ngay cả khi bạn không có ở nhà'),
('DAM-05', 'Đồ ăn, chăm sóc, sức khỏe, mèo', 'Đồ ăn cho mèo', 'Catsrang ', 'https://drive.google.com/open?id=1OROyvDYzzyXgFkE5-Ojx4SzD0-PSVDw5', 150, 195, 'Dog&Cat Corp', 'Thức ăn cho mèo đủ vị'),
('DAM-06', 'Đồ ăn, chăm sóc, sức khỏe, mèo', 'Đồ ăn cho mèo', 'Pro Cat', 'https://drive.google.com/open?id=1YnGCfVp5Ny8lQam9qq100C0npYkQ9OCZ', 150, 200, 'Dog&Cat Corp', 'Sản phẩm dành cho mèo trưởng thành đang bán chạy nhất trên thị trường'),
('DAM-07', 'Đồ ăn, chăm sóc, sức khỏe, mèo', 'Đồ ăn cho mèo', 'Joy', 'https://drive.google.com/open?id=1vtDryKp1M3GEH6dYrmPSq_xgTLauqGQj', 150, 205, 'Dog&Cat Corp', 'Hạt thức ăn cho mèo vị cá ngừ'),
('DAM-08', 'Đồ ăn, chăm sóc, sức khỏe, mèo', 'Đồ ăn cho mèo', 'Formula ', 'https://drive.google.com/open?id=1Cnj6oYML0i6bd-QfHk4G4UsAIOf2nYK_', 150, 210, 'Dog&Cat Corp', 'Thức ăn giúp tăng IQ cho mèo nhà bạn'),
('DAM-09', 'Đồ ăn, chăm sóc, sức khỏe, mèo', 'Đồ ăn cho mèo', 'Nekko ', 'https://drive.google.com/open?id=1TJbFJIFPf0qtbJRoQsiiuA6eHabaj5Ei', 150, 215, 'Dog&Cat Corp', 'Pate dạng thạch dành cho mèo'),
('DAM-10', 'Đồ ăn, chăm sóc, sức khỏe, mèo', 'Đồ ăn cho mèo', 'Royal canin kitten ', 'https://drive.google.com/open?id=1YZ1_b02jat-zwWw-BY5egSA5JswzZRH-', 150, 220, 'Dog&Cat Corp', 'Sản phẩm dành cho mèo con'),
('DAM-11', 'Đồ ăn, chăm sóc, sức khỏe, mèo', 'Đồ ăn cho mèo', 'KiteKat', 'https://drive.google.com/open?id=1vvo0G9-J6mnwANqDDj_c0s72zwTlbrDY', 150, 225, 'Dog&Cat Corp', 'Socola đặc chế dành cho mèo'),
('DAV-01', 'Đồ ăn, chăm sóc, sức khỏe, chim, vẹt', 'Đồ ăn cho vẹt', 'Sữa tiệt trùng', 'https://drive.google.com/open?id=17J4btAozrzEj_nb06RQdoZBDJEPGhWMH', 180, 265, 'Tom Company', 'Sữa dinh dưỡng đặc chế cho vẹt'),
('DAV-02', 'Đồ ăn, chăm sóc, sức khỏe, chim, vẹt', 'Đồ ăn cho vẹt', 'Tazzu ', 'https://drive.google.com/open?id=1tUt2xPgL0_dL8F8v24Mwu2Iz2r41s0py', 180, 270, 'Tom Company', 'Đồ ăn khô dinh dưỡng cho vẹt'),
('DAV-03', 'Đồ ăn, chăm sóc, sức khỏe, chim, vẹt', 'Đồ ăn cho vẹt', 'Kihd ', 'https://drive.google.com/open?id=1K7c2Ko-qdJ8xlYcAVgj8wQnjX8z8K3LO', 180, 275, 'Tom Company', 'Hạt khô cho chim từ 1 đến 2 tháng tuổi'),
('DAV-04', 'Đồ ăn, chăm sóc, sức khỏe, chim, vẹt', 'Đồ ăn cho vẹt', 'Zupreem ', 'https://drive.google.com/open?id=10PAkD7haYF3KtsvR88S71J_VSiKPvOq7', 180, 280, 'Tom Company', 'Đồ ăn làm từ trái cây tự nhiên dành cho vẹt nhà bạn'),
('DAV-05', 'Đồ ăn, chăm sóc, sức khỏe, chim, vẹt', 'Đồ ăn cho vẹt', 'Kaytee ', 'https://drive.google.com/open?id=1ApWphHgA2B2_T1fph7z1sTvjZSQFmeSj', 180, 285, 'Tom Company', 'Sản phâm dinh dưỡng dành cho chim non'),
('DCC-01', 'Đồ chơi, chăm sóc, sức khỏe, chó, giải trí, đồ dùn', 'Đồ dùng cho chó', 'Áo Boss', 'https://drive.google.com/open?id=1Qca75gBx7WekeLJOH9a6dWblTQWuXhHH', 50, 150, 'Dog&Cat Corp', 'Tăng thêm vẻ đẹp cho Boss'),
('DCC-02', 'Đồ chơi, chăm sóc, sức khỏe, chó, giải trí, đồ dùn', 'Đồ dùng cho chó', 'Vòng chống liếm', 'https://drive.google.com/open?id=1qG6VljRWiDmWS5TFwQTSQuYEsUUT7Q7J', 50, 155, 'Dog&Cat Corp', 'Đeo quanh cổ để boss không tự liếm vào các vết thương'),
('DCC-03', 'Đồ chơi, chăm sóc, sức khỏe, chó, giải trí, đồ dùn', 'Đồ dùng cho chó', 'Con gà la hét', 'https://drive.google.com/open?id=1wVDHd1grskKe_3KeAMwXMV-28QPGrR7l', 50, 160, 'Dog&Cat Corp', 'Sản phẩm hữu dụng dùng để chọc chó'),
('DCC-04', 'Đồ chơi, chăm sóc, sức khỏe, chó, giải trí, đồ dùn', 'Đồ dùng cho chó', 'Đệm nằm', 'https://drive.google.com/open?id=168BUt8XUOdxJ4h58RuCuXZ_u07ZrHU_y', 50, 165, 'Dog&Cat Corp', 'Đặt tại vị trí ngủ của chó cưng để chó có giấc mơ đẹp'),
('DCC-05', 'Đồ chơi, chăm sóc, sức khỏe, chó, giải trí, đồ dùn', 'Đồ dùng cho chó', 'Bóng chuột giả', 'https://drive.google.com/open?id=1f-JU7dBPHVS_OefzlAiwIOCdUAQWHLFz', 50, 170, 'Dog&Cat Corp', 'Dùng để chơi đuổi bắt với chó'),
('DCM-01', 'Đồ chơi, chăm sóc, sức khỏe, mèo, giải trí, đồ dùn', 'Đồ dùng cho mèo', 'Balo phi hành gia', 'https://drive.google.com/open?id=17G-_hUxN8RqLzG_LqWM62ze6ebYP4WPw', 200, 230, 'PrettyPet Shop', 'Đeo boss trên vai trên mọi ngả đường'),
('DCM-02', 'Đồ chơi, chăm sóc, sức khỏe, mèo, giải trí, đồ dùn', 'Đồ dùng cho mèo', 'Áo Boss', 'https://drive.google.com/open?id=1x6S5IqHt-hmRqkyH1bpTen79CvWLqkh3', 200, 235, 'PrettyPet Shop', 'Tăng thêm vẻ đẹp cho Boss'),
('DCM-03', 'Đồ chơi, chăm sóc, sức khỏe, mèo, giải trí, đồ dùn', 'Đồ dùng cho mèo', 'Vòng chống liếm', 'https://drive.google.com/open?id=1ILPiKmjcObmmhqTStbwoINP2QIO-ig59', 200, 240, 'PrettyPet Shop', 'Đeo quanh cổ để boss không tự liếm vào các vết thương'),
('DCM-04', 'Đồ chơi, chăm sóc, sức khỏe, mèo, giải trí, đồ dùn', 'Đồ dùng cho mèo', 'Con gà la hét', 'https://drive.google.com/open?id=1TPSkxjJESiVF-Htz6Tua7E8CrmiKi_a0', 200, 245, 'PrettyPet Shop', 'Sản phẩm hữu dụng dùng để chọc mèo'),
('DCM-05', 'Đồ chơi, chăm sóc, sức khỏe, mèo, giải trí, đồ dùn', 'Đồ dùng cho mèo', 'Túi vận chuyển pet đường dài', 'https://drive.google.com/open?id=1Sv39NPtTG_AV8rfi4PbA7Nhua8VSmPJC', 200, 250, 'PrettyPet Shop', 'Mang boss theo trong cuộc du lịch, về quê'),
('DCM-06', 'Đồ chơi, chăm sóc, sức khỏe, mèo, giải trí, đồ dùn', 'Đồ dùng cho mèo', 'Đệm nằm', 'https://drive.google.com/open?id=1KiOuwmr-KZ2A58B0bXBH2nN8Jam2Ldet', 200, 255, 'PrettyPet Shop', 'Đặt tại vị trí ngủ của mèo cưng để mèo có giấc mơ đẹp'),
('DCM-07', 'Đồ chơi, chăm sóc, sức khỏe, mèo, giải trí, đồ dùn', 'Đồ dùng cho mèo', 'Bóng chuột giả', 'https://drive.google.com/open?id=1zyg8NsVXrp0bpQ_h-N25x8mJnH2-Z6xD', 200, 260, 'PrettyPet Shop', 'Dùng để chơi đuổi bắt với mèo'),
('DCV-01', 'Đồ chơi, chăm sóc, sức khỏe, vẹt , giải trí, đồ dù', 'Đồ dùng cho vẹt', 'Dây đậu trên không', 'https://drive.google.com/open?id=1F-LmVPAzXrGnLAYQj3IZWVYCI8scaAt1', 120, 290, 'Vin Group', 'Tạo thêm nhiều vị trí đậu trong lồng cho vẹt'),
('DCV-02', 'Đồ chơi, chăm sóc, sức khỏe, vẹt , giải trí, đồ dù', 'Đồ dùng cho vẹt', 'Vòng gỗ nhiều màu ', 'https://drive.google.com/open?id=1OrtNHQWF16D74ibC1mg5pgcuaOSTDnyc', 120, 295, 'Vin Group', 'Trang trí cho lồng chim'),
('DCV-03', 'Đồ chơi, chăm sóc, sức khỏe, vẹt , giải trí, đồ dù', 'Đồ dùng cho vẹt', 'Cú đồ chơi', 'https://drive.google.com/open?id=1LEzCxuMyDMcGVsJBxxb_3aMg0mJ-_O6E', 120, 300, 'Vin Group', 'Thêm bạn cho vẹt cưng'),
('DCV-04', 'Đồ chơi, chăm sóc, sức khỏe, vẹt , giải trí, đồ dù', 'Đồ dùng cho vẹt', 'Lồng thủy tinh', 'https://drive.google.com/open?id=1EbUnQ8mp5ueuChba8BeUMm6yi_Noiir2', 120, 305, 'Vin Group', 'Đổi mới căn nhà cho vẹt'),
('DCV-05', 'Đồ chơi, chăm sóc, sức khỏe, vẹt , giải trí, đồ dù', 'Đồ dùng cho vẹt', 'Dây gỗ hạt tròn nhiều màu', 'https://drive.google.com/open?id=1O4O2ShW4drwtKoiEFxyjCUXSt_hNExnF', 120, 310, 'Vin Group', 'Trang trí cho lồng vẹt'),
('DCV-06', 'Đồ chơi, chăm sóc, sức khỏe, vẹt , giải trí, đồ dù', 'Đồ dùng cho vẹt', 'Phụ kiện sặc sỡ cho lồng vẹt', 'https://drive.google.com/open?id=12zHHfd9wlMTkWk7u5tOTO5wozM5P--6p', 120, 315, 'Vin Group', 'Trang trí cho lồng vẹt'),
('DCV-07', 'Đồ chơi, chăm sóc, sức khỏe, vẹt , giải trí, đồ dù', 'Đồ dùng cho vẹt', 'Bộ 7 thanh đậu cho chim ', 'https://drive.google.com/open?id=17O1bET7OHle_jYoyhXZHgeZG2bOMZ6Nu', 120, 320, 'Vin Group', 'Tạo thêm nhiều vị trí đậu trong lồng cho vẹt'),
('DCV-08', 'Đồ chơi, chăm sóc, sức khỏe, vẹt , giải trí, đồ dù', 'Đồ dùng cho vẹt', 'Dây chuông nhỏ', 'https://drive.google.com/open?id=1yJr_0vLSBhPTJ9JDadkImZFHVWc77SUG', 120, 325, 'Vin Group', 'Trang trí cho lồng vẹt'),
('DCV-09', 'Đồ chơi, chăm sóc, sức khỏe, vẹt , giải trí, đồ dù', 'Đồ dùng cho vẹt', 'Dây bóng tròn', 'https://drive.google.com/open?id=1wblGbFKtPZl-02U56MWH3HID9iW4lGwq', 120, 330, 'Vin Group', 'Trang trí cho lồng vẹt'),
('DCV-10', 'Đồ chơi, chăm sóc, sức khỏe, vẹt , giải trí, đồ dù', 'Đồ dùng cho vẹt', 'Dây có đính ngôi sao', 'https://drive.google.com/open?id=1atfe9bdM_dPks2YcBnYWlyAsReIkoc_q', 120, 335, 'Vin Group', 'Trang trí cho lồng vẹt'),
('DCV-11', 'Đồ chơi, chăm sóc, sức khỏe, vẹt , giải trí, đồ dù', 'Đồ dùng cho vẹt', 'Thanh đứng dọc', 'https://drive.google.com/open?id=1Xw6Kq7aa2QiCi3gd6P_LYEuau7g1Q07E', 120, 340, 'Vin Group', 'Tạo thêm nhiều vị trí đậu trong lồng cho vẹt'),
('DCV-12', 'Đồ chơi, chăm sóc, sức khỏe, vẹt , giải trí, đồ dù', 'Đồ dùng cho vẹt', 'Bàn đứng lớn', 'https://drive.google.com/open?id=1s5KX0jdwq_sUeM6qOOOCLPhBo4XQsF5f', 120, 345, 'Vin Group', 'Tạo thêm nhiều vị trí đậu trong lồng cho vẹt'),
('DCV-13', 'Đồ chơi, chăm sóc, sức khỏe, vẹt , giải trí, đồ dù', 'Đồ dùng cho vẹt', 'Hộp đựng thức ăn', 'https://drive.google.com/open?id=1_Sc77bWz5zoMhU-1SwwqD1DvS-Fly3vX', 120, 350, 'Vin Group', 'Treo thức ăn trên không'),
('DCV-14', 'Đồ chơi, chăm sóc, sức khỏe, vẹt , giải trí, đồ dù', 'Đồ dùng cho vẹt', 'Lồng đựng thức ăn ngoài trời', 'https://drive.google.com/open?id=1R7O56D4q0ZthPxUGh0-26iAOyEjFTKaC', 120, 355, 'Vin Group', 'Đựng thức ăn cho vẹt'),
('DCV-15', 'Đồ chơi, chăm sóc, sức khỏe, vẹt , giải trí, đồ dù', 'Đồ dùng cho vẹt', 'Máy cho ăn tự động', 'https://drive.google.com/open?id=17lQp7EenS3QHiiVMydB1IveMROKomYM5', 120, 360, 'Vin Group', 'Vẹt sẽ được ăn uống đúng giờ ngay cả khi bạn không có ở nhà'),
('DCV-16', 'Đồ chơi, chăm sóc, sức khỏe, vẹt , giải trí, đồ dù', 'Đồ dùng cho vẹt', 'Tổ chim giả', 'https://drive.google.com/open?id=1bZdaiZpDEb4qwCyaoMj-pyTINLZpJYey', 120, 365, 'Vin Group', 'Trang trí nhà cửa'),
('DCV-17', 'Đồ chơi, chăm sóc, sức khỏe, vẹt , giải trí, đồ dù', 'Đồ dùng cho vẹt', 'Đồ chơi hình chim kiểng', 'https://drive.google.com/open?id=1FW1aoSwDi_uLC6Z3lpCOHr3xsvFPK23m', 120, 370, 'Vin Group', 'Trang trí nhà cửa'),
('DCV-18', 'Đồ chơi, chăm sóc, sức khỏe, vẹt , giải trí, đồ dù', 'Đồ dùng cho vẹt', 'Xô đựng thức ăn mini', 'https://drive.google.com/open?id=1vgfSFOH0M8Ni-9LbMfFmVSDktOdAmRMo', 120, 375, 'Vin Group', 'Đựng thức ăn cho vẹt'),
('DCV-19', 'Đồ chơi, chăm sóc, sức khỏe, vẹt , giải trí, đồ dù', 'Đồ dùng cho vẹt', 'Dây đậu ngang treo chuông', 'https://drive.google.com/open?id=1GFGbWl44vim-lp19fwaZStAiWV0MyaVh', 120, 380, 'Vin Group', 'Tạo thêm nhiều vị trí đậu trong lồng cho vẹt'),
('DCV-20', 'Đồ chơi, chăm sóc, sức khỏe, vẹt , giải trí, đồ dù', 'Đồ dùng cho vẹt', 'Thang leo đồ chơi ', 'https://drive.google.com/open?id=1geYGpHdToFnRYionnhHeJDTzIwWaOlxn', 120, 385, 'Vin Group', 'Dành cho vẹt giải trí, tập thể dục'),
('DCV-21', 'Đồ chơi, chăm sóc, sức khỏe, vẹt , giải trí, đồ dù', 'Đồ dùng cho vẹt', 'Cột chứa thức ăn', 'https://drive.google.com/open?id=19lwHqq6kqLwBEn-Ja3syIDwubZmQ0oim', 120, 390, 'Vin Group', 'Đựng thức ăn cho vẹt'),
('DCV-22', 'Đồ chơi, chăm sóc, sức khỏe, vẹt , giải trí, đồ dù', 'Đồ dùng cho vẹt', 'Vòng đậu đủ màu', 'https://drive.google.com/open?id=1J0lUUmaImCHcoMUYwa8ilwxEnkP6gMa4', 120, 395, 'Vin Group', 'Tạo thêm nhiều vị trí đậu trong lồng cho vẹt'),
('DCV-23', 'Đồ chơi, chăm sóc, sức khỏe, vẹt , giải trí, đồ dù', 'Đồ dùng cho vẹt', 'Thanh đậu ngang vintage', 'https://drive.google.com/open?id=1-tLXEtJNJH8vI5eOoH75jMnW0Jipt1n9', 120, 400, 'Vin Group', 'Chỗ đậu sang chảnh bằng gỗ cho vẹt'),
('DCV-24', 'Đồ chơi, chăm sóc, sức khỏe, vẹt , giải trí, đồ dù', 'Đồ dùng cho vẹt', 'Lồng chứa hạt ', 'https://drive.google.com/open?id=1VoDXwVCeWe3Q9kxwMjsfeXsxtd4B8fEv', 120, 405, 'Vin Group', 'Đựng thức ăn cho vẹt'),
('DCV-25', 'Đồ chơi, chăm sóc, sức khỏe, vẹt , giải trí, đồ dù', 'Đồ dùng cho vẹt', 'Bóng chuột giả', 'https://drive.google.com/open?id=1kcHcBos9VmVY-s1TgkLpfey3-JZwej_e', 120, 410, 'Vin Group', 'Đồ giải trí cho vẹt'),
('DCV-26', 'Đồ chơi, chăm sóc, sức khỏe, vẹt , giải trí, đồ dù', 'Đồ dùng cho vẹt', 'Đồ ngặm cắn/mổ ', 'https://drive.google.com/open?id=1u4MGrw6gU5J42Upj7GX3ia34D1M-9tgs', 120, 415, 'Vin Group', 'Vị trí để chim mổ vào'),
('DCV-27', 'Đồ chơi, chăm sóc, sức khỏe, vẹt , giải trí, đồ dù', 'Đồ dùng cho vẹt', 'Thang đi bộ ', 'https://drive.google.com/open?id=1rnxpb1xP9S0lWJZthW5NTp7H9M137bOS', 120, 420, 'Vin Group', 'Giúp vẹt di chuyển linh động trong lồng'),
('DCV-28', 'Đồ chơi, chăm sóc, sức khỏe, vẹt , giải trí, đồ dù', 'Đồ dùng cho vẹt', 'Bình đựng nước trắng', 'https://drive.google.com/open?id=1lFUPzAHxDBIJdqOD0qtRTtd4u-louKXd', 120, 425, 'Vin Group', 'Đựng nước cho vẹt'),
('DCV-29', 'Đồ chơi, chăm sóc, sức khỏe, vẹt , giải trí, đồ dù', 'Đồ dùng cho vẹt', 'Dây mổ đan', 'https://drive.google.com/open?id=1Dj-D5ApmEdPG54MbYVdmvwlSsc7SOLki', 120, 430, 'Vin Group', 'Vị trí để chim mổ vào');

--
-- Chỉ mục cho các bảng đã đổ
--

--
-- Chỉ mục cho bảng `customers`
--
ALTER TABLE `customers`
  ADD PRIMARY KEY (`customerNumber`),
  ADD KEY `fk_cus_employee` (`severEmployeeNumber`);

--
-- Chỉ mục cho bảng `employees`
--
ALTER TABLE `employees`
  ADD PRIMARY KEY (`employeeNumber`);

--
-- Chỉ mục cho bảng `orderdetails`
--
ALTER TABLE `orderdetails`
  ADD PRIMARY KEY (`orderNumber`),
  ADD KEY `pk_productCode_product` (`productCode`);

--
-- Chỉ mục cho bảng `orders`
--
ALTER TABLE `orders`
  ADD PRIMARY KEY (`orderNumber`);

--
-- Chỉ mục cho bảng `products`
--
ALTER TABLE `products`
  ADD PRIMARY KEY (`productCode`);

--
-- Các ràng buộc cho các bảng đã đổ
--

--
-- Các ràng buộc cho bảng `customers`
--
ALTER TABLE `customers`
  ADD CONSTRAINT `fk_cus_employee` FOREIGN KEY (`severEmployeeNumber`) REFERENCES `employees` (`employeeNumber`) ON DELETE CASCADE ON UPDATE CASCADE;

--
-- Các ràng buộc cho bảng `orderdetails`
--
ALTER TABLE `orderdetails`
  ADD CONSTRAINT `pk_ordertail_order` FOREIGN KEY (`orderNumber`) REFERENCES `orders` (`orderNumber`) ON DELETE CASCADE ON UPDATE CASCADE,
  ADD CONSTRAINT `pk_productCode_product` FOREIGN KEY (`productCode`) REFERENCES `products` (`productCode`) ON DELETE CASCADE ON UPDATE CASCADE;
COMMIT;

/*!40101 SET CHARACTER_SET_CLIENT=@OLD_CHARACTER_SET_CLIENT */;
/*!40101 SET CHARACTER_SET_RESULTS=@OLD_CHARACTER_SET_RESULTS */;
/*!40101 SET COLLATION_CONNECTION=@OLD_COLLATION_CONNECTION */;
